"共有model数","item_name 中文","model_name 中文","目标价","model_image_susercontent","product_link","L2 中文","L3 中文","邀请码","model_id","final_1688_link","price judge","展示日期","item_id","item下最高价","特殊tag","日均销售额","日均单量","asp_tag_by_l1"
"1","EKLEVA M15 5英寸导航摩托车防水无线安卓车载苹果CarPlay显示屏便携式摩托车显示器","M15 Carplay","194.1","https://cf.shopee.com.my/file/cn-11134207-820l4-mm5v49nzoumc7f","http://shopee.com.my/product/66870141/51600779729","摩托车配件","速度表、里程表和仪表","IVCN202608175751","'390071196886","https://detail.1688.com/offer/972757603204.html?spm=a26352.b28411319/2508.0.0","P1","'08-24","'51600779729","194.1","","100-300美金","100-200单","高价品"
"1","Heng Suphan 预制气缸套,适用于 W125/125i,规格为 57/59/66mm,硬度等级为 90HRB。","59毫米。","85","https://cf.shopee.co.th/file/th-11134207-81ztg-mlhfki8a6b5v33","http://shopee.co.th/product/1354949000/57706851561","其他的","","IVCN202608175981","'365612916025","相似款：https://detail.1688.com/offer/796690313759.html?fromkv=cbuPcPlugin:imageSearchDrawerCard&spm=a2639h.29135425.offerlist.i0&source=action%23offerItem%3Borigin%23cf.shopee.co.th&amug_biz=oneself&amug_fl_src=awakeId_982","P0","'08-24","'57706851561","85","","60-80美金","60-80单","高价品"
"1","EJEAS Type C V6C Pro + 专业足球裁判对讲机 BT5.1 适用于 2 个双工通话自行车耳机","1件","73","https://cf.shopee.com.br/file/cn-11134207-820l4-mj3tqmctzfur0c","http://shopee.com.br/product/1678930077/57854133072","摩托车头盔及配件","","IVCN202608172159","'410392683645","相似款：https://detail.1688.com/offer/970318758395.html?fromkv=cbuPcPlugin:imageSearchDrawerCard&spm=a2639h.29135425.offerlist.i0&source=action%23offerItem%3Borigin%23cf.shopee.com.br&amug_biz=oneself&amug_fl_src=awakeId_982","P0","'08-24","'57854133072","73","","20-40美金","20-40单","高价品"
"1","AYOTO Beat V1 V2 V3 RGB LED 尾灯,210 种动态模式,亚克力透明灯罩,可调节刹车灯,色彩鲜艳,即插即用,适用于 Beat V1/V2/V3。","beat v2 RGB 尾灯","58","https://cf.shopee.ph/file/cn-11134207-820l4-monpq39sjksscc","http://shopee.ph/product/1729612082/56661093071","摩托车零配件","灯光","IVCN202608175583","'282643692457","无同款","P0","'08-24","'56661093071","58","","20-40美金","20-40单","高价品"
"1","Cluch Bell 定制离合器壳体/带铣削,适用于 Cartel、Nmax、Aerox/Nvx、Lexi、Vario、PCX、Adv Holes","孔 + 精细卡特尔,Aerox / Nvx,旧/新","52.44","https://cf.shopee.com.my/file/id-11134207-7ra0l-mddhvq66027w94","http://shopee.com.my/product/806116567/43862639361","摩托车零配件","传动系统、变速器和离合器","IVCN202608175581","'291060391403","无同款","P1","'08-24","'43862639361","52.44","","80-100美金","80-100单","高价品"
"1","KSR EVO KENADA RACING 28/30/32/34mm 化油器 赛车用平滑式 Raider 150 PWK KSR NSR OKO","KENADA品牌,34毫米","51.65","https://cf.shopee.ph/file/cn-11134207-7r98o-lx2bw6h0vy9x0b","http://shopee.ph/product/139042172/2909695131","摩托车零配件","燃油系统","IVCN202608175191","'246101456171","https://detail.1688.com/offer/959230581678.html?k","P1","'08-24","'2909695131","51.65","","20-40美金","20-40单","高价品"
"1","适用于 WAVE S 125/XRM/RS/SYM/SMASH 的轮毂套件","镀铬套装 9 件套","51.16","https://cf.shopee.ph/file/ph-11134207-7rasl-m8akh2h9xtpa5a","http://shopee.ph/product/366818272/28354898867","摩托车零配件","车轮、轮辋及配件","IVCN202608175615","'215962891924","无同款","P1","'08-24","'28354898867","51.16","","20-40美金","20-40单","高价品"
"1","下吸式行李隔板盖板,适用于 nmax 新旧款和 Aerox 新旧款。5 毫米,下吸式亚克力行李舱隔板","全新Nmax","47.05","https://cf.shopee.ph/file/sg-11134201-22120-zdyetutpgkkvd7","http://shopee.ph/product/348856024/20702355261","摩托车配件","其他的","IVCN202608175335","'135714089137","无同款","P1","'08-24","'20702355261","47.05","","20-40美金","20-40单","高价品"
"1","King Of Drag 轻量化外管,适用于 Raider150 化油器版/Raider150 电喷版。","白色设计,RAIDER150","41.89","https://cf.shopee.ph/file/ph-11134207-7r98t-m01bhjf5qfwee0","http://shopee.ph/product/184194534/14750095849","摩托车零配件","减震器、支柱和悬架","IVCN202608174207","'182023134931","","P1","'08-24","'14750095849","41.89","","20-40美金","20-40单","高价品"
"1","SectBill 挡风玻璃遮阳板 XMAX CONNECTED GEN 3 HEXION V3 Tech Sport 亚克力摩托车配件原装（自动车把升降）","橙子","39.23","https://cf.shopee.com.my/file/id-11134207-8224w-mgg17iyovaq494","http://shopee.com.my/product/1629190128/41825976222","摩托车配件","其他的","IVCN202608173625","'395042886970","无同款","P1","'08-24","'41825976222","39.23","","20-40美金","20-40单","高价品"
"1","适用于所有 Wave 和 Dream 车型的改装后减震器。Wave 专用后减震器一对,高度可选 280/300/310/320 毫米。已预注油,可直接安装。","黄色 320毫米","39.01","https://cf.shopee.co.th/file/th-11134207-7rask-m9sib1kaifkwda","http://shopee.co.th/product/721315147/27562922883","摩托车零配件","减震器、支柱和悬架","IVCN202608174951","'256704904678","相似款：https://detail.1688.com/offer/900168593483.html?fromkv=cbuPcPlugin:imageSearchDrawerCard&spm=a2639h.29135425.offerlist.i7&source=action%23offerItem%3Borigin%23cf.shopee.ph&amug_biz=oneself&amug_fl_src=awakeId_982","P1","'08-24","'27562922883","39.01","","20-40美金","20-40单","高价品"
"1","摩托车轮胎,尺寸为 70/90-14、80/90-14、90/90-14,型号为 H969,TT 类型,品牌为 GOODRIDE。","90/90-14 + 内胎","37.82","https://cf.shopee.co.th/file/sg-11134201-7rdws-m1ma3ecf0dbq92","http://shopee.co.th/product/1379605147/26014867519","摩托车零配件","轮胎及配件","IVCN202608175543","'128084201110","相似款：https://detail.1688.com/offer/956624218855.html?spm=a26352.b28411319.offerlist.242.623a1e62TTavTa&cosite=-&tracelog=p4p&_p_isad=1&clickid=7cdadafc2cb2426eab57a0a09440c45d&sessionid=iFrdKren8BP3hihXNXPTXkti5KWNhJZhRhp1763606043670","P1","'08-24","'26014867519","37.82","","80-100美金","80-100单","高价品"
"1","KYT GALAXY FLAT R 火焰黑紫红色双镜片半盔 原装黑粉色 FIREbiru","紫红色火焰,L","26","https://cf.shopee.ph/file/id-11134207-8224y-mjj5u9yw2war05","http://shopee.ph/product/1672695381/47651096449","摩托车头盔及配件","","IVCN202608175965","'320440393831","相似款：https://detail.1688.com/offer/827925454300.html?fromkv=cbuPcPlugin:imageSearchDrawerCard&spm=a2639h.29135425.offerlist.i2&source=action%23offerItem%3Borigin%23cf.shopee.com.my&amug_biz=oneself&amug_fl_src=awakeId_982","P0","'08-24","'47651096449","26","","40-60美金","40-60单","高价品"
"1","CAMEL CM545 摩托车轮胎,W110i 胎面花纹,原厂花纹,提供良好的道路抓地力,经久耐用,适合日常使用和骑行。","70/90-17","16.89","https://cf.shopee.co.th/file/th-11134207-7rasb-m5bl6u1b2wm526","http://shopee.co.th/product/319769730/24264538580","摩托车零配件","轮胎及配件","IVCN202608175435","'250357491824","相似款：https://detail.1688.com/offer/845548847257.html?spm=a26352.13672862.offerlist.46.48265891s1DLAB&offerId=845548847257&sortType=&pageId=&abBizDataType=cbuOffer&trace_log=normal&uuid=8fb9db2de9ee43bbb3489ef2aa431a03&skuId=5627772741348&forcePC=1784542270457","P1","'08-24","'24264538580","16.89","","20-40美金","20-40单","高价品"
"1","H2C摩托车侧视镜短腿高品质CNC（短腿）","银色,1 套（左+右）2","16.55","https://cf.shopee.ph/file/cn-11134207-7qukw-ljy6vb0mt4ok48","http://shopee.ph/product/864344597/19291463829","摩托车配件","镜子及配件","IVCN202608175845","'231873147166","相似款：https://detail.1688.com/offer/853282436234.html?kj_agent_plugin=aliprice&fromkv=xytTrace:0b0fdc4f17675230583211810e0d68&token=p5zEQhyfGg5tL4wmiNX2kTyz8JrMf%2BLqSrOvX86%2FLKr6jUMw0xWkUy%2F06E53yrUm","P1","'08-24","'19291463829","16.55","","20-40美金","20-40单","高价品"
"1","Racing Slincer onlyknalpot (Inlet38/50mm) Rocket4 KLX CRF D-TRACKER WR155NORIFUMI","Norifumi 蓝色碳纤维,进气口 38 毫米","5.6","https://cf.shopee.ph/file/id-11134201-7r991-lphpam7v5tr310","http://shopee.ph/product/965507312/47553411404","摩托车零配件","尾气和排放","IVCN202608175559","'440325881909","https://detail.1688.com/offer/924688773938.html?kj_agent_plugin=aliprice&fromkv=xytTrace:21080f7717848033101988502e0d5e&token=1eLSReySqmx9Ch685Tu%2Bxbe3WwlNGK1SfZpWWcC9kEBljkk7ln3ueG6rd48hlHMb","P1","'08-24","'47553411404","5.6","","20-40美金","20-40单","高价品"
"1","风扇旋转盖图案全数控加工BINTANG最佳品质铝合金即插即用所有摩托车","蓝色,SPINER STAR KIP","4.77","https://cf.shopee.ph/file/id-11134207-8224v-mkv8w9f8unswbc","http://shopee.ph/product/833089388/25127730591","摩托车配件","其他的","IVCN202608175569","'325568104279","相似款：https://detail.1688.com/offer/990289640460.html?kj_agent_plugin=aliprice&fromkv=xytTrace:0","P1","'08-24","'25127730591","4.77","","20-40美金","20-40单","中价品"
"1","通用型进气口过滤器,出气口直径 28 厘米,长度 40 厘米 | 适用于 VARIO、BEAT、PCX、N-MAX 等车型的排气管","完整过滤器","3.62","https://cf.shopee.ph/file/id-11134207-7ra0k-mddgciep1pug0c","http://shopee.ph/product/1338829965/50008579610","摩托车零配件","尾气和排放","IVCN202608175803","'400761840451","相似款：https://detail.1688.com/offer/744012873631.html?fromkv=cbuPcPlugin:imageSearchDrawerCard&spm=a2639h.29135425.offerlist.i7&source=action%23offerItem%3Borigin%23cf.shopee.ph&amug_biz=oneself&amug_fl_src=awakeId_982","P1","'08-24","'50008579610","3.62","","20-40美金","20-40单","中价品"
"1","飞行员盒盖 SPIDO 仪表速度表 RXZ RZR 原装 原装 3XL-83568-00","6 件","503.77","https://cf.shopee.com.my/file/id-11134207-7ra0p-mcbtztwoup8i3e","http://shopee.com.my/product/682309558/16760491825","摩托车配件","速度表、里程表和仪表","IVCN202608175353","'300727683282","无同款","P1","'08-20","'16760491825","503.77","","80-100美金","80-100单","高价品"
"1","高强度CNC铝合金轮毂,专为Forza350/Adv350设计 | 兼容2020-2026款车型 | 提供多种颜色选择 | 1年质保。","黑色的","483.25","https://cf.shopee.co.th/file/cn-11134207-820l4-mqvay92nh6327b","http://shopee.co.th/product/1319417104/25384182605","摩托车零配件","车轮、轮辋及配件","IVCN202608175795","'256295924111","相似款：https://detail.1688.com/offer/1000952444995.html?spm=a26352.b28411319/2508.0.0","P1","'08-20","'25384182605","483.25","","300-500美金","300-400单","高价品"
"1","这款完整的排气管已通过泰国工业标准协会 (TIS) 认证,适用于配备原厂发动机的 CT-125 Gen2 车型。它与原厂排气罩、隔热罩和下护板完美匹配。","这款完整的排气管已通过泰国工业标准协会 (TIS) 认证,适用于配备原厂发动机的 CT-125 Gen2 车型。它与原厂排气罩、隔热罩和下护板完美匹配。","357.08","https://cf.shopee.co.th/file/th-11134207-7rasj-mauon7x4cvio31","http://shopee.co.th/product/89760693/40404072733","摩托车零配件","尾气和排放","IVCN202608175137","'295346219829","无同款","P1","'08-20","'40404072733","357.08","","60-80美金","60-80单","高价品"
"1","Tnicer G5/G5Pro 头盔对讲机带摄像头 1080P/2K 双向对讲","G5Pro","307.27","https://cf.shopee.com.my/file/cn-11134207-820l4-mi02u28e0o3qdf","http://shopee.com.my/product/859202295/47350246396","摩托车头盔及配件","","IVCN202608175279","'445020055886","相似款：https://detail.1688.com/offer/676750012244.html?fromkv=cbuPcPlugin:imageSearchDrawerCard&spm=a2639h.29135425.offerlist.i0&source=action%23offerItem%3Borigin%23shopee.com.my&amug_biz=oneself&amug_fl_src=awakeId_982","P1","'08-20","'47350246396","307.27","","100-300美金","100-200单","高价品"
"1","包含气门嘴 | 倍耐力黄标 Diablo Rosso Scooter SC 轮胎 - Giorno、Vespa、Lambretta、Monkey（顶级型号）摩托车轮胎。","前后对","290","https://cf.shopee.co.th/file/sg-11134201-8259b-mriq9d8uz30o8d","http://shopee.co.th/product/951949747/28612806794","摩托车零配件","轮胎及配件","IVCN202608172757","'226893673236","相似款：https://detail.1688.com/offer/682702336805.html?kj_agent_plugin=aliprice&fromkv=xytTrace:212b5ecd17725966485344853e0f3e&token=kNelwcElW9B%2B4XeTyUp%2B5VOMD2TAxfzQRtzVrE24DVg4HCMhK86fJCKwJLciUFiJ","P0","'08-20","'28612806794","290","","100-300美金","200-300单","低价品"
"1","AES BMW 6LED/7LED 防水摩托车辅助射灯,带调光开关和免费镜头盖","6个LED灯+调光开关-频闪灯","286.97","https://cf.shopee.ph/file/cn-11134207-7ras8-m3yn5q13ewih4b","http://shopee.ph/product/1343916251/26371100832","摩托车零配件","灯光","IVCN202608172799","'148940685164","相似款：https://detail.1688.com/offer/857409058358.html?spm=a26352.b28411319/2508.0.0","P1","'08-20","'26371100832","286.97","","100-300美金","200-300单","高价品"
"1","矢崎 THW-A 50平方毫米电线,100米长。100%正品。我们是直接经销商。","矢崎 THW-A 50平方毫米电线,100米长。100%正品。我们是直接经销商。","278.6","https://cf.shopee.co.th/file/sg-11134201-7rbn8-m5wjk7yhe7yic7","http://shopee.co.th/product/46612727/7353297719","摩托车零配件","电缆和管材","IVCN202608171107","'41073240956","https://detail.1688.com/offer/687938758759.html?kj_agent_plugin=aliprice&fromkv=xytTrace:2154647417761353610396289e0f9a&token=w8HEH04ul%2BpsIszcSgn5jQ9LgZOEWH%2BTe88NfEY8cGIQrAA56bqoswsppnP9ia4p","P1","'08-20","'7353297719","278.6","","100-300美金","100-200单","高价品"
"1","RCB 单档变速器 Sniper King 150/155 S2-V2","黑色的","254.59","https://cf.shopee.ph/file/ph-11134207-81zte-mh8ikr3cywaxae","http://shopee.ph/product/20340208/4540699319","摩托车零配件","车身及车架","IVCN202608171583","'94467618069","相似款：https://detail.1688.com/offer/973167024091.html?fromkv=cbuPcPlugin:imageSearchDrawerCard&spm=a2639h.29135425.offerlist.i0&source=action%23offerItem%3Borigin%23shopee.ph&amug_biz=oneself&amug_fl_src=awakeId_982","P1","'08-20","'4540699319","254.59","","80-100美金","80-100单","低价品"
"1","Footstep Undebone V1 型号复刻版 RCB 无支架 A-OneOriginal（赠送贴纸）","Footstep Undebone V1 型号复刻版 RCB 无支架 A-OneOriginal（赠送贴纸）","252.73","https://cf.shopee.ph/file/id-11134207-822wk-mo551vc10p3c7f","http://shopee.ph/product/1531022298/41155276599","摩托车配件","其他的","IVCN202608170725","'147869920448","https://detail.1688.com/offer/675218141769.html?kj_agent_plugin=aliprice&fromkv=xytTrace:212b5ecd17739100433835220e1190&token=fMcr07w1d3zBGWITJwg%2BHc2ww8QwMc4jZaMsDJFFEXgn732L4iRLBoiENBr6rAK2","P1","'08-20","'41155276599","252.73","","500-1000美金","500-600单","低价品"
"1","EJEAS Q8 摩托车无线蓝牙头盔 Q8 网状对讲耳机 IP67 5.1 防水,适用于 6 位骑手","Q8*1","246.92","https://cf.shopee.com.br/file/cn-11134207-7r98o-ln8e60jjfzx9b9","http://shopee.com.br/product/881081998/25429092859","摩托车头盔及配件","","IVCN202608172835","'59770351985","https://detail.1688.com/offer/738956414431.html?fromkv=cbuPcPlugin:imageSearchDrawerCard&spm=a2639h.29135425.offerlist.i0&source=action%23offerItem%3Borigin%23shopee.com.br&amug_biz=oneself&amug_fl_src=awakeId_982","P1","'08-20","'25429092859","246.92","","80-100美金","80-100单","高价品"
"1","ICON THW-A 1x16 线圈,200 米,铝合金电缆,750V,PVC,主电缆,ICON。","ICON THW-A 1x16 线圈,200 米,铝合金电缆,750V,PVC,主电缆,ICON。","234.43","https://cf.shopee.co.th/file/sg-11134201-7rbn2-m64zdgd5y5e25c","http://shopee.co.th/product/3700414/28775905273","摩托车零配件","电缆和管材","IVCN202608175571","'195780462106","无同款","P1","'08-20","'28775905273","234.43","","60-80美金","60-80单","高价品"
"1","Delkevic 320mm 前碟刹盘,适用于 Satria FU 150 FU150","黑色的","208.61","https://cf.shopee.ph/file/ba9f9eec1b266a9deeda07bcb9a60811","http://shopee.ph/product/580207762/18442792909","摩托车零配件","制动系统","IVCN202608174137","'98224395740","相似款：https://detail.1688.com/offer/849841279821.html?fromkv=cbuPcPlugin:imageSearchDrawerCard&spm=a2639h.29135425.offerlist.i3&source=action%23offerItem%3Borigin%23cf.shopee.ph&amug_biz=oneself&amug_fl_src=awakeId_982","P1","'08-20","'18442792909","208.61","","100-300美金","100-200单","高价品"
"1","TNICER JX06PRO 摩托车对讲机 – 音乐和通话同时进行,1500米有效距离,支持双人通话,蓝牙5.2,FM收音机,语音助手,IP67防水,1000米","JX06Pro","197.59","https://cf.shopee.com.my/file/cn-11134207-820l4-mn3spy12m39ffe","http://shopee.com.my/product/859202295/53558735351","摩托车头盔及配件","","IVCN202608176059","'277532600791","无同款","P1","'08-20","'53558735351","197.59","","100-300美金","100-200单","高价品"
"1","S4 燃油箱整流罩（原厂同等产品）#TKM00004 + SKS 3.5 bar 燃油泵 #TSKS00021（两件套）","燃油箱 TKM004+TSKS021","195.63","https://cf.shopee.co.th/file/th-11134207-7ra0m-mcwwv88e2m3i34","http://shopee.co.th/product/518872/24396213031","摩托车零配件","燃油系统","IVCN202608174617","'295941983730","无同款","P1","'08-20","'24396213031","195.63","","60-80美金","60-80单","高价品"
"1","适用于 125/100/110 XRM 125/TMX/PANTRA/RS125 /BARAKO +2/+3 的 SWING ARM WAVE","Wave125+3 带调节器","190.82","https://cf.shopee.ph/file/ph-11134207-7rasj-m7ke6lntblix59","http://shopee.ph/product/184194534/24565023219","摩托车零配件","减震器、支柱和悬架","IVCN202608175549","'430530175493","无同款","P1","'08-20","'24565023219","190.82","","100-300美金","100-200单","高价品"
"1","✨现货✨摩托车导航系统,支持Carplay、胎压监测,6.86英寸手机连接屏幕,IPX7级防水,高清语音助手,GPS导航屏幕","PND+DVR+TPMS+32G","180","https://cf.shopee.com.my/file/cn-11134207-7ras8-m724ak3xev0r69","http://shopee.com.my/product/1342787821/29069994087","摩托车配件","其他的","IVCN202608175793","'138242523969","相似款：https://detail.1688.com/offer/941381059160.html?kj_agent_plugin=aliprice&fromkv=xytTrace:0","P0","'08-20","'29069994087","180","","80-100美金","80-100单","高价品"
"1","刻度盘套装量角器凸轮轴顶部活塞全套","刻度盘套装量角器凸轮轴顶部活塞全套","178.1","https://cf.shopee.ph/file/393239add45154e1cb2099c08fddf1b1","http://shopee.ph/product/348869453/6180362979","摩托车零配件","其他的","IVCN202608176119","'24487330108","无同款","P1","'08-20","'6180362979","178.1","","40-60美金","40-60单","高价品"
"1","适用于本田Click 160的点火线圈。保证为本田服务中心提供的原厂正品零件。零件编号：31220-K2S-N01。直接适配Click 160的点火线圈。","Click160 #K2S 点火线圈","161","https://cf.shopee.co.th/file/th-11134207-81zto-mm1rodwtpwy0ba","http://shopee.co.th/product/727961089/54657475090","摩托车零配件","电缆和管材","IVCN202608175779","'410664172578","相似款：https://detail.1688.com/offer/1005348525058.html?kj_agent_plugin=aliprice&fromkv=xytTrace:0b52090217816829157395198e0ceb&token=tXmltv9x3GPW8Ur3%2Bmgy%2FKyjb%2BMRDtkwZSHajc%2F9cyu6mdmc5mrtpyy%2B6S%2F%2Fh3LC","P0","'08-20","'54657475090","161","","60-80美金","60-80单","高价品"
"1","矢崎 THW 1×2.5 平方毫米电线（100米/卷）","糖","151.09","https://cf.shopee.co.th/file/th-11134207-7rasa-majdevfzgtx078","http://shopee.co.th/product/1126929349/41453047651","摩托车零配件","电缆和管材","IVCN202608172731","'290251094796","https://detail.1688.com/offer/678260479845.html?kj_agent_plugin=aliprice&fromkv=xytTrace:0","P1","'08-20","'41453047651","151.09","","100-300美金","100-200单","高价品"
"1","刻度盘式量角器凸轮轴刻度指示器飞轮角度凸轮轴角度盘刻度凸轮","刻度盘式量角器凸轮轴刻度指示器飞轮角度凸轮轴角度盘刻度凸轮","150.7","https://cf.shopee.com.my/file/sg-11134201-823ph-mp3qna5sm7m5ed","http://shopee.com.my/product/348836513/9902952517","其他的","","IVCN202608176561","'42365157133","无同款","P1","'08-20","'9902952517","150.7","","20-40美金","20-40单","高价品"
"1","KING OF DRAG LIGHTEN 后摇臂（非开槽）PLUS 2 AND 3 适用于铃木 Raider 化油器 150 / Raider 150 电喷","R150 非插槽 +3","148","https://cf.shopee.ph/file/ph-11134207-7rasg-m2idp2esuzk202","http://shopee.ph/product/964534196/24114908861","摩托车零配件","车身及车架","IVCN202608173533","'215549851632","相似款：https://detail.1688.com/offer/673689946965.html?fromkv=cbuPcPlugin:imageSearchDrawerCard&spm=a2639h.29135425.offerlist.i8&source=action%23offerItem%3Borigin%23shopee.ph&amug_biz=oneself&amug_fl_src=awakeId_982","P0","'08-20","'24114908861","148","","20-40美金","20-40单","高价品"
"1","【SEMSPEED】适用于雅马哈 NVX Aerox V3 /SP 2025-2026 摩托车尾部整流罩后牌照架","黑色的","145.77","https://cf.shopee.ph/file/cn-11134207-820l4-mm8pbyz5c2ddce","http://shopee.ph/product/1765739660/45257702706","摩托车配件","挡泥板和挡泥罩","IVCN202608176555","'360682947143","无同款","P1","'08-20","'45257702706","145.77","","20-40美金","20-40单","高价品"
"1","VFF柔性音箱线,规格2*0.5、2x1、2x1.5、2x2.5平方毫米✔️100米长💥经济实惠✔️","2x2.5毫米,虎牌,100米","144.49","https://cf.shopee.co.th/file/th-11134207-7qul0-lja0q0mcyx9k9c","http://shopee.co.th/product/185607829/20890833365","摩托车零配件","电缆和管材","IVCN202608175057","'89399574323","无同款","P1","'08-20","'20890833365","144.49","","40-60美金","40-60单","高价品"
"1","原装 A-One G3 下弯式车架 PNP MX King V1/ V2 铝合金（含轴心 + 车架和贴纸螺栓）","全套配件 + 4 个螺栓","130.93","https://cf.shopee.ph/file/id-11134207-8224t-mj5klbcjhhxd99","http://shopee.ph/product/1531022298/26685539377","摩托车配件","其他的","IVCN202608176617","'224636440134","相似款：https://detail.1688.com/offer/830898230682.html?fromkv=cbuPcPlugin:imageSearchDrawerCard&spm=a2639h.29135425.offerlist.i12&source=action%23offerItem%3Borigin%23shopee.ph&amug_biz=oneself&amug_fl_src=awakeId_982","P1","'08-20","'26685539377","130.93","","40-60美金","40-60单","高价品"
"1","大号购物袋,食品袋,披萨袋,外卖袋。不含玻璃纤维框架。","大号购物袋,食品袋,披萨袋,外卖袋。不含玻璃纤维框架。","122.67","https://cf.shopee.co.th/file/th-11134207-7qul3-ljmcmecgch0m2f","http://shopee.co.th/product/252106066/11599834722","摩托车配件","盒子和箱子","IVCN202608176445","'146949495638","https://detail.1688.com/offer/756221546369.html?kj_agent_plugin=aliprice&fromkv=xytTrace:0","P1","'08-20","'11599834722","122.67","","80-100美金","80-100单","高价品"
"1","G2 Underbone Bracket A-One PNP MX King V1/ V2 铝合金（免费赠送轴心螺栓、车架螺栓和贴纸螺栓）","全套配件 + 4 个螺栓","120.51","https://cf.shopee.ph/file/id-11134207-8224x-mjfeso3bugw1d5","http://shopee.ph/product/1531022298/26685539303","摩托车配件","其他的","IVCN202608175651","'430664811843","无同款","P1","'08-20","'26685539303","120.51","","100-300美金","100-200单","高价品"
"1","适用于弯梁摩托车 Satria Fu Raider Fi 的折叠式后踏板支架乘客脚踏板 NGRTOriginal","全套","120","https://cf.shopee.ph/file/id-11134207-8224v-mhq539wq3zet42","http://shopee.ph/product/423232471/51700874929","摩托车零配件","其他的","IVCN202608173083","'380231974915","https://detail.1688.com/offer/805375211120.html?kj_agent_plugin=aliprice&fromkv=xytTrace:0b0fdc4f17706332480373134e0ed3&token=rZc4xNSWnn%2FZ0LX9%2BQorQ0BLNMpYbT41kRO4Kow1vV%2BLSxlIpof9xgKYUygWffPy","P0","'08-20","'51700874929","120","","20-40美金","20-40单","高价品"
"1","适用于 Vespa 125 150 的 LED 转向灯套装,前后均有,价格实惠,现货供应（1 套）。","电镀","119.52","https://cf.shopee.co.th/file/th-11134207-81ztn-mlos0ra55a851d","http://shopee.co.th/product/144551874/24698008768","摩托车配件","其他的","IVCN202608170821","'345630659993","https://detail.1688.com/offer/831797233041.html?spm=a26352.b28411319/2508.0.0","P1","'08-20","'24698008768","119.52","","40-60美金","40-60单","高价品"
"1","XMAX 250 定制双碗,卡特尔,原装材料,摩托车遥控器","洞 + 精细卡特尔","117.9","https://cf.shopee.com.my/file/id-11134207-7qukz-lk6x9y4r2xp74e","http://shopee.com.my/product/806116567/16397961809","其他的","","IVCN202608172633","'118122163670","无同款","P1","'08-20","'16397961809","117.9","","40-60美金","40-60单","高价品"
"1","【SEMSPEED】适用于 NVX Aerox V3 /SP 2025-2026 摩托车后牌照架尾部整流罩支架","黑色的","117.51","https://cf.shopee.ph/file/cn-11134207-820l4-mjs9pa3w1k3q31","http://shopee.ph/product/233355437/55705073724","摩托车配件","挡泥板和挡泥罩","IVCN202608175257","'380467704098","无同款","P1","'08-20","'55705073724","117.51","","20-40美金","20-40单","高价品"
"1","【MONDEVIEW】M11 LED辅助摩托车雾灯,骑行探险雾灯,带调光开关和频闪功能","2个","117.24","https://cf.shopee.ph/file/cn-11134207-820l4-mhlf92nlovszf8","http://shopee.ph/product/829172219/44802296007","摩托车零配件","灯光","IVCN202608175237","'292209994851","相似款：https://detail.1688.com/offer/800722759122.html?spm=a26352.b28411319/2508.0.0","P1","'08-20","'44802296007","117.24","","20-40美金","20-40单","高价品"
"1","Aerox alpha turbo 碳纤维凯夫拉材质的板架/领带","马来西亚 Twil 公寓/模型","116.09","https://cf.shopee.com.my/file/id-11134207-822wi-mmfypy0cqsqq7c","http://shopee.com.my/product/1489705621/50553390347","摩托车零配件","车身及车架","IVCN202608176615","'380325461501","相似款：https://detail.1688.com/offer/896823502462.html?spm=a26352.b28411319/2508.0.0","P1","'08-20","'50553390347","116.09","","20-40美金","20-40单","高价品"
"1","Aerox、NVX V1、V2 碳纤维凯夫拉前挡泥板耳片","斜纹布","112.78","https://cf.shopee.com.my/file/id-11134207-8224t-mkghy12p7ock84","http://shopee.com.my/product/1489705621/44128652241","摩托车零配件","车身及车架","IVCN202608174921","'330539769629","相似款：https://detail.1688.com/offer/863887498441.html?spm=0.0.0.0","P1","'08-20","'44128652241","112.78","","20-40美金","20-40单","高价品"
"1","ASIM摩托车XRM/WAVE 125后摇臂PLUS 3和PLUS 2","银色,加 3","111.2","https://cf.shopee.ph/file/ph-11134207-7r991-lveb5sgvpntddf","http://shopee.ph/product/933121730/25714276916","摩托车零配件","车身及车架","IVCN202608176053","'195104875293","相似款：https://detail.1688.com/offer/848679698997.html?kj_agent_plugin=aliprice&fromkv=xytTrace:21360a2e17750997947064611e1145&token=LzRrfZB2SKjPW2CNAiIzjFCv5tQ0vliSD8%2BWjgwk3PM4kVTlFC5gL0mOT%2BXq%2FC2e","P1","'08-20","'25714276916","111.2","","40-60美金","40-60单","高价品"
"1","特别版 RAGNAROK VENOM 原装 Pavta 全尺寸进气过滤器 38mm 出气口 50mm","点击 125/150 V2 V3 V4","109.41","https://cf.shopee.ph/file/id-11134207-8224x-mjrhfuhw4rgn75","http://shopee.ph/product/1702544687/40478193564","摩托车零配件","尾气和排放","IVCN202608175929","'435463697797","https://detail.1688.com/offer/795917557841.html?kj_agent_plugin=aliprice&fromkv=xytTrace:212b5ecd17792480102874937e0c77&token=eNQYDzY1UOOtNPBfWSgIggZVCdj0MKcp2LCodobB%2B%2FptPolCuJk5O%2FVLm4W0BL2n","P1","'08-20","'40478193564","109.41","","60-80美金","60-80单","高价品"
"1","RRacing改装燃油泵,适用于BRZ,压力3.5-3.8巴,兼容W110i、W110iLED、W125、W125i（鲸鱼）、Lead/Giorno/PCX160等车型。100%正品。可发货。","W125i Whale KYZ,3.5 巴","108.34","https://cf.shopee.co.th/file/th-11134207-81ztm-mles54qpfnyg3b","http://shopee.co.th/product/1117481332/54306735520","摩托车零配件","其他的","IVCN202608176215","'440604930244","相似款：https://detail.1688.com/offer/986581569168.html?spm=a26352.b28411319/2508.0.0","P1","'08-20","'54306735520","108.34","","40-60美金","40-60单","高价品"
"1","适用于 Apache RTR150 RTR180 2010/2015 Dafra 15 摩托车数字仪表组件,包含里程表、转速表和速度表","适用于 Apache RTR150 RTR180 2010/2015 Dafra 15 摩托车数字仪表组件,包含里程表、转速表和速度表","106.21","https://cf.shopee.com.br/file/cn-11134207-820l4-mjgm2gxmhlaa68","http://shopee.com.br/product/542147789/50254655126","摩托车配件","速度表、里程表和仪表","IVCN202608174343","'307333073151","相似款：https://detail.1688.com/offer/626228708394.html?spm=a26352.b28411319/2508.0.0","P1","'08-20","'50254655126","106.21","","40-60美金","40-60单","高价品"
"1","1/2个C型EJEAS V6 Pro摩托车头盔蓝牙对讲机,适用于6名骑手,防水通讯器","1个V6专业版","101.8","https://cf.shopee.com.br/file/cn-11134207-7r98o-lr496llgkmhp4c","http://shopee.com.br/product/1013476538/20798641273","摩托车头盔及配件","","IVCN202608176483","'189141996099","https://detail.1688.com/offer/820625576990.html?spm=a26352.b28411319/2508.0.0","P1","'08-20","'20798641273","101.8","","40-60美金","40-60单","高价品"
"1","Standard Racing Exhaust Pavta Type Ragnarok & Sharingan 全段排气系统,配备全套 Nmax Aerox Vario PCX 全段空气滤芯","RAGNAROK,MIO M3","98.07","https://cf.shopee.ph/file/id-11134207-82250-miw3md6gun0i03","http://shopee.ph/product/1702544687/49453974349","摩托车零配件","尾气和排放","IVCN202608175407","'340376085694","相似款：https://detail.1688.com/offer/718351073327.html?kj_agent_plugin=aliprice&fromkv=xytTrace:0","P1","'08-20","'49453974349","98.07","","40-60美金","40-60单","高价品"
"1","Nmax双离合碗振动解决方案原装雅马哈NMAX双离合原装","NMAX 2020-2023,A 套","97.8","https://cf.shopee.com.my/file/id-11134207-82252-mkbx87xx9erq15","http://shopee.com.my/product/1510824478/42120737280","摩托车零配件","传动系统、变速器和离合器","IVCN202608173351","'296693569516","无同款","P1","'08-20","'42120737280","97.8","","20-40美金","20-40单","高价品"
"1","Pavta Racing 标准排气管 3X4 钻孔式空气滤清器 38mm 进气口 50mm 出气口 Ragnarok & Sharingan 型号","RAGNAROK 铁钻,CLICK 125/150 V2 V3 V4","96.35","https://cf.shopee.ph/file/id-11134207-8224r-mjq52pughs0650","http://shopee.ph/product/1702544687/52454985299","摩托车零配件","尾气和排放","IVCN202608176127","'390459575904","相似款：https://detail.1688.com/offer/856558473604.html?fromkv=cbuPcPlugin:imageSearchDrawerCard&spm=a2639h.29135425.offerlist.i2&source=action%23offerItem%3Borigin%23cf.shopee.co.th&amug_biz=oneself&amug_fl_src=awakeId_982","P1","'08-20","'52454985299","96.35","","20-40美金","20-40单","高价品"
"1","标准赛车排气入口 38 Nmax Aerox PCX Vario Adv Lexi Stylo 原装 Sonix Racing","标准版 Neo Gen 2 护罩,Vario 125 LED 新款","94.61","https://cf.shopee.ph/file/id-11134207-81ztg-me8t6xydiz9dbe","http://shopee.ph/product/1683962892/54704394668","摩托车零配件","尾气和排放","IVCN202608176045","'177375067990","无同款","P1","'08-20","'54704394668","94.61","","40-60美金","40-60单","高价品"
"1","TNICER JX06se 头盔耳机,5.4英寸屏幕,1000mAh大容量电池,IP67防水防尘,自动接听电话,Hi-Fi立体声,三重降噪,FM收音机和语音助手,适合单人骑行。","JX06Se（不支持对讲）","94.56","https://cf.shopee.com.my/file/cn-11134207-820l4-mn3t1czvpedk09","http://shopee.com.my/product/859202295/51708730752","摩托车头盔及配件","","IVCN202608175281","'425775143773","无同款","P1","'08-20","'51708730752","94.56","","60-80美金","60-80单","高价品"
"1","Draco saleba 半蓝色排气 Aerox vario nmax pcx BEAT mio scoopy genio kzr vario 160 等","Vario 125/150 新款,38 全滤芯","94.52","https://cf.shopee.ph/file/id-11134207-7rasg-m33m92jp6nd9cf","http://shopee.ph/product/360930042/25734339178","摩托车零配件","尾气和排放","IVCN202608175135","'217989329776","https://detail.1688.com/offer/937345116797.html?kj_agent_plugin=aliprice&fromkv=xytTrace:0","P1","'08-20","'25734339178","94.52","","40-60美金","40-60单","高价品"
"1","PCX 160 CC 中置车把支架（原装）+ 上夹（成品）+ 下增高器 + L 型螺栓（4 个）+ 减震橡胶垫圈 + 螺母 + 密封圈","PCX 160 CC 中置车把支架（原装）+ 上夹（成品）+ 下增高器 + L 型螺栓（4 个）+ 减震橡胶垫圈 + 螺母 + 密封圈","94.33","https://cf.shopee.ph/file/id-11134207-82251-mkj135jtvn5w04","http://shopee.ph/product/1510844706/46956066811","摩托车零配件","车身及车架","IVCN202608176271","'282402111644","无同款","P1","'08-20","'46956066811","94.33","","60-80美金","60-80单","高价品"
"1","第二代离合器衬片 离合器弹簧 BRT KLX CRF WR Tiger NVL Megapro 新款 Verza Jupiter MX Vixion 老款","每 + 离合器帆布,KLX / Tiger","93.99","https://cf.shopee.ph/file/id-11134207-81ztk-mdyeg448qwp09f","http://shopee.ph/product/1315436358/41315508738","摩托车零配件","传动系统、变速器和离合器","IVCN202608175209","'128429124075","相似款：https://detail.1688.com/offer/1006141125224.html?spm=a26352.b28411319/2508.0.0&cosite=-&tracelog=p4p&_p_isad=1&clickid=01d81f6d568f41bd99b546f90840ab9d&sessionid=314d3f1842101d3275ef4bce152d613ahttps://detail.1688.com/offer/667408635771.html?spm=a26352.b28411319/2508.0.0","P1","'08-20","'41315508738","93.99","","20-40美金","20-40单","高价品"
"1","ICON THW-A 1x16 线圈,100 米,铝合金电缆,750V,PVC,主电缆,ICON。","ICON THW-A 1x16 线圈,100 米,铝合金电缆,750V,PVC,主电缆,ICON。","93.3","https://cf.shopee.co.th/file/sg-11134201-7rcdr-lre2xe7mkg5sd6","http://shopee.co.th/product/3700414/24862462152","摩托车零配件","电缆和管材","IVCN202608176289","'262416072170","相似款：https://detail.1688.com/offer/946503402578.html?spm=a26352.b28411319/2508.0.0","P1","'08-20","'24862462152","93.3","","20-40美金","20-40单","高价品"
"1","Satria Fu Fi 数字速度表 Satria Fu fi 数字里程表 Raider FI SGP 数字速度表摩托车","Satria Fu Fi 数字速度表 Satria Fu fi 数字里程表 Raider FI SGP 数字速度表摩托车","93","https://cf.shopee.ph/file/f5d4995c3aaffcc40b225efcff585fc7","http://shopee.ph/product/423232471/8643934094","摩托车配件","速度表、里程表和仪表","IVCN202608176195","'25443543396","相似款：https://detail.1688.com/offer/598832299037.html?lang=zh&kjSource=pc&fromkv=refer:HVHFESCLLBNFMSCFGRCFCTK2KNDUSNCUKNGUEVCHGVIFOWJUINGE2VRULBHTGM2TJVJEUV2LLFGFGTKOKVDDMTKKLBDVSM2UJVHFEVKIIEZUITKOLJLUQQSQLBLTOSKN&bizType=saasTool&customerId=alipriceLP","P0","'08-20","'8643934094","93","","80-100美金","80-100单","高价品"
"1","摩托车可调式转向阻尼器碳纤维盖垫转向阻尼器高级版适用于雅马哈 R15 Y15 MT15 R25","255毫米碳纤维","91.22","https://cf.shopee.com.my/file/cn-11134207-7r98o-lp5zpd5c5wif05","http://shopee.com.my/product/115462596/20495854023","摩托车配件","其他的","IVCN202608175679","'222361158894","https://detail.1688.com/offer/752955862147.html?kj_agent_plugin=aliprice&fromkv=xytTrace%3A0&tracelog=cps&clickid=e4656fe14ed38a85f6781e115aec87c5&targetUrl=https%3A%2F%2Fs.click.1688.com%2Ft%3Fe%3DD2DC7A927D55C03D6511A0CCA913FD65D6FA062685DFF8F7D920A558D1D5758C4B369BE324A83E744B8F19128B0D93E33FB8088B45F57B9E47F28FD2CC0E231B18AD4F779334558760FEF997084D4D5331EB6FC8DBCADED4C6C8CEEEE21320CC4BD39EA2FE12E3B1B5A0FFBB9406BB0639B0973D989BAC96F6C68F1FCCE74EB1886EC8C205101A43348394BC3CC3C62B9992F8828C4BE892F67F1E954C5C7A3D83262F759458268F180B1A1113986860E9ECF4BD14380914465E639F01CE65D5FC50241FA637B2F6FD0B52B9EDE75BAB8ACC2C36799E4AF56457DA32868D5BFEF4E51DB521C0519AA7923AC93D2AA533%26cbu_cps_trace_flag%3Dwrite","P1","'08-20","'20495854023","91.22","","20-40美金","20-40单","高价品"
"1","水泵密封件一套 水泵 Satria Fu Fi GSX RS 150 Raider Fi SGPOriginal","垫片组 + 齿轮","89.8","https://cf.shopee.ph/file/id-11134207-7ra0k-mbtinzz9b9joda","http://shopee.ph/product/423232471/7187825801","摩托车零配件","其他的","IVCN202608175421","'290632535136","无同款","P1","'08-20","'7187825801","89.8","","20-40美金","20-40单","高价品"
"1","标准赛车 Luster Sonixknalpot Nmax Aerox Pcx Vario Adv Lexi Stylo Inlet 38","SSR-M1,Vario 125 LED 新品","89.48","https://cf.shopee.ph/file/id-11134207-8224o-mihl7lcuisqq2d","http://shopee.ph/product/1683962892/48303401699","摩托车零配件","尾气和排放","IVCN202608171171","'330325838274","相似款：https://detail.1688.com/offer/856558473604.html?kj_agent_plugin=aliprice&fromkv=xytTrace:0bf8ca8917835082996457938e0d20&token=s%2FTMWQAAygOSIhlg4%2Bs7yMh61FITUUzoYsAI3vbYqxIAtVzZcogdgRh0uGBawZeJ","P1","'08-20","'48303401699","89.48","","60-80美金","60-80单","低价品"
"1","MHR摩托车后减震器套装 AEROX 305mm V2","MHR摩托车后减震器套装 AEROX 305mm V2","85.42","https://cf.shopee.ph/file/sg-11134201-22100-1g8yeboz33iv16","http://shopee.ph/product/694608556/18857432867","摩托车零配件","减震器、支柱和悬架","IVCN202608176209","'59141260399","相似款：https://detail.1688.com/offer/1009272846941.html?fromkv=cbuPcPlugin:imageSearchDrawerCard&spm=a2639h.29135425.offerlist.i55&source=action%23offerItem%3Borigin%23cf.shopee.co.th&amug_biz=oneself&amug_fl_src=awakeId_982","P1","'08-20","'18857432867","85.42","","20-40美金","20-40单","高价品"
"1","Daytona凯夫拉双离合赛车套件 + 防老化双离合碗,适用于Nmax Aerox Lexi","Daytona凯夫拉双离合赛车套件 + 防老化双离合碗,适用于Nmax Aerox Lexi","84.46","https://cf.shopee.com.my/file/310f5a3078cf7fbf6c2d6cf202bfb22b","http://shopee.com.my/product/304064813/8313414815","摩托车零配件","传动系统、变速器和离合器","IVCN202608176657","'53644849918","无同款","P1","'08-20","'8313414815","84.46","","40-60美金","40-60单","高价品"
"1","NGO SWING ARM＋2/＋3 SWING ARM WAVE125 XRM/TMX155 GD110 Alloy 泰国制造","加 3","83.95","https://cf.shopee.ph/file/ph-11134207-81ztj-mforg985zcp53c","http://shopee.ph/product/171682595/19429043614","摩托车零配件","减震器、支柱和悬架","IVCN202608175047","'145549614161","无同款","P1","'08-20","'19429043614","83.95","","20-40美金","20-40单","高价品"
"1","适用于 Wave、Dream 和 Future 的 ATR 后减震器 (335mm)","适用于 Wave、Dream 和 Future 的 ATR 后减震器 (335mm)","83.04","https://cf.shopee.vn/file/sg-11134201-8262m-ml7m38uugfer46","http://shopee.vn/product/344106699/52356529520","摩托车零配件","减震器、支柱和悬架","IVCN202608176199","'420587153627","相似款：https://detail.1688.com/offer/580486965703.html?spm=a26352.b28411319/2508.0.0","P1","'08-20","'52356529520","83.04","","20-40美金","20-40单","高价品"
"1","买一送一 通用摩托车鞍包带锁防水侧包鞍箱带杯架","黑色 2 件装","78.78","https://cf.shopee.ph/file/cn-11134207-7ras8-md5hczegp19859","http://shopee.ph/product/998367009/40711937644","摩托车配件","盒子和箱子","IVCN202608175027","'281000588669","https://detail.1688.com/offer/807773437706.html?fromkv=cbuPcPlugin:imageSearchDrawerCard&spm=a2639h.29135425.offerlist.i5&source=action%23offerItem%3Borigin%23cf.shopee.ph&amug_biz=oneself&amug_fl_src=awakeId_982","P1","'08-20","'40711937644","78.78","","20-40美金","20-40单","高价品"
"1","KSR出品的Ducktail NMAX TURB Premium","KSR出品的Ducktail NMAX TURB Premium","78.2","https://cf.shopee.ph/file/id-11134207-7rasl-m510gpng0wwtb4","http://shopee.ph/product/890322650/29673545458","摩托车配件","座椅和座椅套","IVCN202608175375","'252469972247","无同款","P1","'08-20","'29673545458","78.2","","20-40美金","20-40单","高价品"
"1","适用于雅马哈YBR125 YBR 125的数字仪表 125 LED速度表里程表摩托车仪表","适用于雅马哈YBR125 YBR 125的数字仪表 125 LED速度表里程表摩托车仪表","78","https://cf.shopee.com.br/file/cn-11134207-820l4-mfkmavhpz1n119","http://shopee.com.br/product/542147789/27892659004","摩托车配件","速度表、里程表和仪表","IVCN202608174465","'271883903228","https://detail.1688.com/offer/1006906454985.html?kj_agent_plugin=aliprice&fromkv=xytTrace:0","P0","'08-20","'27892659004","78","","40-60美金","40-60单","高价品"
"1","Xrm125 Trinity（碟刹型）摇臂","黑色的","74.71","https://cf.shopee.ph/file/10834f7ff265a91951200dd0e7b1076a","http://shopee.ph/product/28464615/9491172226","摩托车零配件","车身及车架","IVCN202608176101","'120479242786","无同款","P1","'08-20","'9491172226","74.71","","20-40美金","20-40单","高价品"
"1","雅马哈 SRL115 Fi 车速表组件 RPM 适用于 Vega Force115 Fi / Aveta Rx110 / DGITAL METER","雅马哈 SRL115 Fi 车速表组件 RPM 适用于 Vega Force115 Fi / Aveta Rx110 / DGITAL METER","74.65","https://cf.shopee.com.my/file/cn-11134207-7qukw-lhkj4iboyrc380","http://shopee.com.my/product/193848365/23644419460","摩托车配件","速度表、里程表和仪表","IVCN202608175447","'146884294037","相似款：https://detail.1688.com/offer/756240911783.html?fromkv=cbuPcPlugin:imageSearchDrawerCard&spm=a2639h.29135425.offerlist.i2&source=action%23offerItem%3Borigin%23shopee.com.my&amug_biz=oneself&amug_fl_src=awakeId_982","P1","'08-20","'23644419460","74.65","","40-60美金","40-60单","高价品"
"1","骨盆 Jupiter MX 135 MX 150 脚踏骨盆 MX 新款骨盆 MX King 150 踏步赛车 Jupiter MX","银","74.01","https://cf.shopee.ph/file/74a07b9e92c3f405be1d27209076984a","http://shopee.ph/product/345955704/17958377574","摩托车零配件","车身及车架","IVCN202608176505","'154105423406","无同款","P1","'08-20","'17958377574","74.01","","40-60美金","40-60单","高价品"
"1","KTM Xeon Husqvarna 双活塞卡钳,KTM Formula 双活塞卡钳,适用于左、右、前、后轮。通用型,适用于 Ninja、GSX、RX、King Vixion、MegaPro MX、King Jupiter Z MX、Vario、Beat、Scoopy、Mio、Fino、Nmax、Aerox 等车型。","KTM Xeon Husqvarna 双活塞卡钳,KTM Formula 双活塞卡钳,适用于左、右、前、后轮。通用型,适用于 Ninja、GSX、RX、King Vixion、MegaPro MX、King Jupiter Z MX、Vario、Beat、Scoopy、Mio、Fino、Nmax、Aerox 等车型。","73.9","https://cf.shopee.co.th/file/id-11134207-7rbk4-ma3q757i5v6518","http://shopee.co.th/product/1510898895/44251908256","摩托车零配件","制动系统","IVCN202608175181","'196092845726","无同款","P1","'08-20","'44251908256","73.9","","20-40美金","20-40单","高价品"
"1","弯梁变速杆 Satria Fu 化油器 Satria Fu Fi NGRT 原装","银","73.09","https://cf.shopee.ph/file/id-11134207-7rbkd-mahvj6elvvzo14","http://shopee.ph/product/423232471/27403006836","摩托车零配件","其他的","IVCN202608172681","'234267478093","无同款","P1","'08-20","'27403006836","73.09","","20-40美金","20-40单","高价品"
"1","Vanbelt V型皮带 Apenas xmax/x max 250","Vanbelt V型皮带 Apenas xmax/x max 250","72.83","https://cf.shopee.com.br/file/id-11134207-7r98o-lwgl0peav672ca","http://shopee.com.br/product/403657214/29152752865","摩托车零配件","点火和发动机部件","IVCN202608175441","'207580826293","相似款：https://detail.1688.com/offer/1003100934192.html?fromkv=cbuPcPlugin:imageSearchDrawerCard&spm=a2639h.29135425.offerlist.i1&source=action%23offerItem%3Borigin%23shopee.com.br&amug_biz=oneself&amug_fl_src=awakeId_982","P1","'08-20","'29152752865","72.83","","60-80美金","60-80单","高价品"
"1","适用于 Mio J、Soul GT、Mio GT、Fino FI、Xeon RC FI、MX King、Soul GT 125 和 Mio M3 的燃油泵","适用于 Mio J、Soul GT、Mio GT、Fino FI、Xeon RC FI、MX King、Soul GT 125 和 Mio M3 的燃油泵","72.3","https://cf.shopee.ph/file/8ea76237d37997c18715c5ca1ad6b1a9","http://shopee.ph/product/345960240/6566297882","摩托车零配件","其他的","IVCN202608174945","'22899627287","https://detail.1688.com/offer/914135123947.html?kj_agent_plugin=aliprice&fromkv=xytTrace:0b51056217628465117401335e0ea9&token=MyIuwIFKApUyxKRnkR543tvk2Qg7HzKz%2FZs1SyuBMYYjQDp8r6HZ8FUmVNHe36UB","P1","'08-20","'6566297882","72.3","","80-100美金","80-100单","高价品"
"1","TWPO软胎,10-12英寸轮辋,抓地力极佳（全新生产）。单价。","100/90-10","71.62","https://cf.shopee.co.th/file/2016625cb976df6f85a2ff7e3cd423db","http://shopee.co.th/product/34580050/14482005560","摩托车配件","其他的","IVCN202608175233","'220632225522","相似款：https://detail.1688.com/offer/942024112363.html?fromkv=cbuPcPlugin:imageSearchDrawerCard&sk=consign&spm=a2639h.29135442.offerlist.i3&source=action%23offerItem%3Borigin%23shopee.co.th&amug_biz=oneself&amug_fl_src=awakeId_982","P1","'08-20","'14482005560","71.62","","20-40美金","20-40单","高价品"
"1","进气歧管 进气青蛙 FizR fiz Alfa Sigma 套膜 Vforce RXZ ngorok 材质","全套Vforce特氟龙","71","https://cf.shopee.com.my/file/id-11134207-7rasa-m38wx73dy17j60","http://shopee.com.my/product/1403478834/25588949422","摩托车零配件","燃油系统","IVCN202608176073","'215603611046","无同款","P1","'08-20","'25588949422","71","","20-40美金","20-40单","高价品"
"1","PWM化油器34/36/38/40/42,适用于二冲程/四冲程摩托车的PWM化油器（AAA）","34毫米。","70.85","https://cf.shopee.co.th/file/cn-11134207-820l4-mnmin8tkj4zl66","http://shopee.co.th/product/150660764/5609498922","摩托车零配件","燃油系统","IVCN202608176241","'10957649053","https://detail.1688.com/offer/610625079434.html?kj_agent_plugin=aliprice&fromkv=xytTrace:0bf8ca8917649281237204888e0f46&token=0VIntsT4boPSKeUpuDFD7EGCzZQuPPSnNL7uTBSvi%2F0S0AEDkVipmHO7Kl%2FmZyuU","P1","'08-20","'5609498922","70.85","","20-40美金","20-40单","高价品"
"1","Xmax X-Max 250 Daytona 碳纤维凯夫拉自动双离合原装 5058","Xmax X-Max 250 Daytona 碳纤维凯夫拉自动双离合原装 5058","70.23","https://cf.shopee.com.my/file/id-11134207-7r98o-lt3lhhi8mnp5db","http://shopee.com.my/product/243512060/25819965921","摩托车零配件","传动系统、变速器和离合器","IVCN202608176647","'250509938402","https://detail.1688.com/offer/992071130153.html?kj_agent_plugin=aliprice&fromkv=xytTrace:0bab14ad17657880350667455e0d24&token=KLXtDKubsMVlOqYEutwLkMfvB2yDfmHTBhJcoiJaS%2BNO05tbPDcbIvzpfR0juF8m","P1","'08-20","'25819965921","70.23","","60-80美金","60-80单","高价品"
"1","适用于 Nmax、Xmax 和新款 Nmax PNP 版本的 ABS 模块更换","适用于 Nmax、Xmax 和新款 Nmax PNP 版本的 ABS 模块更换","70.03","https://cf.shopee.com.my/file/id-11134207-7rasd-m30q8pzjpec1b3","http://shopee.com.my/product/1403475382/26068876502","摩托车零配件","其他的","IVCN202608172737","'257115049165","无同款","P1","'08-20","'26068876502","70.03","","20-40美金","20-40单","高价品"
"1","适用于 2009-2012 年款 KLX150S 的川崎 KLX150 燃油箱,越野摩托车配件","黑色的","68.32","https://cf.shopee.ph/file/sg-11134201-7qvdl-lg9hl26s5v6tb4","http://shopee.ph/product/968099536/22241186513","摩托车零配件","燃油系统","IVCN202608174947","'184264928594","相似款：https://detail.1688.com/offer/681083868047.html?spm=a26352.b28411319.offerlist.6.3bbe1e62SLNMWH","P1","'08-20","'22241186513","68.32","","20-40美金","20-40单","高价品"
"1","Rouser NS 200 NS200 摩托车化油器","Rouser NS 200 NS200 摩托车化油器","67.69","https://cf.shopee.ph/file/cn-11134207-7r98o-lz8wuqrfih6b10","http://shopee.ph/product/139042172/8188325457","摩托车零配件","燃油系统","IVCN202608176125","'84092166491","https://detail.1688.com/offer/996923842271.html?kj_agent_plugin=aliprice&fromkv=xytTrace:0","P1","'08-20","'8188325457","67.69","","20-40美金","20-40单","高价品"
"1","X-ADV750 排气系统中段连接管碳纤维隔热罩消音器外壳,适用于 Adv Xadv 750","真碳纤维","67.26","https://cf.shopee.com.my/file/sg-11134201-7rd47-m7hghr7yo7qt3d","http://shopee.com.my/product/1354892577/28679969239","摩托车零配件","尾气和排放","IVCN202608175823","'178790088992","https://detail.1688.com/offer/1059535412666.html?fromkv=cbuPcPlugin:imageSearchDrawerCard&spm=a2639h.29135425.offerlist.i3&source=action%23offerItem%3Borigin%23cf.shopee.com.my&amug_biz=oneself&amug_fl_src=awakeId_982","P1","'08-20","'28679969239","67.26","","20-40美金","20-40单","高价品"
"1","ROUSER135 / 135 / PULSAR135（26.5MM）摩托车化油器","ROUSER135 / 135 / PULSAR135（26.5MM）摩托车化油器","67.26","https://cf.shopee.ph/file/cn-11134207-7r98o-lz8v6e26zxr6b9","http://shopee.ph/product/139042172/14170850486","摩托车零配件","燃油系统","IVCN202608176167","'153564629604","https://detail.1688.com/offer/629005502975.html?spm=a26352.b28411319.offerlist.21.234b1e62NuM2tG","P1","'08-20","'14170850486","67.26","","60-80美金","60-80单","高价品"
"1","适用于 Raider J 115 Fi、Shooter 115 Fi 的燃油泵总成,燃油泵滤清器总成,摩托车 15100-22J00-000","适用于 Raider J 115 Fi、Shooter 115 Fi 的燃油泵总成,燃油泵滤清器总成,摩托车 15100-22J00-000","66.54","https://cf.shopee.ph/file/sg-11134201-81ztp-mips1plf0gsi8e","http://shopee.ph/product/1027085186/27767147218","摩托车零配件","燃油系统","IVCN202608174537","'251995814719","相似款：https://detail.1688.com/offer/916142619663.html?spm=a26352.b28411319/2508.0.0","P1","'08-20","'27767147218","66.54","","20-40美金","20-40单","高价品"
"1","Raider J 115 Fi、Shooter 115 Fi 摩托车燃油泵总成,燃油泵滤清器总成 15100-22J00-000","15100-22J00-000/TTGR,raiderJ115Fi/shooter","66.37","https://cf.shopee.ph/file/sg-11134201-82580-mgd0mzbpzx8rb8","http://shopee.ph/product/399391123/27511754439","摩托车零配件","燃油系统","IVCN202608176565","'185403099209","https://detail.1688.com/offer/929659943488.html?","P1","'08-20","'27511754439","66.37","","20-40美金","20-40单","高价品"
"1","PCX 160 V2 V3 大灯透镜 高品质 PCX 160 透镜","pcx160镜头（旧款）","65.78","https://cf.shopee.ph/file/ph-11134207-81ztq-mimqstse22o7ca","http://shopee.ph/product/202104683/15181043055","摩托车零配件","车身及车架","IVCN202608171585","'172409273600","相似款：https://detail.1688.com/offer/745894560339.html?spm=a26352.b28411319/2508.0.0.6cfe1e6270J4Q3","P1","'08-20","'15181043055","65.78","","60-80美金","60-80单","低价品"
"1","CVT油箱盖 Yamaha NOUVO Z 5LW-E5492-00","CVT油箱盖 Yamaha NOUVO Z 5LW-E5492-00","65.15","https://cf.shopee.ph/file/sg-11134201-23010-gotonauzawlv19","http://shopee.ph/product/503549023/29072192235","摩托车零配件","车身及车架","IVCN202608175643","'185686628088","无同款","P1","'08-20","'29072192235","65.15","","20-40美金","20-40单","高价品"
"1","新款 Xmax 侧车身盖板,碳纤维图案,可接受预订","新款 Xmax 侧车身盖板,碳纤维图案,可接受预订","65","https://cf.shopee.com.my/file/id-11134207-7ra0r-mdctbqobu0jg84","http://shopee.com.my/product/1247747507/44212545922","其他的","","IVCN202608175547","'301051380180","相似款：https://detail.1688.com/offer/710207401247.html?spm=a26352.b28411319/2508.0.0","P0","'08-20","'44212545922","65","","20-40美金","20-40单","高价品"
"1","Jangeby G2 XMAX 250 定制皮带轮 XMAX 250 皮带轮 XMAX 皮带轮套装","Jangeby G2 XMAX 250 定制皮带轮 XMAX 250 皮带轮 XMAX 皮带轮套装","65","https://cf.shopee.com.my/file/id-11134207-7ra0n-mbf22ckeqxni15","http://shopee.com.my/product/441562431/23061699733","摩托车零配件","传动系统、变速器和离合器","IVCN202608176417","'250053400892","相似款：https://detail.1688.com/offer/681309781034.html?spm=a26352.b28411319/2508.0.0","P0","'08-20","'23061699733","65","","20-40美金","20-40单","高价品"
"1","标准赛车 wave125 suprax125 老款 Kirana supra 适合 kharisma BY NMR 1 赛车排气管","螺旋/低音 GAHAR,WAVE 125","63.71","https://cf.shopee.com.my/file/id-11134207-82250-mg51b9ft88we56","http://shopee.com.my/product/1002313550/42375505359","摩托车零配件","其他的","IVCN202608175365","'277067827298","无同款","P1","'08-20","'42375505359","63.71","","20-40美金","20-40单","高价品"
"1","铃木大灯外壳盖板 大灯及支架外壳 Raider Fi IndonesianSUZUKI","乌亮","63.09","https://cf.shopee.ph/file/7f5df45f5978eff153ef92ae694a5626","http://shopee.ph/product/423232471/21147919875","摩托车零配件","其他的","IVCN202608173209","'136791032273","无同款","P1","'08-20","'21147919875","63.09","","20-40美金","20-40单","高价品"
"1","后座支架 Giorno 真碳纤维后备箱门槛保护器","后座支架 Giorno 真碳纤维后备箱门槛保护器","61.73","https://cf.shopee.ph/file/sg-11134201-81ztj-mn4481sczr45cf","http://shopee.ph/product/399390617/46757631732","摩托车零配件","传动系统、变速器和离合器","IVCN202608171249","'297475687062","相似款：https://detail.1688.com/offer/916154379325.html?kj_agent_plugin=aliprice&fromkv=xytTrace:0","P1","'08-20","'46757631732","61.73","","20-40美金","20-40单","高价品"
"1","适用于 2016-2019 款 ZOOMER X（带数字仪表盘）的 KTC 燃油泵。AAA 品质。8 个月保修。KTC 品牌。燃油喷射泵……","适用于 2016-2019 款 ZOOMER X（带数字仪表盘）的 KTC 燃油泵。AAA 品质。8 个月保修。KTC 品牌。燃油喷射泵……","61.51","https://cf.shopee.co.th/file/th-11134207-81ztk-mhiwvw10q51db1","http://shopee.co.th/product/1529448596/48252153543","摩托车零配件","燃油系统","IVCN202608175975","'287203102844","https://detail.1688.com/offer/885302549655.html?kj_agent_plugin=aliprice&fromkv=xytTrace:2132815517823843795987859e0f53&token=OdPCMxHeWb6gsXG5QBnlcw4P4pm0H8iwUBY6yoEQrfbAQFT%2BkW7F%2BgBMzUAiqHwz","P1","'08-20","'48252153543","61.51","","20-40美金","20-40单","高价品"
"1","IKS RACING 节气门体,适用于雅马哈 MIO125 I' M3 MIO SOULI125 MIOI125S,规格：28mm、30mm、32mm、34mm。","节气门体,32毫米","60.77","https://cf.shopee.ph/file/cn-11134207-7ras8-mab7uzq6rzdjd8","http://shopee.ph/product/1514821238/26332862262","摩托车零配件","燃油系统","IVCN202608176169","'270200413692","https://detail.1688.com/offer/958675177743.html?kj_agent_plugin=aliprice&fromkv=xytTrace:213f867c17823809824378187e0e13&token=DON6CVjEuw17bw5BGSnuRaiA7b0uwfX4RTYeDOm5eZGC5QVJwpxqGKE%2FJphCWMxs","P1","'08-20","'26332862262","60.77","","20-40美金","20-40单","高价品"
"1","适用于雅马哈、哈雷、路王、吉普牧马人 JK LJ TJ CJ 的 7 英寸圆形 LED 转向灯/日间行车灯/前大灯 7 英寸汽车/摩托车前大灯","60瓦 D","60.58","https://cf.shopee.vn/file/cn-11134207-7r98o-lxen5pcgagqt21","http://shopee.vn/product/822497095/29500967807","摩托车零配件","灯光","IVCN202608171731","'137975899980","https://detail.1688.com/offer/771883118649.html?kj_agent_plugin=aliprice&fromkv=xytTrace:0","P1","'08-20","'29500967807","60.58","","20-40美金","20-40单","高价品"
"1","适用于雅马哈 NMAX 155 Aerox 155 的全套燃油泵","适用于雅马哈 NMAX 155 Aerox 155 的全套燃油泵","58.84","https://cf.shopee.ph/file/id-11134207-7r98q-lq8m8yxbqfxa02","http://shopee.ph/product/414226019/9936016156","摩托车零配件","其他的","IVCN202608176097","'25122213255","https://detail.1688.com/offer/877446817696.html?fromkv=cbuPcPlugin:imageSearchDrawerCard&spm=a2639h.29135425.offerlist.i5&source=action%23offerItem%3Borigin%23shopee.ph&amug_biz=oneself&amug_fl_src=awakeId_982","P1","'08-20","'9936016156","58.84","","40-60美金","40-60单","高价品"
"1","适用于 2017-2023 年款 Vespa Sprint Primavera 踏板车的电池盖。","意大利色彩","58.61","https://cf.shopee.co.th/file/sg-11134201-7qvg1-lg4uhjxqxtet10","http://shopee.co.th/product/683664475/18288216162","摩托车配件","封面","IVCN202608175117","'186708245667","https://detail.1688.com/offer/801946847169.html?kj_agent_plugin=aliprice&fromkv=xytTrace%3A210702e017751188897307591e10d7&token=e0toJK6aZnAoHe0y15HmFGXEpxfUjE5GEwHD8nxFMP58ruQlrz%2Br0fp%2Brm7fMmv7&tracelog=cps&clickid=90d37eb140044d131f2102c80a1354b2&targetUrl=https%3A%2F%2Fs.click.1688.com%2Ft%3Fe%3DD2DC7A927D55C03D6511A0CCA913FD65D6FA062685DFF8F7D920A558D1D5758C4B369BE324A83E744B8F19128B0D93E33FB8088B45F57B9E47F28FD2CC0E231B18AD4F779334558760FEF997084D4D5331EB6FC8DBCADED4C6C8CEEEE21320CC4BD39EA2FE12E3B1C9184BB35A613B0514DF9ACAFE256B1B8EEDF8E7CB86AA18CF3A1ACDD3190576348394BC3CC3C62B9992F8828C4BE8928408EC176DBF168238D236CEDB4565B13C840F5083BC54CBAEC27C8FB02AA71DCE1EC96F1677984F7C80E58EFC4C34EEDF466BC04F0BDF2A3B8C284A6F664CEC1FD3D70F623644139D664520766CAD4E7F02AE94D002F012%26cbu_cps_trace_flag%3Dwrite","P1","'08-20","'18288216162","58.61","","20-40美金","20-40单","高价品"
"1","TWPO 摩托车轮胎,尺寸 90/90R12（每条轮胎）,流行的赛车胎面花纹,XJ315。","TWPO 摩托车轮胎,尺寸 90/90R12（每条轮胎）,流行的赛车胎面花纹,XJ315。","58.14","https://cf.shopee.co.th/file/th-11134207-7r98p-lu79l1kfg2pt7a","http://shopee.co.th/product/1100174430/24674628140","摩托车零配件","轮胎及配件","IVCN202608172401","'109140803010","相似款：https://detail.1688.com/offer/734130747484.html?spm=a26352.13672862.offerlist.16.12b44c03X3VSpl&offerId=734130747484&sortType=&pageId=&abBizDataType=cbuOffer&hotSaleSkuId=5078893001205&trace_log=normal&uuid=ea91bdf674074ce890724b38f8fabe92&forcePC=1772710872750","P1","'08-20","'24674628140","58.14","","20-40美金","20-40单","高价品"
"1","适用于雅马哈 MiO Soul i 125 MiO Soul 125 Soul gt 125 摩托车仪表数字 LED 速度表总成","适用于雅马哈 MiO Soul i 125 MiO Soul 125 Soul gt 125 摩托车仪表数字 LED 速度表总成","58","https://cf.shopee.ph/file/cn-11134207-820l4-mnwojvc2heyt1e","http://shopee.ph/product/518633072/47610030896","摩托车配件","速度表、里程表和仪表","IVCN202608176517","'360883117788","相似款：https://detail.1688.com/offer/992777049095.html?spm=a26352.b28411319/2508.0.0","P0","'08-20","'47610030896","58","","40-60美金","40-60单","高价品"
"1","节气门体 LC150 Y15 y15zr SNIPER150 I EXCITER150 Jupiter MX King 32mm 34mm 36mm 38mm 40mm 2ND Racing for","节气门+进气,32毫米","57.89","https://cf.shopee.ph/file/cn-11134207-7r98o-lsji2c00qcpp8a","http://shopee.ph/product/139042172/3777037104","摩托车零配件","燃油系统","IVCN202608175911","'204947051968","https://detail.1688.com/offer/685509063836.html?fromkv=cbuPcPlugin:imageSearchDrawerCard&spm=a2639h.29135425.offerlist.i2&source=action%23offerItem%3Borigin%23cf.shopee.ph&amug_biz=oneself&amug_fl_src=awakeId_982","P1","'08-20","'3777037104","57.89","","40-60美金","40-60单","高价品"
"1","适用于 KLX DTracker CRF WR 的防水超薄真皮座套,防渗漏摩托车座套","黑色的","57.58","https://cf.shopee.ph/file/id-11134207-7r991-lm3zxyu96oqc60","http://shopee.ph/product/316240187/23255961753","摩托车配件","座椅和座椅套","IVCN202608175603","'148379800704","相似款：https://detail.1688.com/offer/847314420850.html?spm=a26352.b28411319.offerlist.11.4c851e62ZzSLVm","P1","'08-20","'23255961753","57.58","","20-40美金","20-40单","高价品"
"1","盖 ADV 150knalpot 18358K0WN00","盖 ADV 150knalpot 18358K0WN00","57.3","https://cf.shopee.com.my/file/466a2ceec3f92b13d7fb87fb6364348d","http://shopee.com.my/product/328836112/28972772424","摩托车零配件","尾气和排放","IVCN202608176655","'233677243886","相似款：https://detail.1688.com/offer/977353178628.html?fromkv=cbuPcPlugin:imageSearchDrawerCard&spm=a2639h.29135425.offerlist.i2&source=action%23offerItem%3Borigin%23shopee.com.my&amug_biz=oneself&amug_fl_src=awakeId_982","P1","'08-20","'28972772424","57.3","","20-40美金","20-40单","高价品"
"1","2023新款巴西摩托车速度表里程表数字面板,适用于CG/Titan 150 ESD 2009至2013款,蓝色,型号37100-KVS-901","2023新款巴西摩托车速度表里程表数字面板,适用于CG/Titan 150 ESD 2009至2013款,蓝色,型号37100-KVS-901","57.01","https://cf.shopee.com.br/file/sg-11134201-7rbn4-llbideo0yfjpf8","http://shopee.com.br/product/1040586586/22992340249","摩托车配件","速度表、里程表和仪表","IVCN202608176461","'169390603549","https://detail.1688.com/offer/817239839139.html?kj_agent_plugin=aliprice&fromkv=xytTrace:2104e90217431515942644834e129e&token=ZhnYssfoWxoZtj5aTllIFwVahSQ0mRmG1o2E00k8RFg%2FL7nrFJjEW%2BrlalMfQiC0","P1","'08-20","'22992340249","57.01","","100-300美金","200-300单","高价品"
"1","适用于 Mio i 125/SOUL i 125/MIO/NMAX V2/BEAT/BEAT FI/BEAT FI V2/CLICK 125 i 和化油器型的变速箱齿轮组零件","MIO i 125/SOUL i 125","56.74","https://cf.shopee.ph/file/cn-11134207-820l4-mhwohp753ldvfb","http://shopee.ph/product/1667819383/46251388779","摩托车零配件","传动系统、变速器和离合器","IVCN202608175535","'415339309301","https://detail.1688.com/offer/976698062491.html?spm=a26352.b28411319/2508.0.0","P1","'08-20","'46251388779","56.74","","60-80美金","60-80单","高价品"
"1","Camel CM705 越野轮胎,大胎面,标准轮胎,泰国制造,适用于摩托车。","CM705 90/100-17,含内胎。","56.07","https://cf.shopee.co.th/file/th-11134207-7r992-lzdl209w9ajteb","http://shopee.co.th/product/319769730/28855474320","摩托车零配件","轮胎及配件","IVCN202608175713","'158763082962","相似款：https://detail.1688.com/offer/664727460362.html?lang=zh&kjSource=pc&fromkv=refer%3AHVDFOR2TGRCFGTSGKJLUWVCDKFGDIM2EJVHEEWCHJEZVISKOKJIUOTJTIRCVQM2NJ5BEMV2LGZGFQTRVLJDUSVJTIZGUMWSHI4ZEGN2HIUZVIT2NLJKEOWJUIREU6QSYI5GVSRCJLAZTGUCVHU6T2PJ5JU111111&bizType=saasTool&customerId=alipriceLP","P1","'08-20","'28855474320","56.07","","20-40美金","20-40单","高价品"
"1","Nmax阀门触发套件3件套2DP钢琴阀n-max摇臂","Nmax阀门触发套件3件套2DP钢琴阀n-max摇臂","55","https://cf.shopee.ph/file/b6df6d9903386074e26bbd11bb2b0f87","http://shopee.ph/product/858633224/21043808047","摩托车零配件","其他的","IVCN202608175349","'212219069995","https://detail.1688.com/offer/811007413792.html?spm=a26352.b28411319/2508.0.0","P0","'08-20","'21043808047","55","","20-40美金","20-40单","高价品"
"1","3.0泵/3.5泵赛车燃油泵总成 2DP - Mio i 125、Gravis、Sporty Aerox、Nmax、Sniper","燃油泵总成-Eastarspeed","54.77","https://cf.shopee.ph/file/sg-11134201-7rdyc-mc7fuxy7h7sw60","http://shopee.ph/product/273700948/21106121701","摩托车零配件","燃油系统","IVCN202608175049","'206106238185","相似款：https://detail.1688.com/offer/862774631250.html?kj_agent_plugin=aliprice&fromkv=xytTrace:0","P1","'08-20","'21106121701","54.77","","20-40美金","20-40单","高价品"
"1","适用于川崎 Barako 175 的 TTGR 前伸缩式减震器 | 直接替换前叉","适用于川崎 Barako 175 的 TTGR 前伸缩式减震器 | 直接替换前叉","52.94","https://cf.shopee.ph/file/74a6837a7f291cdfe816544945696561","http://shopee.ph/product/287163330/20544337593","摩托车零配件","减震器、支柱和悬架","IVCN202608175473","'192243835269","相似款：https://detail.1688.com/offer/571414022437.html?fromkv=cbuPcPlugin:imageSearchDrawerCard&spm=a2639h.29135425.offerlist.i1&source=action%23offerItem%3Borigin%23cf.shopee.co.th&amug_biz=oneself&amug_fl_src=awakeId_982","P1","'08-20","'20544337593","52.94","","20-40美金","20-40单","高价品"
"1","全新/全新115型化油器 泰国化油器","全新/全新115型化油器 泰国化油器","51.67","https://cf.shopee.ph/file/cn-11134207-7ras8-m8ljtmgtkxde93","http://shopee.ph/product/139042172/10924752979","摩托车零配件","燃油系统","IVCN202608174473","'66874366698","https://detail.1688.com/offer/684646033082.html?fromkv=cbuPcPlugin:imageSearchDrawerCard&spm=a2639h.29135425.offerlist.i0&source=action%23offerItem%3Borigin%23shopee.ph&amug_biz=oneself&amug_fl_src=awakeId_982","P1","'08-20","'10924752979","51.67","","20-40美金","20-40单","高价品"
"1","SGP 原装 Raider 150 fi r150 整流罩/大灯罩","亮黑色","51.33","https://cf.shopee.ph/file/22489f37250172b529dff4eff92b2db9","http://shopee.ph/product/136753764/8183503644","摩托车零配件","车身及车架","IVCN202608170757","'83795399669","相似款：https://detail.1688.com/offer/952373431391.html?spm=a26352.b28411319/2508.0.0","P1","'08-20","'8183503644","51.33","","20-40美金","20-40单","高价品"
"1","TRC RACING AEROX 155 v1/v2 CNC刹车杆 8153","银","50.91","https://cf.shopee.ph/file/ph-11134207-81zti-mgbo3dbkrvgt0f","http://shopee.ph/product/867659253/41200717955","摩托车零配件","车身及车架","IVCN202608172319","'227817542700","相似款：https://detail.1688.com/offer/818640179964.html?spm=a26352.b28411319/2508.0.0","P1","'08-20","'41200717955","50.91","","20-40美金","20-40单","高价品"
"1","【我的配送】ROCKBROS 摩托车边包 耐磨便携 1.5L 储物包 碳纤维纹车架包 侧包 CM300/CM500","左与右","50.34","https://cf.shopee.com.my/file/2c65df48da08b1b8bf4dab61d3f90405","http://shopee.com.my/product/154434718/18320028279","摩托车配件","盒子和箱子","IVCN202608175673","'191070552446","https://detail.1688.com/offer/676129585816.html?kj_agent_plugin=aliprice&fromkv=xytTrace:0","P1","'08-20","'18320028279","50.34","","20-40美金","20-40单","高价品"
"1","Slincer rms gp pro 黑色双色徽标 Inlet 50 免费纸板","Slincer rms gp pro 黑色双色徽标 Inlet 50 免费纸板","50.2","https://cf.shopee.ph/file/id-11134207-7rasm-m3kt8xmmwbh9c9","http://shopee.ph/product/555833578/26970183151","摩托车零配件","尾气和排放","IVCN202608176181","'215627099091","相似款：https://detail.1688.com/offer/861557806488.html?spm=a26352.b28411319/2508.0.0","P1","'08-20","'26970183151","50.2","","20-40美金","20-40单","高价品"
"1","51mm 通用摩托车碳纤维排气消声器尾管带消音器","C","50.15","https://cf.shopee.com.my/file/0080dc7202d63f9778fd0f2067ba57ad","http://shopee.com.my/product/128294031/2334101239","摩托车零配件","尾气和排放","IVCN202608173217","'4673530404","https://detail.1688.com/offer/976341507005.html?kj_agent_plugin=aliprice&fromkv=xytTrace:0b51056217657671768144057e0fba&token=hbgCS4GNuirmk%2ByNWGmZKLWkqtP0tXuwmj0S%2BpSKhfsYVff9TzTnkHkel%2FEG8QtK","P1","'08-20","'2334101239","50.15","","20-40美金","20-40单","高价品"
"1","K46活塞连杆加曲轴轴承 popBEAT fi Esp scoopy esp vario 110 esp","K46活塞连杆加曲轴轴承 popBEAT fi Esp scoopy esp vario 110 esp","50","https://cf.shopee.ph/file/id-11134207-7r98t-lpdwrvq9i9ardf","http://shopee.ph/product/345943626/28642015842","摩托车零配件","传动系统、变速器和离合器","IVCN202608176525","'306696003626","相似款：https://detail.1688.com/offer/839573181115.html?spm=a26352.b28411319/2508.0.0","P0","'08-20","'28642015842","50","","20-40美金","20-40单","高价品"
"1","Underbone Bracket G1 MX King V1/ V2 A-One PNP RCB Rapido 所有颜色（赠送衬套和贴纸）","Underbone Bracket G1 MX King V1/ V2 A-One PNP RCB Rapido 所有颜色（赠送衬套和贴纸）","50","https://cf.shopee.ph/file/id-11134207-7rbkc-m9wsjkd0j7sgdb","http://shopee.ph/product/1531022298/27285550594","摩托车配件","其他的","IVCN202608173727","'198488481779","相似款：https://detail.1688.com/offer/832362224590.html?kj_agent_plugin=aliprice&fromkv=xytTrace:0b52090217769246304235819e1132&token=S8azi4dlMCNOWXXNEMuKCm%2Bh%2FRzkcz%2BMogzNvMmWOryboU4ZZyZBOT9xBzv%2FNsAQ","P0","'08-20","'27285550594","50","","20-40美金","20-40单","低价品"
"1","HOTOP 双遮阳板摩托车头盔 Topi Keledar Motosikal 防护电机全盔公路赛车头盔","黑蓝","49.47","https://cf.shopee.com.my/file/cn-11134207-7r98o-lnmtrgnpxfns38","http://shopee.com.my/product/1013658762/14598370218","摩托车头盔及配件","","IVCN202608175243","'49364463617","相似款：https://detail.1688.com/offer/841101264269.html?spm=a26352.b28411319/2508.0.0&cosite=-&tracelog=p4p&_p_isad=1&clickid=711ecd6244fe49a88878d5c6e3858d5e&sessionid=19cfd89659554dcd98b34f8d013e2e18","P1","'08-20","'14598370218","49.47","","20-40美金","20-40单","高价品"
"1","TPS MX KING 适配器,适用于 MIO M3 S 摩托车、MIO GEAR/FREEGO","TPS MX KING 适配器,适用于 MIO M3 S 摩托车、MIO GEAR/FREEGO","48.8","https://cf.shopee.ph/file/id-11134207-8224q-mkmqmk8cho1w59","http://shopee.ph/product/1489714194/54906168998","摩托车零配件","其他的","IVCN202608175677","'310561481252","无同款","P1","'08-20","'54906168998","48.8","","20-40美金","20-40单","高价品"
"1","Koso 4合1发动机转速表,带温度计、电压表、小时计、计时器和摩托车电压表功能。","迷你 4 米 + 14 毫米","48.3","https://cf.shopee.co.th/file/cn-11134207-7r98o-llnchtpgjgyg26","http://shopee.co.th/product/121967049/23854750188","摩托车配件","速度表、里程表和仪表","IVCN202608174975","'204580820350","相似款：https://detail.1688.com/offer/783295665280.html?kj_agent_plugin=aliprice&fromkv=xytTrace%3A0&tracelog=cps&clickid=c76b28f6a1b41a758a58430f6b8dc906&targetUrl=https%3A%2F%2Fs.click.1688.com%2Ft%3Fe%3DD2DC7A927D55C03D6511A0CCA913FD65D6FA062685DFF8F7D920A558D1D5758C4B369BE324A83E744B8F19128B0D93E33FB8088B45F57B9E47F28FD2CC0E231B18AD4F779334558760FEF997084D4D5331EB6FC8DBCADED4C6C8CEEEE21320CC4BD39EA2FE12E3B19D7E2E6C949FAC2A3B1F8C665A1D1855CF0213FB9884C4E0AA2C18A08E0782A7348394BC3CC3C62B9992F8828C4BE892223376FEFFD239C98099C6519BFD0AA5B612CE62FC4EE70FF089B771F74964DC465E639F01CE65D5FC50241FA637B2F61EE212A1E6622A48D69FF5BDED5C9476DBF8CAF803619D6CF714CA74187C719DC101D99687863695%26cbu_cps_trace_flag%3Dwrite","P1","'08-20","'23854750188","48.3","","20-40美金","20-40单","高价品"
"1","适用于 Satria 喷射式公路赛车和标准排气管的半弯曲颈部","类型：公路赛","48.19","https://cf.shopee.ph/file/id-11134207-7qukx-ljw5c6q1wssvdd","http://shopee.ph/product/447018984/44179842699","摩托车零配件","尾气和排放","IVCN202608176247","'320745014145","相似款：https://detail.1688.com/offer/901001889154.html?kj_agent_plugin=aliprice&fromkv=xytTrace:0","P1","'08-20","'44179842699","48.19","","20-40美金","20-40单","高价品"
"1","REVIT REG-80 真皮摩托车手套,越野摩托车专业赛车防护,带触摸屏","因此,XL","48.01","https://cf.shopee.com.br/file/sg-11134201-7qvea-ljfgqxkb57rj9f","http://shopee.com.br/product/960831028/25376572710","其他的","","IVCN202608175815","'226268372142","相似款：https://detail.1688.com/offer/653759093813.html?spm=a26352.b28411319/2508.0.0","P1","'08-20","'25376572710","48.01","","20-40美金","20-40单","高价品"
"1","RS8 TARAGSIT 滑轮组 PCX 150 160 ADV 150 160 CLICK 160 GIORNO","红色驱动面","48","https://cf.shopee.ph/file/ph-11134207-7qul4-likb2m1cqlmud3","http://shopee.ph/product/150801845/6616534229","摩托车零配件","传动系统、变速器和离合器","IVCN202608173791","'206844481477","相似款：https://detail.1688.com/offer/824837508399.html?kj_agent_plugin=aliprice&fromkv=xytTrace:212b5ecd17742381332971465e0da8&token=lZon5sPrQTlL5x2GNL3iU4DW3%2F8agPThnLdMSDSJ4GRYaRZ7aNIDjLiQwCWeA9nX","P0","'08-20","'6616534229","48","","40-60美金","40-60单","高价品"
"1","Delkevic Satria Fu 150 GSX 150S GSX 150R 前碟刹,浮动式碟刹,Satria Fu 化油器,Fu 新款 GSX 150 Delkevic CNC 浮动式碟刹,尺寸 320mm","银色,Satria Fu 150","48","https://cf.shopee.ph/file/id-11134201-7qukz-lh7xlk6fed829d","http://shopee.ph/product/358919981/27938006482","摩托车零配件","制动系统","IVCN202608175541","'109519385013","相似款：https://detail.1688.com/offer/682767403828.html?kj_agent_plugin=aliprice&fromkv=xytTrace:1","P0","'08-20","'27938006482","48","","60-80美金","60-80单","高价品"
"1","原装雅马哈 Xmax 碳纤维凯夫拉排气罩 Xmax Xmax 250 配件","斜纹布","48","https://cf.shopee.com.my/file/id-11134207-7r98y-lrfnhfscfx0917","http://shopee.com.my/product/580202520/24112633799","摩托车配件","其他的","IVCN202608171653","'148690748870","https://detail.1688.com/offer/871557595563.html?spm=a26352.b28411319.offerlist.32.5d671e62mzRbx7","P0","'08-20","'24112633799","48","","40-60美金","40-60单","高价品"
"1","离合器改装套件 WAVE100、WAVE110、XRM110 摩托车性能配件","离合器改装套件 WAVE100、WAVE110、XRM110 摩托车性能配件","47.76","https://cf.shopee.ph/file/sg-11134201-8258a-mfyxnn4ii7ey6f","http://shopee.ph/product/273700948/41718206155","摩托车零配件","传动系统、变速器和离合器","IVCN202608176313","'296496794478","相似款：https://detail.1688.com/offer/1056977858538.html?spm=a26352.b28411319/2508.0.0","P1","'08-20","'41718206155","47.76","","80-100美金","80-100单","高价品"
"1","智能车库医生 API #最新版医生 API (API),泰语版,无年费。","智能车库医生 API #最新版医生 API (API),泰语版,无年费。","47.65","https://cf.shopee.co.th/file/th-11134207-81ztp-mev8ddlrvnk4db","http://shopee.co.th/product/66882180/7417414772","其他的","","IVCN202608174351","'22926679207","无同款","P1","'08-20","'7417414772","47.65","","300-500美金","400-500单","高价品"
"1","TRC RACING RAIDER 化油器/电喷（2015款及以后）CNC刹车杆 8152","银","47.21","https://cf.shopee.ph/file/ph-11134207-7ras9-m9plmg0uhsfn86","http://shopee.ph/product/867659253/41200722555","摩托车零配件","车身及车架","IVCN202608176543","'270057121330","相似款：https://detail.1688.com/offer/818640179964.html?spm=a26352.b28411319/2508.0.0","P1","'08-20","'41200722555","47.21","","20-40美金","20-40单","高价品"
"1","正品KAMUI车把堵头,双色,纤细设计。适用于多种车型：Wave、Forza、Xmax、Lead、PCX、Mio、Fino、Nuvo、Grandfilano、Vespa。","灰色的","46.62","https://cf.shopee.co.th/file/th-11134207-7r992-lsa6416m8sq648","http://shopee.co.th/product/34580050/25665773539","摩托车配件","其他的","IVCN202608176291","'197336816922","相似款：https://detail.1688.com/offer/755337677255.html?spm=a26352.13672862.offerlist.4.3ff91e62bGNcyx&offerId=755337677255&sortType=&pageId=&abBizDataType=cbuOffer&trace_log=normal&uuid=5726ca153b994c84ad7476a656f85176&skuId=-1&forcePC=1765185993594","P1","'08-20","'25665773539","46.62","","20-40美金","20-40单","高价品"
"1","3.00-16 外胎,16 英寸轮辋,CAMEL 品牌,前轮胎花纹,后轮胎花纹","直纹图案 + 内胎","46.22","https://cf.shopee.co.th/file/th-11134207-7r98z-lvidek9ytn7ecd","http://shopee.co.th/product/191923223/27750401779","摩托车零配件","轮胎及配件","IVCN202608176175","'215112814981","相似款：https://detail.1688.com/offer/939206676898.html?spm=a26352.b28411319.offerlist.136.2ed11e62o0FCzZ","P1","'08-20","'27750401779","46.22","","20-40美金","20-40单","高价品"
"1","适用于 Sonic 150R K56 2015-2023 的 K56 点火钥匙套装","适用于 Sonic 150R K56 2015-2023 的 K56 点火钥匙套装","46","https://cf.shopee.ph/file/id-11134207-7r98u-lvpil036uzh223","http://shopee.ph/product/345943626/28551626010","摩托车配件","锁具与安防","IVCN202608175167","'187553559263","相似款：https://detail.1688.com/offer/1007301159536.html?spm=a26352.b28411319/2508.0.0","P0","'08-20","'28551626010","46","","20-40美金","20-40单","高价品"
"1","适用于 LS Dash 的铝制进气歧管,适用于开口为 28-32 毫米的化油器。","适用于 LS Dash 的铝制进气歧管,适用于开口为 28-32 毫米的化油器。","45.74","https://cf.shopee.co.th/file/th-11134207-7rasi-m7xjo7m2h7jw86","http://shopee.co.th/product/121106817/27081279512","摩托车零配件","燃油系统","IVCN202608176301","'157761866445","无同款","P1","'08-20","'27081279512","45.74","","20-40美金","20-40单","高价品"
"1","雅马哈前刹车总泵壳体 Mio J Mio M3 125 Mio sporty Smile Karbu Fino Vega Jupiter Mx VegaZR 5P0-F5807-00 雅马哈原装","雅马哈前刹车总泵壳体 Mio J Mio M3 125 Mio sporty Smile Karbu Fino Vega Jupiter Mx VegaZR 5P0-F5807-00 雅马哈原装","45.66","https://cf.shopee.ph/file/id-11134207-7r992-lwqvwio5fynid0","http://shopee.ph/product/312995541/25432470378","摩托车零配件","制动系统","IVCN202608175519","'128979458872","无同款","P1","'08-20","'25432470378","45.66","","20-40美金","20-40单","高价品"
"1","MESIN 发动机盖缸体、风扇罩 14D 和橡胶密封件 MIO SOUL CARBON FINO CARBON 原装 YAMAHA MIO SPORTY MIO SOUL KARBU FINO KARBU","发动机罩套装","45.48","https://cf.shopee.ph/file/id-11134207-81zto-mfkst4ui5kb270","http://shopee.ph/product/509385551/42823184726","摩托车零配件","车身及车架","IVCN202608176333","'266885554027","无同款","P1","'08-20","'42823184726","45.48","","20-40美金","20-40单","高价品"
"1","适用于雅马哈 XMAX 2025-2026 的 XMAX V3 互联后视镜。后视镜,XMAX 后视镜。","适用于雅马哈 XMAX 2025-2026 的 XMAX V3 互联后视镜。后视镜,XMAX 后视镜。","45","https://cf.shopee.co.th/file/cn-11134207-820l4-mmtp64u76i2s85","http://shopee.co.th/product/1517706742/44903193132","摩托车配件","镜子及配件","IVCN202608176403","'445305869103","https://detail.1688.com/offer/855637624344.html?spm=a26352.b28411319/2508.0.0","P0","'08-20","'44903193132","45","","20-40美金","20-40单","高价品"
"1","JANGEBY G2 Xmax 250 Xmax 300 凯夫拉芳纶纤维双离合变速器","JANGEBY G2 Xmax 250 Xmax 300 凯夫拉芳纶纤维双离合变速器","45","https://cf.shopee.com.my/file/id-11134207-7ra0q-mdloi9zbkiu0b0","http://shopee.com.my/product/441562431/40562186939","摩托车零配件","传动系统、变速器和离合器","IVCN202608174515","'296020347877","相似款：https://detail.1688.com/offer/849389119897.html?fromkv=cbuPcPlugin:imageSearchDrawerCard&spm=a2639h.29135425.offerlist.i12&source=action%23offerItem%3Borigin%23shopee.com.my&amug_biz=oneself&amug_fl_src=awakeId_982","P0","'08-20","'40562186939","45","","20-40美金","20-40单","高价品"
"1","HIFAST 通用摩托车速度表里程表带 LED 指示档位显示","HIFAST 通用摩托车速度表里程表带 LED 指示档位显示","45","https://cf.shopee.ph/file/cn-11134207-7ras8-m2tb4n6wdhw359","http://shopee.ph/product/1001377018/23072239843","摩托车配件","速度表、里程表和仪表","IVCN202608171245","'221752498497","https://detail.1688.com/offer/631361681729.html?kj_agent_plugin=aliprice&fromkv=xytTrace:0","P0","'08-20","'23072239843","45","","20-40美金","20-40单","高价品"
"1","NVX V2/AEROX 155 连接式 V2 碳纤维凯夫拉前领带盖","斜纹布","45","https://cf.shopee.com.my/file/db7ef29e4a267c917620a7f703f7b49c","http://shopee.com.my/product/344616975/21602542756","摩托车零配件","车身及车架","IVCN202608176399","'172719977548","https://detail.1688.com/offer/771777154884.html?fromkv=cbuPcPlugin:imageSearchDrawerCard&spm=a2639h.29135425.offerlist.i1&source=action%23offerItem%3Borigin%23shopee.com.my&amug_biz=oneself&amug_fl_src=awakeId_982","P0","'08-20","'21602542756","45","","60-80美金","60-80单","高价品"
"1","前挡板支架/全新AEROX NVX V2,连接155原装碳纤维凯夫拉","斜纹布,平帘型号","45","https://cf.shopee.com.my/file/id-11134207-7r98s-ln120hoyqyk60b","http://shopee.com.my/product/881829358/20654413205","摩托车零配件","车身及车架","IVCN202608175419","'225759291293","相似款：https://detail.1688.com/offer/771777154884.html?spm=a26352.b28411319/2508.0.0.385a1e62kX5cap","P0","'08-20","'20654413205","45","","40-60美金","40-60单","高价品"
"1","Carburetor Cop Thai Lc135 V1lc 135 Sniper135 V1 Thailand","Carburetor Cop Thai Lc135 V1lc 135 Sniper135 V1 Thailand","44.62","https://cf.shopee.ph/file/cn-11134207-7r98o-ly7d77lxhq5e41","http://shopee.ph/product/139042172/7812814096","摩托车零配件","燃油系统","IVCN202608176535","'32044093522","https://detail.1688.com/offer/823856386012.html?kj_agent_plugin=aliprice&fromkv=xytTrace:0","P1","'08-20","'7812814096","44.62","","20-40美金","20-40单","高价品"
"1","MUFAC 把手 NMAX / PCX 通用泰国制造","MUFAC 带徽标中号","44.48","https://cf.shopee.ph/file/ph-11134207-7qula-lh9j0vzdbwdc5c","http://shopee.ph/product/223713733/19660199236","摩托车零配件","车身及车架","IVCN202608176319","'245242925098","相似款：https://detail.1688.com/offer/939818841802.html?kj_agent_plugin=aliprice&fromkv=xytTrace:2108837b17719287510504690e0ddc&token=CrQSXp%2F5blBy3TbOy6wJnNsweAKs8y2V3UTMkWAxCCf0fvaLzPkyPBjjpPg%2B6huV","P1","'08-20","'19660199236","44.48","","20-40美金","20-40单","高价品"
"1","Sinolyn 双 LED 天使眼透镜,适用于摩托车前大灯 H7 H4 2.5 英寸汽车前大灯双氙气投影仪螺旋风火轮配件","白蓝","44","https://cf.shopee.com.my/file/49618395902733ce9b36186fa3801909","http://shopee.com.my/product/190994491/21519664186","摩托车零配件","灯光","IVCN202608176351","'211053509527","https://detail.1688.com/offer/987762330938.html?spm=a26352.b28411319/2508.0.0&cosite=-&tracelog=p4p&_p_isad=1&clickid=e10f1fd325234112b53924d8a8db75bd&sessionid=ac8ff6873feb87c405cab0b4b2e68707","P0","'08-20","'21519664186","44","","20-40美金","20-40单","高价品"
"1","Lazy 3D Mio Sporty 5TL ZORO 前转向灯","Lazy 3D Mio Sporty 5TL ZORO 前转向灯","43.77","https://cf.shopee.ph/file/id-11134207-8224t-mjtw2kewcv0n65","http://shopee.ph/product/494027906/47554362746","摩托车零配件","灯光","IVCN202608176619","'335408398404","相似款：https://detail.1688.com/offer/706206716546.html?fromkv=cbuPcPlugin:imageSearchDrawerCard&spm=a2639h.29135425.offerlist.i13&source=action%23offerItem%3Borigin%23shopee.ph&amug_biz=oneself&amug_fl_src=awakeId_982","P1","'08-20","'47554362746","43.77","","20-40美金","20-40单","高价品"
"1","导管空气 - 活塞块 CVT Yamaha Nouvo Z 和 Catfish 原装 YGP 5LW-E5471-00","导管空气 - 活塞块 CVT Yamaha Nouvo Z 和 Catfish 原装 YGP 5LW-E5471-00","43.49","https://cf.shopee.ph/file/e900c98cab1b484a75a3bc68cf8e4659","http://shopee.ph/product/345950271/25237921443","摩托车零配件","其他的","IVCN202608173819","'99680964644","无同款","P1","'08-20","'25237921443","43.49","","20-40美金","20-40单","高价品"
"1","Vespa轮胎,Vespa-LX,Vespa-S,110/70-11（前轮）,120/70-10（后轮）,DEESTONE,D826花纹。","120/70-10 后轮 D826","43.04","https://cf.shopee.co.th/file/th-11134207-7r98u-lvkhz3ozrnqa24","http://shopee.co.th/product/191923223/19388459933","摩托车零配件","轮胎及配件","IVCN202608175627","'194275063678","相似款：https://detail.1688.com/offer/679413115097.html?spm=a26352.13672862.offerlist.37.3bd51e62dET4id&offerId=679413115097&sortType=&pageId=&abBizDataType=cbuOffer&hotSaleSkuId=5941030570913&trace_log=normal&uuid=40177e16f6ea4fd7b080249013e7caff&forcePC=1784624034596","P1","'08-20","'19388459933","43.04","","20-40美金","20-40单","高价品"
"1","全新原装 MT25、MT15、XSR、R15V3、Xabre/TFX/Mslaz、CBX150 减震器盖（上下颠倒）摩托车配件","黑色碳纤维,MT15 / XSR155","42.96","https://cf.shopee.com.my/file/id-11134207-7qukx-lfz1t9bayx7yc6","http://shopee.com.my/product/1268394247/28804501015","摩托车配件","其他的","IVCN202608176189","'246138146188","相似款：https://detail.1688.com/offer/752880581604.html?spm=a26352.13672862.offerlist.28.eb126a53AvZf9F&offerId=752880581604&sortType=&pageId=&abBizDataType=cbuOffer&trace_log=normal&uuid=0551ef7d7c33457c8f2c4712f5d56a7f&skuId=5464938142973&forcePC=1764642894886","P1","'08-20","'28804501015","42.96","","20-40美金","20-40单","高价品"
"1","多米诺开关 白色 防水喇叭/远近光/辅助灯/前大灯/开/关 通用型","紫色的","42.76","https://cf.shopee.ph/file/ph-11134207-81ztq-mfxojrkouf484a","http://shopee.ph/product/291373987/6753992099","摩托车零配件","喇叭和配件","IVCN202608176467","'301999138692","相似款：https://detail.1688.com/offer/737850912094.html?kj_agent_plugin=aliprice&fromkv=xytTrace:0bab14ad17676984514006423e0d83&token=R3hxi%2BPrm5zqXzAXvG1OPczei7X2inmV4icZjI495OOjizIJpHUe9RSHKJKhfK6J","P1","'08-20","'6753992099","42.76","","20-40美金","20-40单","高价品"
"1","适用于 XRM 110 xrm 125 RS125 FI TRINITY RS 125 FI 数字仪表 数字电子速度表","适用于 XRM 110 xrm 125 RS125 FI TRINITY RS 125 FI 数字仪表 数字电子速度表","42.74","https://cf.shopee.ph/file/sg-11134201-22100-5ryuniu08yiv56","http://shopee.ph/product/202503691/21556841717","摩托车配件","速度表、里程表和仪表","IVCN202608172385","'164857627724","https://detail.1688.com/offer/781117269194.html?kj_agent_plugin=aliprice&fromkv=xytTrace:212b5ecd17653360432786861e0fd6&token=BRNkIcMkyWm1WsGhheWyMiiBL9R14VWZwDfQ7PHxrQh8lP5RBac0p530c%2BQdmToF","P1","'08-20","'21556841717","42.74","","20-40美金","20-40单","高价品"
"1","L型燃气接头和Spontan燃气绳电缆螺纹14原装越南通用型适用于所有摩托车","托卡银","42.09","https://cf.shopee.ph/file/id-11134207-81ztm-mfjkjk81bmks27","http://shopee.ph/product/1701899309/29693816895","摩托车零配件","电缆和管材","IVCN202608174005","'365297179935","相似款：https://detail.1688.com/offer/1010797994485.html?spm=a26352.b28411319/2508.0.0","P1","'08-20","'29693816895","42.09","","20-40美金","20-40单","高价品"
"1","切割并出售ANT柔性扬声器线,VFF型,尺寸为2x0.5、2x1、2x1.5、2x2.5,长度为20米、30米和50米。","2x1.5,30米长。","41.98","https://cf.shopee.co.th/file/th-11134207-7r98v-lzq17s10qhz500","http://shopee.co.th/product/6705969/26960070156","摩托车零配件","电缆和管材","IVCN202608175101","'251520607679","相似款：https://detail.1688.com/offer/652128030150.html?kj_agent_plugin=aliprice&fromkv=xytTrace:21080f7717678678393835872e114b&token=LcCJGA28tIQS00f%2FFp941grb6uzZ1O0%2F3p%2FY29iSyh72I8GHm0f1T79dDEfb8XVz","P1","'08-20","'26960070156","41.98","","20-40美金","20-40单","高价品"
"1","JFG Racing 摩托车发动机支架,适用于 XR200、CRF150（2003-2009、2012-2017）、CRF230（2003-2009、2012-2017/2019 款）。","JFG Racing 摩托车发动机支架,适用于 XR200、CRF150（2003-2009、2012-2017）、CRF230（2003-2009、2012-2017/2019 款）。","41.78","https://cf.shopee.ph/file/cn-11134207-820l4-mgd4kqo9ljpn65","http://shopee.ph/product/141532910/20734935009","摩托车零配件","车身及车架","IVCN202608173097","'191793275925","https://detail.1688.com/offer/653994330191.html?fromkv=cbuPcPlugin:imageSearchDrawerCard&spm=a2639h.29135425.offerlist.i21&source=action%23offerItem%3Borigin%23shopee.ph&amug_biz=oneself&amug_fl_src=awakeId_982","P1","'08-20","'20734935009","41.78","","20-40美金","20-40单","高价品"
"1","Rouser 180 200 DTSI 化油器总成 全新 UCAL","Rouser 180 200 DTSI 化油器总成 全新 UCAL","41.6","https://cf.shopee.ph/file/sg-11134201-82261-mhvpaidgb7rc52","http://shopee.ph/product/399391123/11893852055","摩托车零配件","燃油系统","IVCN202608174731","'162123917118","相似款：https://detail.1688.com/offer/982042653793.html?kj_agent_plugin=aliprice&fromkv=xytTrace:0","P1","'08-20","'11893852055","41.6","","20-40美金","20-40单","高价品"
"1","JANGEBY G2 双离合器 Nmax Vario 125 150 160 Aerox Lexi Pcx Adv Stylo Mio M3 Fazzio Filano Freego","JANGEBY G2 双离合器 Nmax Vario 125 150 160 Aerox Lexi Pcx Adv Stylo Mio M3 Fazzio Filano Freego","41.26","https://cf.shopee.com.my/file/id-11134207-7rasm-m25fhkxwjzy8bd","http://shopee.com.my/product/1247759687/26016513496","摩托车零配件","传动系统、变速器和离合器","IVCN202608172885","'256938976842","https://detail.1688.com/offer/849389119897.html?fromkv=cbuPcPlugin:imageSearchDrawerCard&spm=a2639h.29135425.offerlist.i15&source=action%23offerItem%3Borigin%23shopee.com.my&amug_biz=oneself&amug_fl_src=awakeId_982","P1","'08-20","'26016513496","41.26","","20-40美金","20-40单","高价品"
"1","重型减震器,配备大弹簧,按对计价。可选长度：340毫米、330毫米、320毫米。KAZITO 边三轮摩托车和三轮车减震器,可承受高达700公斤的载荷。","340毫米 1200公斤/米","41.22","https://cf.shopee.co.th/file/th-11134201-81zth-mqasrv0hhq80e9","http://shopee.co.th/product/72221342/6277504730","摩托车零配件","减震器、支柱和悬架","IVCN202608175193","'73499018947","https://detail.1688.com/offer/685942191212.html?kj_agent_plugin=aliprice&fromkv=xytTrace:2107d64617490288228121585e13da&token=RbcaO5pWT3WlbhdkNtGPuOYsr64nevbPZ29mZ0ykxeT0FiT25ykSt1gzfMu2G%2BrR","P1","'08-20","'6277504730","41.22","","100-300美金","200-300单","高价品"
"1","摩托车LED射灯雾灯线束继电器线束远近光切换开关带闪光控制器","黑色的","41","https://cf.shopee.ph/file/sg-11134201-7rdvd-lz7unkd267mw99","http://shopee.ph/product/1376876970/29565757539","摩托车零配件","灯光","IVCN202608172395","'207923022480","相似款：https://detail.1688.com/offer/815956863577.html?spm=a26352.b28411319/2508.0.0","P0","'08-20","'29565757539","41","","20-40美金","20-40单","高价品"
"1","1套FMF Power Core4不锈钢滤芯,适用于KSR110、CRF150、KLX150、WR155","1套 Klx150","40.74","https://cf.shopee.ph/file/id-11134207-81ztk-mdvwd2e7o8hs92","http://shopee.ph/product/1424801520/25196909897","摩托车配件","贴纸、标志和徽章","IVCN202608174519","'266519576129","相似款：https://detail.1688.com/offer/642029386493.html?fromkv=cbuPcPlugin:imageSearchDrawerCard&spm=a2639h.29135425.offerlist.i3&source=action%23offerItem%3Borigin%23shopee.ph&amug_biz=oneself&amug_fl_src=awakeId_982","P1","'08-20","'25196909897","40.74","","20-40美金","20-40单","高价品"
"1","4个Mio盾形徽标（V徽标+OK徽标+3th徽标+音叉徽标）的包装价格","4个Mio盾形徽标（V徽标+OK徽标+3th徽标+音叉徽标）的包装价格","40.62","https://cf.shopee.ph/file/id-11134207-81zti-mf2l5mi47hfxb0","http://shopee.ph/product/328838156/40120842939","摩托车配件","贴纸、标志和徽章","IVCN202608176453","'243940955004","无同款","P1","'08-20","'40120842939","40.62","","20-40美金","20-40单","高价品"
"1","适用于 W125 的曲轴箱螺栓（深脊平头,21 件）,以及适用于 W125R/S、W125i（鲸鱼）和 W125i（挡风玻璃）的车身面板螺栓。单价。","曲轴箱 21 + R/S22 颜色套装。","39.31","https://cf.shopee.co.th/file/th-11134207-7qul5-lj5ame61ih7596","http://shopee.co.th/product/236629193/22547952630","摩托车零配件","其他的","IVCN202608171235","'225398732438","无同款","P1","'08-20","'22547952630","39.31","","20-40美金","20-40单","高价品"
"1","适用于 Wave 125、Click 125/150、Future 125、NMAX V1、Aerox V2、Sniper 150 的机油泵/燃油泵。高流量。","银","39.23","https://cf.shopee.co.th/file/sg-11134201-820no-mo4uqomg5edi35","http://shopee.co.th/product/1206182085/25497219162","摩托车零配件","燃油系统","IVCN202608175617","'380413947693","相似款：https://detail.1688.com/offer/923543677392.html?spm=a26352.b28411319/2508.0.0","P1","'08-20","'25497219162","39.23","","20-40美金","20-40单","高价品"
"1","赛车排气全套 Nmax Aerox Vario PCX Adv Lexi 原装 Sonix GPK1","Gpk1 Matic 原装,Aerox 新品","39.02","https://cf.shopee.ph/file/id-11134207-7rasc-m54fzus1cfdf72","http://shopee.ph/product/1683962892/54704394646","摩托车零配件","尾气和排放","IVCN202608176231","'415412683320","无同款","P1","'08-20","'54704394646","39.02","","20-40美金","20-40单","高价品"
"1","RAYANA 离合器总成,适用于 Wave 125 / XRM 125 / Dash / C100","Xrm 125","38.93","https://cf.shopee.ph/file/ac444f5e80dac4463b1696269b8d4127","http://shopee.ph/product/287163330/7859595480","摩托车零配件","传动系统、变速器和离合器","IVCN202608176145","'103716195644","https://detail.1688.com/offer/867536519609.html?kj_agent_plugin=aliprice&fromkv=xytTrace:0","P1","'08-20","'7859595480","38.93","","20-40美金","20-40单","高价品"
"1","适用于东南亚和南美地区的 BYSON FZS 摩托车的 FZ16 化油器","适用于东南亚和南美地区的 BYSON FZS 摩托车的 FZ16 化油器","38.23","https://cf.shopee.ph/file/cn-11134207-7r98o-lz8v9jp4pcab42","http://shopee.ph/product/139042172/2112015703","摩托车零配件","燃油系统","IVCN202608171799","'52043419569","https://detail.1688.com/offer/814887221499.html?kj_agent_plugin=aliprice&fromkv=xytTrace:0bf8ca8917665644075813491e0f93&token=KK0W6VO4GN45Mu22%2BT84jBpl%2BSy%2FT0OqwCcu7g2BhdetpVLc%2BM7sgW0m1QHNvv7h","P1","'08-20","'2112015703","38.23","","40-60美金","40-60单","高价品"
"1","摩托车电动自行车顶篷,采用硬质塑料材料制成,具有遮阳和防风功能","硬质侧帘-黑色","38.09","https://cf.shopee.ph/file/ph-11134207-7r98y-lpsvvlvaw0xnf2","http://shopee.ph/product/330070281/22280708210","摩托车配件","封面","IVCN202608175495","'194843144118","https://detail.1688.com/offer/774471695950.html?kj_agent_plugin=aliprice&fromkv=xytTrace:2146915b17497961646833231e14b7&token=5FxyG%2FrXRbU%2FcIcgm%2F4UhvpLA1sinP8LaJuXF8oozHM%2BgIHU95Rv8SWqqDC51WHl","P1","'08-20","'22280708210","38.09","","40-60美金","40-60单","高价品"
"1","CVT 赛车套件 XMAX 250 双碗 Cartel 双离合器 Daytona 加速套件 Gradeement Solution","1 SET,XMAX","38","https://cf.shopee.com.my/file/id-11134207-8224u-mkbwvo2bho8zd9","http://shopee.com.my/product/1510824478/26382012617","摩托车零配件","传动系统、变速器和离合器","IVCN202608171817","'227623447413","https://detail.1688.com/offer/742484921162.html?fromkv=cbuPcPlugin:imageSearchDrawerCard&spm=a2639h.29135425.offerlist.i2&source=action%23offerItem%3Borigin%23shopee.com.my&amug_biz=oneself&amug_fl_src=awakeId_982","P0","'08-20","'26382012617","38","","60-80美金","60-80单","高价品"
"1","BLISSTECH 两年质保。M1 安全锁,防止相机折叠。适用于运动相机、GoPro、Insta360 的摩托车相机支架,1/4 英寸螺纹接口。","M1（相机支架）","38","https://cf.shopee.co.th/file/th-11134207-81ztq-mo0txzzv54ar32","http://shopee.co.th/product/1057506471/24548115196","其他的","","IVCN202608175913","'390811313927","相似款：https://detail.1688.com/offer/889651273485.html?spm=a26352.b28411319/2508.0.0","P0","'08-20","'24548115196","38","","100-300美金","100-200单","高价品"
"1","Klx Scarlet品牌辐条,带17/17、18/21、16/19英寸轮圈,镀铬或黑色可选,17英寸轮圈,18英寸、21英寸、16英寸、19英寸轮圈。","黑色,18/21","37.85","https://cf.shopee.ph/file/id-11134207-81zto-mdvmf6recd8la0","http://shopee.ph/product/1383101926/41621325281","摩托车零配件","车轮、轮辋及配件","IVCN202608175315","'301740184548","无同款","P1","'08-20","'41621325281","37.85","","20-40美金","20-40单","高价品"
"1","ZONTES 150X 368G V.1-V.2 368K 368D 后货架,加厚钢材,1 年工厂保修,现货供应。","150X 后货架","37.42","https://cf.shopee.co.th/file/th-11134207-81zto-mptult6h68769f","http://shopee.co.th/product/67278265/29369722620","摩托车配件","盒子和箱子","IVCN202608176035","'355534749655","相似款：https://detail.1688.com/offer/1053762251937.html?kj_agent_plugin=aliprice&fromkv=xytTrace:0bb405a417848621390598756e0bcf&token=fTNMth9GKVCyYC90PfETBAHmoWwgibNQh8lZS6biz9fJGZPpLGGbaVEqnF2Tauy0","P1","'08-20","'29369722620","37.42","","20-40美金","20-40单","高价品"
"1","适用于雅马哈 XMAX 250 300 V2 V3 XMAX300 的改装侧支架脚垫,CNC 摩托车平底脚蹬加长侧支架垫","红色（A+B+C）","37","https://cf.shopee.com.my/file/cn-11134207-7r98o-lmso4vbv25gi6f","http://shopee.com.my/product/1002903275/22692532114","摩托车零配件","车身及车架","IVCN202608175727","'167910432155","相似款：https://detail.1688.com/offer/831067062435.html?fromkv=cbuPcPlugin:imageSearchDrawerCard&spm=a2639h.29135425.offerlist.i4&source=action%23offerItem%3Borigin%23cf.shopee.com.my&amug_biz=oneself&amug_fl_src=awakeId_982https://detail.1688.com/offer/970014240713.html?fromkv=cbuPcPlugin:imageSearchDrawerCard&spm=a2639h.29135425.offerlist.i24&source=action%23offerItem%3Borigin%23cf.shopee.com.my&amug_biz=oneself&amug_fl_src=awakeId_982","P0","'08-20","'22692532114","37","","20-40美金","20-40单","高价品"
"1","O2 Sensor Oxygen Sensor 18213-C34JB2W-000 SUZUKI GIXXER155 极客飒 2019","O2 Sensor Oxygen Sensor 18213-C34JB2W-000 SUZUKI GIXXER155 极客飒 2019","36.91","https://cf.shopee.ph/file/sg-11134201-7ratt-ma9c81g23gqy0e","http://shopee.ph/product/428243770/40053757142","摩托车配件","其他的","IVCN202608176229","'253497281902","https://detail.1688.com/offer/727479220522.html?kj_agent_plugin=aliprice&fromkv=xytTrace:0","P1","'08-20","'40053757142","36.91","","20-40美金","20-40单","高价品"
"1","原装 MX King X 公路车脚踏通用型","原装 MX King X 公路车脚踏通用型","36.89","https://cf.shopee.ph/file/id-11134207-7qukz-lkbre27w6pi1a7","http://shopee.ph/product/1063698118/19283622163","摩托车零配件","车身及车架","IVCN202608170285","'225583042165","无同款","P1","'08-20","'19283622163","36.89","","20-40美金","20-40单","低价品"
"1","适用于雅马哈 YTX 125 TVS 150 HLX 150 的 KEIHIN 26MM 摩托车化油器","适用于雅马哈 YTX 125 TVS 150 HLX 150 的 KEIHIN 26MM 摩托车化油器","36.86","https://cf.shopee.ph/file/f5663699eca640867811a98d958a81a8","http://shopee.ph/product/194329375/16271142095","摩托车零配件","燃油系统","IVCN202608173595","'190344061554","相似款：https://detail.1688.com/offer/624012143764.html?fromkv=cbuPcPlugin:imageSearchDrawerCard&spm=a2639h.29135425.offerlist.i7&source=action%23offerItem%3Borigin%23shopee.ph&amug_biz=oneself&amug_fl_src=awakeId_982","P1","'08-20","'16271142095","36.86","","20-40美金","20-40单","高价品"
"1","适用于 YBR125 YB125 YJM125 YZF XTZ125 TW200 TW 200 2001-2017 200 Trailway 的化油器,1/2 节气门油管,Trailway 摩托车配件,日本制造","双油门线","36.41","https://cf.shopee.ph/file/e506062ca5fbfadfc30e62bce75fbe70","http://shopee.ph/product/139042172/5540090812","摩托车零配件","燃油系统","IVCN202608175675","'60129814140","相似款：https://detail.1688.com/offer/659511533678.html?kj_agent_plugin=aliprice&fromkv=xytTrace%3A0bab14ad17649085818885341e0e27&token=li%2FPwhDJO7OEaNI1ReeiLsiBajf4K%2FHzYLahX1tiy76q1z8QmadhYd1wJLT8DPDp&tracelog=cps&clickid=8606ffd4466c1d03eb55a30211b3b60d&targetUrl=https%3A%2F%2Fs.click.1688.com%2Ft%3Fe%3DD2DC7A927D55C03D6511A0CCA913FD65D6FA062685DFF8F7D920A558D1D5758C4B369BE324A83E744B8F19128B0D93E33FB8088B45F57B9E47F28FD2CC0E231B18AD4F779334558760FEF997084D4D5331EB6FC8DBCADED4C6C8CEEEE21320CC4BD39EA2FE12E3B1325A2D6F2E1DBD06D95D35DF4EED3A08C50AAA17C6E70E84A1A65449C71604E4348394BC3CC3C62B9992F8828C4BE892D83E390C93A465856A5B7B324B8DA10901BF4ECC10A6D1B9DFE07602C628826D7ACC0C1668372BE3ADC39B0FDB654E3AEB9FF29BBC7EDB8E2B7DD8259A207923F51D1B3FB16F23F5FE3E3EAE8C323D6271BD3728E1C09E4C%26cbu_cps_trace_flag%3Dwrite","P1","'08-20","'5540090812","36.41","","20-40美金","20-40单","高价品"
"1","Roller House Vario 皮带轮 PCX 150 ADV 150 定制 1 套 车床 + 滚轴线 原装零件 皮带轮代码 (K97) PCX 150 定制皮带轮 Vario 150 ADV 150","Roller HOME + 风扇,13,8","36.04","https://cf.shopee.com.my/file/id-11134207-7r98y-lveh6u8ay0p3a3","http://shopee.com.my/product/362124599/25930757836","摩托车零配件","传动系统、变速器和离合器","IVCN202608176385","'109164426744","相似款：https://detail.1688.com/offer/1004606341142.html?fromkv=cbuPcPlugin:imageSearchDrawerCard&spm=a2639h.29135425.offerlist.i1&source=action%23offerItem%3Borigin%23shopee.com.my&amug_biz=oneself&amug_fl_src=awakeId_982","P1","'08-20","'25930757836","36.04","","20-40美金","20-40单","高价品"
"1","Visor SGA 挡风玻璃 Sat​​ria Fu 改款 Raider 150 原装 SGP","Visor SGA 挡风玻璃 Sat​​ria Fu 改款 Raider 150 原装 SGP","35.91","https://cf.shopee.ph/file/id-11134207-7r98x-lwpxv2j9ppjea4","http://shopee.ph/product/423232471/27803258816","摩托车配件","其他的","IVCN202608175593","'168266367002","相似款：https://detail.1688.com/offer/850435892271.html?kj_agent_plugin=aliprice&fromkv=xytTrace:0","P1","'08-20","'27803258816","35.91","","20-40美金","20-40单","高价品"
"1","R3 R25 MT-03 摩托车排气管","讲话","35.74","https://cf.shopee.com.br/file/56bf6d517361fa883bd54f84863fea88","http://shopee.com.br/product/499379766/19320227106","摩托车零配件","尾气和排放","IVCN202608176179","'78922058320","https://detail.1688.com/offer/1051577953648.html?kj_agent_plugin=aliprice&fromkv=xytTrace:21360a2e17848029233013574e0e00&token=eJf8tLF60uqWNOX5r8LXsTGnj1OGo02DHnyXv5fNHsnjXoQbq68UMdJcfhn4418x","P1","'08-20","'19320227106","35.74","","20-40美金","20-40单","高价品"
"1","适用于 FUTURE EYES X80 Pro 的黑色保护壳 - nix3D 出品","1对","35.73","https://cf.shopee.co.th/file/th-11134207-81ztf-mkn95vzaton459","http://shopee.co.th/product/124511361/53906155186","摩托车配件","其他的","IVCN202608171667","'272407039864","无同款","P1","'08-20","'53906155186","35.73","","20-40美金","20-40单","高价品"
"1","椭圆形刹车总泵套装 + 刻度手柄 + Duta 通用 CNC 车把连杆","三合一体重秤套装","35.35","https://cf.shopee.ph/file/id-11134207-7r98o-lxmuziswjrm25c","http://shopee.ph/product/633013462/24061285771","摩托车零配件","制动系统","IVCN202608175151","'250285559869","无同款","P1","'08-20","'24061285771","35.35","","20-40美金","20-40单","高价品"
"1","VANBELT V AEROX 155 NMAX 皮带组件 全新 N MAX LEXI B65-WE767-00","B65-WE767-00","35.17","https://cf.shopee.com.br/file/id-11134207-8224x-mkx9b4r8ge84ae","http://shopee.com.br/product/403909074/48159105687","摩托车零配件","点火和发动机部件","IVCN202608174961","'355804656518","https://detail.1688.com/offer/997824967513.html?kj_agent_plugin=aliprice&fromkv=xytTrace:0","P1","'08-20","'48159105687","35.17","","20-40美金","20-40单","高价品"
"1","适用于 Sky Drive Skydrive 125 踏板车的化油器 13200-41h10-000","适用于 Sky Drive Skydrive 125 踏板车的化油器 13200-41h10-000","34.75","https://cf.shopee.ph/file/sg-11134201-820nz-mno2381ltekl4a","http://shopee.ph/product/1217464463/26853581997","摩托车零配件","燃油系统","IVCN202608170059","'187604287340","https://detail.1688.com/offer/684766375140.html?kj_agent_plugin=aliprice&fromkv=xytTrace%3A2166f71a17477962671111005e0eb2&token=GkGv0ovuCEBf5xz0ul%2FMvLUiztEswojkPfgqOKPedAS66ISk7KK4MiSIdAal1wDK&tracelog=cps&clickid=3aa4e1585921594c35fd37e850434352&targetUrl=https%3A%2F%2Fs.click.1688.com%2Ft%3Fe%3DA6FEAF87A2FCFBDD05C1BD6ABB449CE46147FC88EA630CBAC31FEFBD3966EDE4DF88C915D5486E33D1003E749B3EAAA5861098A75E16F4D226600F2847DABD1A5F0FFA4FF39BCCC320D4625E68D0D47AF6FEC9241CC79F982F2298161E9E1CDC864B605C8ED6B3890C37543C5BF23013D9A0C5E00D7BC8A288D300A73C9DD4337EEF6D6099BA67CE2BA95CC4F9A8AC075ACBD8D6992F1ECEA20E322F217105A2B4A9B8D16378D93BC46F10939E5500AE93728150B7B7ED1620F6711944A7F0665925E85B377C2881CF5010A761C490519BE9C2684ED8C022","P1","'08-20","'26853581997","34.75","","20-40美金","20-40单","高价品"
"1","后花鼓+刹车面板+Flunge花鼓 wave/xrm/sym/smash","BPanel+Hub+flungehub","34.5","https://cf.shopee.ph/file/ph-11134207-7ra0h-md0gz466af72b7","http://shopee.ph/product/873216381/28302455434","摩托车零配件","制动系统","IVCN202608175321","'205217144878","相似款：https://detail.1688.com/offer/632660610361.html?spm=a26352.b28411319.offerlist.142.57731e62YfDsmNhttps://detail.1688.com/offer/619278072017.html?fromkv=cbuPcPlugin:imageSearchDrawerCard&spm=a2639h.29135425.offerlist.i5&source=action%23offerItem%3Borigin%23shopee.ph&amug_biz=oneself&amug_fl_src=awakeId_982","P0","'08-20","'28302455434","34.5","","20-40美金","20-40单","高价品"
"1","BATOK TOTOK 铃木将军125老款蓝色前大灯","正面 + 背面 巴托克","34.35","https://cf.shopee.ph/file/id-11134207-7rasj-m5yw5y19tyu566","http://shopee.ph/product/1489711777/26728628821","摩托车零配件","车身及车架","IVCN202608175827","'223897254857","无同款","P1","'08-20","'26728628821","34.35","","20-40美金","20-40单","高价品"
"1","适用于雅马哈 XMAX 300 v1 2017-2022 的后视镜。","适用于雅马哈 XMAX 300 v1 2017-2022 的后视镜。","34.31","https://cf.shopee.co.th/file/sg-11134201-820of-mnf5quv8m3nq99","http://shopee.co.th/product/683664475/24702861889","摩托车配件","镜子及配件","IVCN202608170775","'232344794929","相似款：https://detail.1688.com/offer/905218766506.html?kj_agent_plugin=aliprice&fromkv=xytTrace:0","P1","'08-20","'24702861889","34.31","","40-60美金","40-60单","高价品"
"1","适用于 SNIPER150 Nmax V1、V2/Aerox V1、V2 的可调正时齿轮,带减压器","适用于 SNIPER150 Nmax V1、V2/Aerox V1、V2 的可调正时齿轮,带减压器","34.27","https://cf.shopee.ph/file/sg-11134201-7renj-m91ijahtzuz59e","http://shopee.ph/product/273700948/27133658096","摩托车零配件","传动系统、变速器和离合器","IVCN202608175095","'227692772402","相似款：https://detail.1688.com/offer/672346621434.html?kj_agent_plugin=aliprice&fromkv=xytTrace:2146938717652793170487711e178a&token=s0tZB3q%2FLkgCmMuBdVzKuBgqiU4Yh7AnJv7UqGpBaVicA6YhTU03K53dUcTtv1mp","P1","'08-20","'27133658096","34.27","","20-40美金","20-40单","高价品"
"1","原装A-One新一代弯梁车架,全色可选（赠送衬套和贴纸）摩托车配件","原装A-One新一代弯梁车架,全色可选（赠送衬套和贴纸）摩托车配件","34","https://cf.shopee.ph/file/id-11134207-822wk-mn6pmknknu2ta3","http://shopee.ph/product/1531022298/52307133128","摩托车配件","其他的","IVCN202608173443","'297451993133","相似款：https://detail.1688.com/offer/991946822365.html?fromkv=cbuPcPlugin:imageSearchDrawerCard&spm=a2639h.29135425.offerlist.i11&source=action%23offerItem%3Borigin%23shopee.ph&amug_biz=oneself&amug_fl_src=awakeId_982","P0","'08-20","'52307133128","34","","20-40美金","20-40单","高价品"
"1","[本地船] 适用于川崎 VERSYS 650 挡泥板后挡泥板 2007-2026","黑色的","33.98","https://cf.shopee.com.my/file/sg-11134201-7rbk0-ll1ywz25itjs44","http://shopee.com.my/product/531121341/14699393218","摩托车配件","挡泥板和挡泥罩","IVCN202608175521","'216994495083","相似款：https://detail.1688.com/offer/634923078807.html?spm=a26352.b28411319/2508.0.0","P1","'08-20","'14699393218","33.98","","20-40美金","20-40单","高价品"
"1","Lorel Xmax 250 滚筒,一套 6 件原装配件 B74-WE763-00","Lorel Xmax 250 滚筒,一套 6 件原装配件 B74-WE763-00","33.79","https://cf.shopee.com.br/file/id-11134207-7r991-lur8w1licvj1f9","http://shopee.com.br/product/403623436/25827624044","摩托车零配件","传动系统、变速器和离合器","IVCN202608176603","'245744797578","无同款","P1","'08-20","'25827624044","33.79","","20-40美金","20-40单","高价品"
"1","无钥匙遥控钥匙 - 备用遥控钥匙 NVX NMAX XMAX Y16 NVX V1 v2 V3 Xmax Y16ZR ABS B74-H6261-02","无钥匙遥控钥匙 - 备用遥控钥匙 NVX NMAX XMAX Y16 NVX V1 v2 V3 Xmax Y16ZR ABS B74-H6261-02","33.33","https://cf.shopee.com.my/file/sg-11134201-822ww-mi34k2seh348e6","http://shopee.com.my/product/399388347/26390919044","摩托车配件","锁具与安防","IVCN202608172143","'216242016306","相似款：https://detail.1688.com/offer/861357148658.html?spm=a26352.b28411319.offerlist.26.72f51e62bxdPY6","P1","'08-20","'26390919044","33.33","","20-40美金","20-40单","高价品"
"1","适用于 CRF 150 KLX 150 碟刹的前后碟片套装","KLX 光盘套装","33.08","https://cf.shopee.ph/file/id-11134207-7rasf-m4ppokwn3z7i7f","http://shopee.ph/product/1247799571/27172885614","摩托车零配件","制动系统","IVCN202608175039","'119371214474","相似款：https://detail.1688.com/offer/1003566867042.html?spm=a26352.b28411319/2508.0.0","P1","'08-20","'27172885614","33.08","","20-40美金","20-40单","高价品"
"1","Wave后视镜支架,适用于意式上刹车泵/黑色底座,右侧,CNC加工,黑色阳极氧化处理。适用于所有Wave车型。","Wave后视镜支架,适用于意式上刹车泵/黑色底座,右侧,CNC加工,黑色阳极氧化处理。适用于所有Wave车型。","33","https://cf.shopee.co.th/file/th-11134207-81ztn-mj6hfup8fwuf01","http://shopee.co.th/product/34580050/45504251545","摩托车零配件","其他的","IVCN202608171925","'430400729945","相似款：https://detail.1688.com/offer/1013068034632.html?fromkv=cbuPcPlugin:imageSearchDrawerCard&spm=a2639h.29135425.offerlist.i1&source=action%23offerItem%3Borigin%23shopee.co.th&amug_biz=oneself&amug_fl_src=awakeId_982","P0","'08-20","'45504251545","33","","40-60美金","40-60单","高价品"
"1","【TH配送】Rockbros铝合金手机支架,适用于摩托车和自行车,防震耐用。","碗盖套装","32.87","https://cf.shopee.co.th/file/cn-11134207-7ras8-m0tzkoaw5kr295","http://shopee.co.th/product/66845735/26103108041","摩托车配件","手机支架","IVCN202608175275","'118385147094","https://detail.1688.com/offer/800419427974.html?kj_agent_plugin=aliprice&fromkv=xytTrace:0","P1","'08-20","'26103108041","32.87","","20-40美金","20-40单","高价品"
"1","EAGLE DESIGN 适用于 MIO i125 / M3 的尾箱支架,重型 SPEEDMOTO","鹰牌支架","32.6","https://cf.shopee.ph/file/07aedef39ef2a31ced5c0f189d9c14cc","http://shopee.ph/product/74233943/5116325124","摩托车零配件","车身及车架","IVCN202608173543","'112369303066","https://detail.1688.com/offer/653819281715.html?kj_agent_plugin=aliprice&fromkv=xytTrace:0","P1","'08-20","'5116325124","32.6","","20-40美金","20-40单","高价品"
"1","多米诺开关（套装）白色 照明 防水 喇叭/远近光/辅助灯/前大灯/开/关 通用","蓝色的","32.55","https://cf.shopee.ph/file/ph-11134207-7r98x-lo7oe3od3w23ce","http://shopee.ph/product/85279160/6655468952","摩托车零配件","喇叭和配件","IVCN202608174997","'61241147686","https://detail.1688.com/offer/737850912094.html?kj_agent_plugin=aliprice&fromkv=xytTrace:0","P1","'08-20","'6655468952","32.55","","20-40美金","20-40单","高价品"
"1","适用于 PCX、MSX、Zommer-x、KSR、GPX 无人机的中等高度冠状式车把。采用厚铝材质制成。","车把冠 + 钻孔","32.23","https://cf.shopee.co.th/file/4f28bf1e3db691282835ea7374859bbc","http://shopee.co.th/product/418138925/9153778586","摩托车零配件","其他的","IVCN202608175457","'131065137003","https://detail.1688.com/offer/847062611893.html?kj_agent_plugin=aliprice&fromkv=xytTrace%3A0&tracelog=cps&clickid=170c2363d961b1329b76d871d16cb82f","P1","'08-20","'9153778586","32.23","","40-60美金","40-60单","高价品"
"1","Daytona Nmax Vario PCX ADV Aerox Stylo Fazzio Filano Kevlar 碳纤维 2DP 4634 双离合器","Daytona Nmax Vario PCX ADV Aerox Stylo Fazzio Filano Kevlar 碳纤维 2DP 4634 双离合器","32","https://cf.shopee.com.my/file/id-11134207-7rasi-m20ocv6vdofhd4","http://shopee.com.my/product/1489705267/51006707627","摩托车零配件","传动系统、变速器和离合器","IVCN202608176123","'310603157102","https://detail.1688.com/offer/842168620913.html?kj_agent_plugin=aliprice&fromkv=xytTrace:0bf8ca8917848014907327199e0eeb&token=Eg5EzXAmNWGE%2Bvwa5U2gzkgA7YA%2Fo6wRrvFJAHe7odTLSh5S%2Bps2tVVs1rikacdR","P0","'08-20","'51006707627","32","","20-40美金","20-40单","高价品"
"1","DOUBLE CRANKS NMAX、AEROX、LEXI CODE 2DP PNP VARIO 150、PCX SUPER QUALITY","DOUBLE CRANKS NMAX、AEROX、LEXI CODE 2DP PNP VARIO 150、PCX SUPER QUALITY","32","https://cf.shopee.ph/file/id-11134207-7r98p-lln6zsnyznk702","http://shopee.ph/product/538696988/19065763370","摩托车零配件","其他的","IVCN202608176635","'193380172825","相似款：https://detail.1688.com/offer/842168620913.html?spm=a26352.b28411319/2508.0.0","P0","'08-20","'19065763370","32","","20-40美金","20-40单","高价品"
"1","适用于雅马哈 YZF R1M R1 R3 R15V3 R15M R15 V4 无钥匙摩托车燃油箱盖铝制配件","R15 黑色","31.54","https://cf.shopee.ph/file/sg-11134201-7ra3k-m53t8xfhotz408","http://shopee.ph/product/928874980/29823734882","摩托车零配件","燃油系统","IVCN202608175995","'227282906365","https://detail.1688.com/offer/941621545916.html?kj_agent_plugin=aliprice&fromkv=xytTrace:0","P1","'08-20","'29823734882","31.54","","20-40美金","20-40单","高价品"
"1","XMAX V1 侧视镜集成凸面连接式军士风格后视镜,适用于 YAMAHA XMAX 250 300 2017-2022","清除","31.45","https://cf.shopee.com.my/file/sg-11134201-7rbm9-loz6vh4ruf4e55","http://shopee.com.my/product/75592332/18686808529","摩托车配件","镜子及配件","IVCN202608175921","'235875208312","https://detail.1688.com/offer/816084306780.html?fromkv=cbuPcPlugin:imageSearchDrawerCard&spm=a2639h.29135425.offerlist.i7&source=action%23offerItem%3Borigin%23shopee.com.my&amug_biz=oneself&amug_fl_src=awakeId_982","P1","'08-20","'18686808529","31.45","","40-60美金","40-60单","高价品"
"1","Saiyan高性能轮毂 - 全色汽车 - Autotech","银","31.31","https://cf.shopee.ph/file/ph-11134201-7r98r-ly565irdjw5d5e","http://shopee.ph/product/18649583/25162412834","摩托车零配件","车轮、轮辋及配件","IVCN202608175203","'232505823372","https://detail.1688.com/offer/1061824958778.html?kj_agent_plugin=aliprice&fromkv=xytTrace:213f867c17848058802278007e0ea5&token=6ZDwSPKZDZ60zYCBtbbi4q5xRkXo2oF5Wf1TJBeOCDbnTmaZHd59vElRSFQBI8KG","P1","'08-20","'25162412834","31.31","","20-40美金","20-40单","高价品"
"1","Barako 175 后减震器镀铬,2个","Barako 175 后减震器镀铬,2个","31.22","https://cf.shopee.ph/file/ph-11134207-81ztc-mlew6b6ofbin29","http://shopee.ph/product/171061914/4716387241","摩托车零配件","减震器、支柱和悬架","IVCN202608175119","'22841932376","相似款：https://detail.1688.com/offer/754973360068.html?fromkv=cbuPcPlugin:imageSearchDrawerCard&spm=a2639h.29135425.offerlist.i21&source=action%23offerItem%3Borigin%23shopee.ph&amug_biz=oneself&amug_fl_src=awakeId_982","P1","'08-20","'4716387241","31.22","","20-40美金","20-40单","高价品"
"1","MIO I 125 / MIO I 125S / M3 大灯总成","MIO I 125 / MIO I 125S / M3 大灯总成","30.88","https://cf.shopee.ph/file/sg-11134201-7ra3a-m4k4epl988s469","http://shopee.ph/product/399390617/26370789032","摩托车零配件","灯光","IVCN202608176471","'157602911796","相似款：https://detail.1688.com/offer/894078217429.html?spm=a26352.b28411319/2508.0.0","P1","'08-20","'26370789032","30.88","","20-40美金","20-40单","高价品"
"1","MTRT 管道夹和支架,适用于 NMAX AEROX M3 CLICK MB-1064","MB-1064 1套","30.81","https://cf.shopee.ph/file/ph-11134207-7ra0j-mbc3jvnsqoxac6","http://shopee.ph/product/41767931/29325809656","摩托车零配件","尾气和排放","IVCN202608175919","'272059976577","无同款","P1","'08-20","'29325809656","30.81","","100-300美金","100-200单","高价品"
"1","【Domino Switch】PECHAM 60W 涡轮风扇酷炫 4 模式转向灯迷你驾驶灯 V7 型号,带真正的 LED 大灯摩托车灯,适用于摩托车配件","【V7】4种模式+镇流器+开关","30.73","https://cf.shopee.ph/file/cn-11134207-7ras8-mbx76heaecd2ca","http://shopee.ph/product/983514651/23848730528","摩托车零配件","灯光","IVCN202608175035","'197836142454","","P1","'08-20","'23848730528","30.73","","60-80美金","60-80单","高价品"
"1","1对摩托车边包,防水PU皮革鞍包,改装挂包","1对摩托车边包,防水PU皮革鞍包,改装挂包","30.15","https://cf.shopee.co.th/file/th-11134207-7rase-m8k5j1xheli86b","http://shopee.co.th/product/1505318336/29933435685","摩托车配件","盒子和箱子","IVCN202608171527","'168863887734","https://detail.1688.com/offer/772523958697.html?kj_agent_plugin=aliprice&fromkv=xytTrace:0bab14ad17678706690666186e1123&token=p9sEIG0FiYqqv6IApoWd33twUzYYAYuJuIAuSna%2B%2FTmmuUjijeZWpta3FIXuTt8B","P1","'08-20","'29933435685","30.15","","40-60美金","40-60单","高价品"
"1","正品 SYM 110 独立式机油泵总成 - 兼容 Wave、Dream、Future 100 和 110 型号。","正品 SYM 110 独立式机油泵总成 - 兼容 Wave、Dream、Future 100 和 110 型号。","30","https://cf.shopee.vn/file/vn-11134207-7ras8-mbdcu8nk9gbc0c","http://shopee.vn/product/1099788910/44305786740","摩托车零配件","点火和发动机部件","IVCN202608172985","'290486048363","相似款：https://detail.1688.com/offer/581847635532.html?fromkv=cbuPcPlugin:imageSearchDrawerCard&spm=a2639h.29135425.offerlist.i29&source=action%23offerItem%3Borigin%23shopee.vn&amug_biz=oneself&amug_fl_src=awakeId_982","P0","'08-20","'44305786740","30","","20-40美金","20-40单","高价品"
"1","Aerox V1/V2 中撑,304 纯不锈钢材质,带轴和卡扣","Aerox V1/V2 中撑,304 纯不锈钢材质,带轴和卡扣","29.9","https://cf.shopee.ph/file/ph-11134207-7rasc-m8zzlr12jwr1f3","http://shopee.ph/product/86397109/23931116484","摩托车零配件","车身及车架","IVCN202608175391","'137467493909","相似款：https://detail.1688.com/offer/938613580298.html?kj_agent_plugin=aliprice&fromkv=xytTrace%3A0bf8ca8917751004944233750e0f05&token=tNatazzATa1j3FZQbWPmrfqVQnR0YDx2tfb%2FYDZ0bwhV%2BVQNqQBpcuEmbTJcCgWr&tracelog=cps&clickid=ba9957abb786658cdc3f029711d16d51&targetUrl=https%3A%2F%2Fs.click.1688.com%2Ft%3Fe%3DD2DC7A927D55C03D6511A0CCA913FD65D6FA062685DFF8F7D920A558D1D5758C4B369BE324A83E744B8F19128B0D93E33FB8088B45F57B9E47F28FD2CC0E231B18AD4F779334558760FEF997084D4D5331EB6FC8DBCADED4C6C8CEEEE21320CC4BD39EA2FE12E3B1C9184BB35A613B0514DF9ACAFE256B1B8EEDF8E7CB86AA18CF3A1ACDD3190576348394BC3CC3C62B9992F8828C4BE892672DED59684EC5F3EFE713DE289D2E604ACF135B4F128B1DAA9D03946E94FBBFB19B8C646E0EA35F4F6A185E17BED87C1EE212A1E6622A4881A9BB4567A6A925E9BC85EFC284565D4019610AE90863346936687076241BEB%26cbu_cps_trace_flag%3Dwrite","P0","'08-20","'23931116484","29.9","","100-300美金","100-200单","高价品"
"1","RR 标准 2 中间 K81 esp 街 scoopy esp 2018-2020BEAT","标准+每+大米+橡胶,标准2","29.71","https://cf.shopee.ph/file/sg-11134201-7qve4-lg7e99aqd8wm1b","http://shopee.ph/product/774342538/42406056595","摩托车零配件","车身及车架","IVCN202608172459","'290506744831","无同款","P1","'08-20","'42406056595","29.71","","20-40美金","20-40单","高价品"
"1","MATA Mio Sporty Mio Mx 转向灯反光片 BlackSMOKE Mx Model 2 Eyes Plus Mio 前转向灯插座 BlackSMOKE Mx Thailaind 2 Eyes Mio Sporty 烟熏金前转向灯","定制橙色-黑色","29.61","https://cf.shopee.ph/file/id-11134207-7qukz-lkdsghnkx6p666","http://shopee.ph/product/337727756/43502590557","摩托车零配件","灯光","IVCN202608176021","'224262552356","相似款：https://detail.1688.com/offer/612567567820.html?fromkv=cbuPcPlugin:imageSearchDrawerCard&spm=a2639h.29135425.offerlist.i21&source=action%23offerItem%3Borigin%23cf.shopee.ph&amug_biz=oneself&amug_fl_src=awakeId_982","P1","'08-20","'43502590557","29.61","","20-40美金","20-40单","高价品"
"1","Mikaa 后尾灯透明雅马哈 XMAX 250 老款 mikastoplamp XMAX 250 老款透明聚光灯电机","清晰/清晰","29.39","https://cf.shopee.com.my/file/id-11134207-7ra0k-mb596uyqvlis2e","http://shopee.com.my/product/308082682/23275683071","摩托车零配件","灯光","IVCN202608175957","'295426671368","无同款","P1","'08-20","'23275683071","29.39","","20-40美金","20-40单","高价品"
"1","适用于雅马哈 Mio125 MIO i125 Mio110 Mio M3 的全新渐变色屏幕数字仪表第二代里程表 LED 速度表仪表组件","MIO125升级","29.21","https://cf.shopee.ph/file/cn-11134207-820l4-mhtuywk5yio3e6","http://shopee.ph/product/1074353055/24181663335","摩托车配件","速度表、里程表和仪表","IVCN202608175055","'250951933326","相似款：https://detail.1688.com/offer/799049537403.html?fromkv=cbuPcPlugin:imageSearchDrawerCard&spm=a2639h.29135425.offerlist.i1&source=action%23offerItem%3Borigin%23shopee.ph&amug_biz=oneself&amug_fl_src=awakeId_982","P1","'08-20","'24181663335","29.21","","60-80美金","60-80单","高价品"
"1","适用于 Vespa Primavera、Sprint 125、150、i-Get 3v 和 Sprint S180 的橡胶脚踏条。**从沙没沙空府仓库发货。**","适用于 Vespa Primavera、Sprint 125、150、i-Get 3v 和 Sprint S180 的橡胶脚踏条。**从沙没沙空府仓库发货。**","29.17","https://cf.shopee.co.th/file/sg-11134201-7rdy4-mdmykht3x17u46","http://shopee.co.th/product/93214904/25975169343","摩托车配件","地毯","IVCN202608175483","'195039635325","无同款","P1","'08-20","'25975169343","29.17","","40-60美金","40-60单","高价品"
"1","Supermoto LED 大灯反射器 CRF 150L WR 155 KLX BIGFOOT DTRACKER 3LENS","红色,CRF 新品","29.06","https://cf.shopee.ph/file/id-11134207-7qul3-ljzluz971m3mdd","http://shopee.ph/product/344643944/24460495564","摩托车零配件","灯光","IVCN202608172789","'255266451703","无同款","P1","'08-20","'24460495564","29.06","","20-40美金","20-40单","高价品"
"1","TRC RACING CNC 刹车手柄,适用于 NMAX V1/V2/V3、AEROX V3 8151","银","29","https://cf.shopee.ph/file/ph-11134207-7rasl-m9pk0setv0abde","http://shopee.ph/product/867675817/44050725702","摩托车零配件","车身及车架","IVCN202608175907","'290056550331","https://detail.1688.com/offer/993783017054.html?kj_agent_plugin=aliprice&fromkv=xytTrace:21080f7717791630204011081e0e48&token=LntHgOU%2FUN3vqAzDjPge29zDIz6Mn%2FpV6SdBdnqylOzTt0xV4Xn508x3xHx%2FSXXX","P0","'08-20","'44050725702","29","","20-40美金","20-40单","高价品"
"1","摩托车尾包 多功能摩托车后座包 赛车骑行旅行背包 防水摩托车头盔包 Beg Ekor Motosikal","后尾袋","28.93","https://cf.shopee.com.my/file/cn-11134207-7ras8-m70iuyt5j6qw95","http://shopee.com.my/product/1119023685/25423808981","摩托车配件","盒子和箱子","IVCN202608175561","'250624570534","https://detail.1688.com/offer/956152677081.html?kj_agent_plugin=aliprice&fromkv=xytTrace:0","P1","'08-20","'25423808981","28.93","","40-60美金","40-60单","高价品"
"1","GY6 D型化油器套装 高性能化油器 24mm歧管 油门线 摩托车配件","GY6-125/ GY6 D 型","28.85","https://cf.shopee.ph/file/sg-11134201-7rdvr-mcaev6x4mtwy30","http://shopee.ph/product/399391123/14297692556","摩托车零配件","燃油系统","IVCN202608173775","'184376643448","https://detail.1688.com/offer/964324659648.html?fromkv=cbuPcPlugin:imageSearchDrawerCard&spm=a2639h.29135425.offerlist.i0&source=action%23offerItem%3Borigin%23shopee.ph&amug_biz=oneself&amug_fl_src=awakeId_982","P1","'08-20","'14297692556","28.85","","20-40美金","20-40单","高价品"
"1","凸轮轴 Nmax Lexi Aerox 155 2DP","凸轮轴 Nmax Lexi Aerox 155 2DP","28.75","https://cf.shopee.ph/file/id-11134207-7r98y-lxwblc7tr34d95","http://shopee.ph/product/441584730/8385299314","摩托车零配件","其他的","IVCN202608173437","'93907683408","相似款：https://detail.1688.com/offer/814493053423.html?kj_agent_plugin=aliprice&fromkv=xytTrace%3A0&tracelog=cps&clickid=dbf520e1203320bf0620dbac5dda5ccc&targetUrl=https%3A%2F%2Fs.click.1688.com%2Ft%3Fe%3DD2DC7A927D55C03D6511A0CCA913FD65D6FA062685DFF8F7D920A558D1D5758C4B369BE324A83E744B8F19128B0D93E33FB8088B45F57B9E47F28FD2CC0E231B18AD4F779334558760FEF997084D4D5331EB6FC8DBCADED4C6C8CEEEE21320CC4BD39EA2FE12E3B1E3EFE77752314E1CAE5877D79D8400634A0E3AE3561D5EF97F99033BEED4D408348394BC3CC3C62B9992F8828C4BE892BC9117B2DD0F36472070DD7F6F0A329F231140DBDCED599D330F7DA22D2BC3BB7ACC0C1668372BE3ADC39B0FDB654E3AA5C7509178BDB99009755B29C8944A32B434463527BCA5638491981DB78A6C8C99C6620183F0C356%26cbu_cps_trace_flag%3Dwrite","P1","'08-20","'8385299314","28.75","","20-40美金","20-40单","高价品"
"1","批发（10 件）雅马哈 N-max Aerox 旧款 CVT 油箱轴承/新款 Lexi 零件号 2DP","批发（10 件）雅马哈 N-max Aerox 旧款 CVT 油箱轴承/新款 Lexi 零件号 2DP","28.48","https://cf.shopee.ph/file/id-11134207-7ra0i-mbpi02b5vvsd69","http://shopee.ph/product/1063704776/41457079604","摩托车零配件","传动系统、变速器和离合器","IVCN202608175411","'290600887654","相似款：https://detail.1688.com/offer/845890113522.html?spm=a26352.b28411319/2508.0.0","P1","'08-20","'41457079604","28.48","","20-40美金","20-40单","高价品"
"1","Nmax、Mio M3、Soul GT 125、Freego、XRide 125、Fino 125、Aerox、Lexi、Gear、Fazzio Original Proper Racing Anti Gredeg 双离合变速器","Aerox / Lexi","28","https://cf.shopee.com.my/file/id-11134207-7rase-m1r2kzufa2ep5a","http://shopee.com.my/product/1724069559/52654548386","摩托车零配件","传动系统、变速器和离合器","IVCN202608171201","'325424535884","https://detail.1688.com/offer/908414558603.html?kj_agent_plugin=aliprice&fromkv=xytTrace:212b9de517792453962623997e0ee8&token=Z1ri7HOuIy3WUEJukP6eEXlUOJ2YCo8%2BGJaidTKkbszQGYiVky8lJ7bwiM5XquDS","P0","'08-20","'52654548386","28","","20-40美金","20-40单","高价品"
"1","适用于雅马哈 NMAX/AEROX 的 WF 皮带轮套装","适用于雅马哈 NMAX/AEROX 的 WF 皮带轮套装","28","https://cf.shopee.ph/file/ph-11134207-7rasb-ma857e45f1c7cf","http://shopee.ph/product/162075353/41402173944","摩托车零配件","传动系统、变速器和离合器","IVCN202608173891","'270179609846","无同款","P0","'08-20","'41402173944","28","","100-300美金","100-200单","低价品"
"1","Vespa轮胎：Vespa-LX、Vespa-S 110/70-11（前轮）,120/70-10（后轮）。","120/70-10 后轮 821","27.89","https://cf.shopee.co.th/file/th-11134207-81ztj-miaf1kzpbqivba","http://shopee.co.th/product/191923223/18063095770","摩托车零配件","轮胎及配件","IVCN202608175175","'193238099360","相似款：https://detail.1688.com/offer/678776881431.html?spm=a26352.13672862.offerlist.52.846f514cOZq04F&offerId=678776881431&sortType=&pageId=&abBizDataType=cbuOffer&hotSaleSkuId=5045636343516&trace_log=normal&uuid=15cf69df6c9343ef93f07b64a7db245b&forcePC=1784882791314","P1","'08-20","'18063095770","27.89","","60-80美金","60-80单","高价品"
"1","Raider 150 标准化油器原厂","Raider 150 标准化油器原厂","27.61","https://cf.shopee.ph/file/sg-11134201-822yb-mi2wkwsadrt21a","http://shopee.ph/product/273700948/12237625589","摩托车零配件","燃油系统","IVCN202608175745","'131696207724","https://detail.1688.com/offer/742661482246.html?kj_agent_plugin=aliprice&fromkv=xytTrace:21365bc417453032725937024e1c16&token=we1ef4vT0j6qnjNM7ASDtqbMioC%2BedDFVWKTpSs6g8eHpfZyB6h1a36612wApKYR","P1","'08-20","'12237625589","27.61","","100-300美金","100-200单","高价品"
"1","适用于 DREAM110i / DREAM SUPER CUB 2013 的燃油泵（喷油泵）。Dream Super Cub 燃油泵总成,零件号 16700-KZV-T01。","适用于 DREAM110i / DREAM SUPER CUB 2013 的燃油泵（喷油泵）。Dream Super Cub 燃油泵总成,零件号 16700-KZV-T01。","27.53","https://cf.shopee.co.th/file/sg-11134201-7rdvx-mcvw02s8kybbe3","http://shopee.co.th/product/150660764/40461149017","摩托车零配件","其他的","IVCN202608176279","'305936244040","https://detail.1688.com/offer/650649140079.html?spm=a26352.b28411319/2508.0.0.42151e6249mZcV","P1","'08-20","'40461149017","27.53","","20-40美金","20-40单","高价品"
"1","CRF150 CRF 150 油箱盖","蝶步","27.51","https://cf.shopee.ph/file/id-11134207-7rbk2-m91j0mtkg42a0c","http://shopee.ph/product/344750312/21264119852","摩托车配件","其他的","IVCN202608172755","'99173944306","相似款：https://detail.1688.com/offer/670088340814.html?spm=a26352.b28411319.offerlist.11.1e711e62yqhBn9","P1","'08-20","'21264119852","27.51","","20-40美金","20-40单","高价品"
"1","🇹🇭GT动力皮带轮套装 CLICK125I / CLICK150I（皮带轮、驱动面、背板、滑块、垫圈）","CLICK125i / 150i 套装","27.29","https://cf.shopee.ph/file/ph-11134207-7qul8-lfbcomusf5zz56","http://shopee.ph/product/523751595/17994064875","摩托车零配件","传动系统、变速器和离合器","IVCN202608176481","'175806314434","相似款：https://detail.1688.com/offer/732189774975.html?spm=a26352.b28411319.offerlist.17.1c771e62zTyiwF","P1","'08-20","'17994064875","27.29","","60-80美金","60-80单","高价品"
"1","Satria Fu 公路赛领","Satria Fu 公路赛领","27.06","https://cf.shopee.ph/file/sg-11134201-823q7-mp525epa0ufi6c","http://shopee.ph/product/447018984/52452846021","摩托车零配件","尾气和排放","IVCN202608176233","'385274375047","相似款：https://detail.1688.com/offer/856558473604.html?fromkv=cbuPcPlugin:imageSearchDrawerCard&spm=a2639h.29135425.offerlist.i2&source=action%23offerItem%3Borigin%23cf.shopee.co.th&amug_biz=oneself&amug_fl_src=awakeId_982","P1","'08-20","'52452846021","27.06","","40-60美金","40-60单","高价品"
"1","前挡泥板+号码牌套装 KXF KX 250 HRV 改装 KLX DTRACKER CRF WR 超级摩托车越野挡泥板","绿色的","27.02","https://cf.shopee.ph/file/id-11134201-23030-7zl28lax9qov20","http://shopee.ph/product/337727238/22332726255","摩托车配件","挡泥板和挡泥罩","IVCN202608176307","'204064998778","无同款","P1","'08-20","'22332726255","27.02","","20-40美金","20-40单","高价品"
"1","摩托车 40W/45W 通用超亮前大灯 TDD/全球","TDD 45W,黄+白","27","https://cf.shopee.ph/file/e6776b7735993ffc1cdd4745b5e3b4b5","http://shopee.ph/product/27824632/2333960350","摩托车零配件","灯光","IVCN202608174109","'55021912870","","P0","'08-20","'2333960350","27","","20-40美金","20-40单","高价品"
"1","带挡风玻璃支架的遮阳挡风玻璃,适用于Adv 150和160型号的Carbu Fang遮阳板,加厚透明款","挡风玻璃","26.76","https://cf.shopee.ph/file/sg-11134201-7rfgv-m9pm5gbt24bdb4","http://shopee.ph/product/1027085186/27384565699","摩托车配件","其他的","IVCN202608176359","'258269450506","相似款：https://detail.1688.com/offer/703723426406.html?spm=a26352.b28411319/2508.0.0.42051e62lF8K4I","P1","'08-20","'27384565699","26.76","","40-60美金","40-60单","高价品"
"1","赛车化油器 平滑式 PWK 24/26/28/30/32/34mm 透明蓝色底盖 CNC 高速可调摩托车化油器","NEXT-26毫米","26.64","https://cf.shopee.ph/file/sg-11134201-820n5-mno5dmkrewow1a","http://shopee.ph/product/139042172/3837682021","摩托车零配件","燃油系统","IVCN202608176173","'255978154606","https://detail.1688.com/offer/658921804993.html?kj_agent_plugin=aliprice&fromkv=xytTrace:0","P1","'08-20","'3837682021","26.64","","20-40美金","20-40单","高价品"
"1","扭矩驱动 NCY NY100 MIO 运动型","扭矩驱动 NCY NY100 MIO 运动型","26.13","https://cf.shopee.ph/file/3635ae7edf0cf9fb4e7e4a1ead21861a","http://shopee.ph/product/47774660/4091651154","摩托车零配件","传动系统、变速器和离合器","IVCN202608170997","'110602975789","无同款","P1","'08-20","'4091651154","26.13","","20-40美金","20-40单","高价品"
"1","SATRIA FU 钥匙套装 接触钥匙 原装安全磁铁 37101-2580-000","SATRIA FU 钥匙套装 接触钥匙 原装安全磁铁 37101-2580-000","26","https://cf.shopee.ph/file/id-11134207-7r98p-lxmfrrvovrje32","http://shopee.ph/product/312995541/7465799483","摩托车配件","锁具与安防","IVCN202608175261","'90025713959","相似款：https://detail.1688.com/offer/635048653685.html?spm=a26352.b28411319.offerlist.43.14461e62Z2QpC3","P0","'08-20","'7465799483","26","","60-80美金","60-80单","高价品"
"1","AEROX NVX V2 碳纤维凯夫拉领带护罩","六边形","26","https://cf.shopee.com.my/file/id-11134207-8224o-mkghy12knbwo25","http://shopee.com.my/product/1489705621/41961954099","摩托车零配件","车身及车架","IVCN202608175253","'276002006890","https://detail.1688.com/offer/952788453934.html?spm=0.0.0.0","P0","'08-20","'41961954099","26","","20-40美金","20-40单","高价品"
"1","MOKOTO 雅马哈 MIO SPORTY 曲轴箱盖 3 合 1 套装 碳纤维 C-6821 适用于雅马哈 MIO SPORTY","碳","26","https://cf.shopee.ph/file/ph-11134207-81ztl-mlztcecuew3o2f","http://shopee.ph/product/74233943/3316083371","摩托车配件","其他的","IVCN202608175229","'13322675989","无同款","P0","'08-20","'3316083371","26","","20-40美金","20-40单","高价品"
"1","Satria Fu 化油器改款 Barong 点火钥匙锁套装 Raider 150 原装 SGP","Satria Fu 化油器改款 Barong 点火钥匙锁套装 Raider 150 原装 SGP","26","https://cf.shopee.ph/file/id-11134207-7r98t-lodpsnnh1lsp39","http://shopee.ph/product/423232471/24601604482","摩托车配件","锁具与安防","IVCN202608172105","'187162852738","https://detail.1688.com/offer/754968380698.html?spm=a26352.13672862.offerlist.4.57c91e62W4TD48&offerId=754968380698&sortType=&pageId=&abBizDataType=cbuOffer&hotSaleSkuId=5466376170308&trace_log=normal&uuid=d1559c6f216b45488f30f24d038b28ef&forcePC=1765781188672","P0","'08-20","'24601604482","26","","20-40美金","20-40单","高价品"
"1","THUNDER 125 摩托车化油器","THUNDER 125 摩托车化油器","25.95","https://cf.shopee.ph/file/sg-11134201-7rdyh-mdfkcz958aqd49","http://shopee.ph/product/399391123/15421626590","摩托车零配件","燃油系统","IVCN202608171391","'114545991170","相似款：https://detail.1688.com/offer/624012143764.html?fromkv=cbuPcPlugin:imageSearchDrawerCard&spm=a2639h.29135425.offerlist.i7&source=action%23offerItem%3Borigin%23shopee.ph&amug_biz=oneself&amug_fl_src=awakeId_982","P1","'08-20","'15421626590","25.95","","20-40美金","20-40单","高价品"
"1","Nmax V1 透明挡风玻璃带支架,适用于 Nmax 155 挡风玻璃","清除","25.94","https://cf.shopee.ph/file/sg-11134201-825a8-mrjvhs5q213c08","http://shopee.ph/product/1027085186/28575285076","摩托车零配件","车身及车架","IVCN202608175611","'198194107120","https://detail.1688.com/offer/838920627114.html?kj_agent_plugin=aliprice&fromkv=xytTrace:0bab14ad17842793087935067e0f79&token=QSNMEvUgW7m%2FFRVQ5d8gh%2FR9GFi0YsZqwwhLvvO3%2FDAguGGTWuDEWTFKEgkQvMTc","P1","'08-20","'28575285076","25.94","","20-40美金","20-40单","高价品"
"1","SectBill 挡风玻璃遮阳板 XMAX CONNECTED GEN 3 HEXION V3 Tech Sport 亚克力摩托车配件原装（自动车把升降）","清除","25.89","https://cf.shopee.ph/file/id-11134207-8224o-mgg1bld4mlu0c3","http://shopee.ph/product/1702099669/53403097605","摩托车配件","其他的","IVCN202608171755","'345298426954","相似款：https://detail.1688.com/offer/838998353641.html?fromkv=cbuPcPlugin:imageSearchDrawerCard&spm=a2639h.29135425.offerlist.i0&source=action%23offerItem%3Borigin%23cf.shopee.com.my&amug_biz=oneself&amug_fl_src=awakeId_982","P1","'08-20","'53403097605","25.89","","20-40美金","20-40单","高价品"
"1","白色和黄色双色雾灯/摩托车工作灯/摩托车前大灯频闪聚光灯组件/行车灯","2个","25.02","https://cf.shopee.com.my/file/sg-11134201-7reqk-m81h6dkph2o0d5","http://shopee.com.my/product/867705818/29131572191","摩托车零配件","灯光","IVCN202608170561","'99147506112","https://detail.1688.com/offer/922797985668.html?kj_agent_plugin=aliprice&fromkv=xytTrace:210840cb17528295099433019e16be&token=JBIkYkvSo7Ax1Rf5UJPciBt8HMj6B8DcEmnyOuGzODk%2BWm5XsI1bzXRZZm47lE0V","P1","'08-20","'29131572191","25.02","","20-40美金","20-40单","高价品"
"1","UMA RACING CVT 弹簧 NMAX AEROX LEXI 1000 1500 NMAX NEW LEXI 155 AEROX ALPHA NMAX TURBO AEROX NEW UMA RACING 马来西亚原装正品","红色 1000 转/分","25","https://cf.shopee.com.my/file/id-11134207-7rasm-m571clrzhfvc16","http://shopee.com.my/product/304064628/29273939397","摩托车零配件","传动系统、变速器和离合器","IVCN202608173673","'178671672809","相似款：https://detail.1688.com/offer/587928418010.html?kj_agent_plugin=aliprice&fromkv=xytTrace:0b0b3a8117591192172107001e0dd9&token=ie78pNYkrYsul2ymymjvsz1Jrftb5v8DZysQCPbXZiK6viM36X2WB%2B%2BQqePH%2B8C2","P0","'08-20","'29273939397","25","","20-40美金","20-40单","高价品"
"1","老款Mio蓝色5TL-H4310-10摩托车大灯反射器总成","老款Mio蓝色5TL-H4310-10摩托车大灯反射器总成","25","https://cf.shopee.ph/file/id-11134207-7r98x-lpsuov6kc54oe5","http://shopee.ph/product/312995541/25655432153","摩托车零配件","灯光","IVCN202608175881","'250141743253","相似款：https://detail.1688.com/offer/1055584094435.html?fromkv=cbuPcPlugin:imageSearchDrawerCard&spm=a2639h.29135425.offerlist.i0&source=action%23offerItem%3Borigin%23shopee.ph&amug_biz=oneself&amug_fl_src=awakeId_982","P0","'08-20","'25655432153","25","","20-40美金","20-40单","高价品"
"1","复古摩托车皮头盔","黑色-A（55-62厘米）","25","https://cf.shopee.com.my/file/cn-11134207-7ras8-m795x79c5mb240","http://shopee.com.my/product/857834615/18467497450","摩托车头盔及配件","","IVCN202608170589","'220441728809","https://detail.1688.com/offer/742488359621.html?fromkv=cbuPcPlugin:imageSearchDrawerCard&spm=a2639h.29135425.offerlist.i2&source=action%23offerItem%3Borigin%23shopee.com.my&amug_biz=oneself&amug_fl_src=awakeId_982","P0","'08-20","'18467497450","25","","20-40美金","20-40单","高价品"
"1","雅马哈 Mio i 125 / Mio Soul i 125 主支架/中支架 原装正品","带销钉和卡环","25","https://cf.shopee.ph/file/b3774bf1cee42dcfb4106a8893e101ec","http://shopee.ph/product/45398937/13210203978","摩托车零配件","车身及车架","IVCN202608174859","'67649297117","https://detail.1688.com/offer/954671886409.html?kj_agent_plugin=aliprice&fromkv=xytTrace:0","P0","'08-20","'13210203978","25","","20-40美金","20-40单","高价品"
"1","【菲律宾配送】ROCKBROS 自行车锁 防盗 U 型锁 防液压剪 高强度铝合金摩托车锁 硅胶包裹双车配件","【菲律宾配送】RKS626-BK","24.98","https://cf.shopee.ph/file/sg-11134201-7qvdl-lia0bqg5zge930","http://shopee.ph/product/66842532/21490057957","摩托车配件","锁具与安防","IVCN202608175113","'184381271947","https://detail.1688.com/offer/540857801871.html?spm=a26352.b28411319/2508.0.0","P1","'08-20","'21490057957","24.98","","20-40美金","20-40单","高价品"
"1","批发 10 套轴承滑轮 VARIO BEAT SPACY SCOOPY MIO SOUL KVB/5TL","铜芯","24.82","https://cf.shopee.ph/file/id-11134207-7ra0p-mcrlfqz0jyuf74","http://shopee.ph/product/858640891/28789286443","摩托车零配件","传动系统、变速器和离合器","IVCN202608171619","'281976197291","https://detail.1688.com/offer/991128937980.html?kj_agent_plugin=aliprice&fromkv=xytTrace:212b9de517657865338515273e151e&token=Jb7FywrNAwoQUlOgdhj3KO9%2FoQIn7WDNuiaAEIpIH6d%2BgKNZjR%2BPLfvh94nqdFRQ","P1","'08-20","'28789286443","24.82","","40-60美金","40-60单","高价品"
"1","Shas头盔支架挂钩头盔支架头盔支撑垫头盔甜甜圈环摩托车配件","Shas头盔支架挂钩头盔支架头盔支撑垫头盔甜甜圈环摩托车配件","24.6","https://cf.shopee.ph/file/190b144833af34d9f87d0c0867278d69","http://shopee.ph/product/306167563/20946981531","摩托车头盔及配件","","IVCN202608172495","'202372386958","https://detail.1688.com/offer/679556796842.html?spm=a26352.b28411319/2508.0.0","P1","'08-20","'20946981531","24.6","","20-40美金","20-40单","高价品"
"1","UNION CYCLE 轮辋 17 x 1.85","8G-7.5mm（超大号）","24.57","https://cf.shopee.ph/file/ph-11134207-7ras9-ma0o9ve3qmrw60","http://shopee.ph/product/1114363039/18795297338","摩托车零配件","车轮、轮辋及配件","IVCN202608175607","'290130808842","https://detail.1688.com/offer/876584924247.html?spm=a26352.b28411319/2508.0.0","P1","'08-20","'18795297338","24.57","","20-40美金","20-40单","高价品"
"1","盖 Aerox NVX V2 碳纤维桶","长的","24","https://cf.shopee.com.my/file/id-11134207-8224s-mkghy12koqh404","http://shopee.com.my/product/1489705621/43064097571","摩托车零配件","车身及车架","IVCN202608176067","'261161882100","相似款：https://detail.1688.com/offer/995889039742.html?spm=a26352.b28411319/2508.0.0","P0","'08-20","'43064097571","24","","80-100美金","80-100单","高价品"
"1","正品IRC燃油软管,灰色,内径5毫米（1卷）。由Super Bike商店出售。","灰色的","24","https://cf.shopee.co.th/file/th-11134207-7rask-m0cumpkdjliydd","http://shopee.co.th/product/61645938/27061767661","摩托车零配件","燃油系统","IVCN202608172371","'89648119519","相似款：https://detail.1688.com/offer/633149522453.html?kj_agent_plugin=aliprice&fromkv=xytTrace%3A2146938717665669902468776e112a&token=sodjmtybmWlrbRvVuiszotybGRZ2O6CrtSv%2BKCB87Ytlt2o%2B43vlO4VmcL8kZN97&tracelog=cps&clickid=7bc004fe1375b5a214ec2f3c32151cf5&targetUrl=https%3A%2F%2Fs.click.1688.com%2Ft%3Fe%3DD2DC7A927D55C03D6511A0CCA913FD65D6FA062685DFF8F7D920A558D1D5758C4B369BE324A83E744B8F19128B0D93E33FB8088B45F57B9E47F28FD2CC0E231B18AD4F779334558760FEF997084D4D5331EB6FC8DBCADED4C6C8CEEEE21320CC4BD39EA2FE12E3B1C9184BB35A613B0514DF9ACAFE256B1B8EEDF8E7CB86AA18CF3A1ACDD3190576348394BC3CC3C62B9992F8828C4BE892C9A634ECCD330B294C85FA1DFB130D489940957BEF4973D82FD0F20D3279FBADCD7E93FA0893C49F6B91A44A221DAEA6D6ADFCC25FC8E185ED049A542BEF99BD96F03CC19DD42CB0404BAAD60B69501A1CB455AD953A8D58%26cbu_cps_trace_flag%3Dwrite","P0","'08-20","'27061767661","24","","20-40美金","20-40单","高价品"
"1","适用于Pitsbike摩托车的钻石可调飞球套装,适用于Aerox NMAX Mio125 M3,重量9克至13克,尺寸20毫米x12毫米。","适用于Pitsbike摩托车的钻石可调飞球套装,适用于Aerox NMAX Mio125 M3,重量9克至13克,尺寸20毫米x12毫米。","23.92","https://cf.shopee.ph/file/ph-11134207-7qul1-lewvvehiqxska7","http://shopee.ph/product/169498636/21677252558","摩托车零配件","传动系统、变速器和离合器","IVCN202608170007","'184126832569","无同款","P1","'08-20","'21677252558","23.92","","20-40美金","20-40单","高价品"
"1","XLR XR200 化油器总成","XLR XR200 化油器总成","23.92","https://cf.shopee.ph/file/sg-11134201-7rdvt-mdfktgcvc36hb8","http://shopee.ph/product/399391123/14820427139","摩托车零配件","燃油系统","IVCN202608175909","'96275007356","相似款：https://detail.1688.com/offer/665564857312.html?fromkv=cbuPcPlugin:imageSearchDrawerCard&spm=a2639h.29135425.offerlist.i4&source=action%23offerItem%3Borigin%23shopee.ph&amug_biz=oneself&amug_fl_src=awakeId_982","P1","'08-20","'14820427139","23.92","","20-40美金","20-40单","高价品"
"1","高品质备用遥控钥匙（Aerox S V1 V2 / Nmax V2 V2.1 / Xmax / Exciter 155R）","高品质备用遥控钥匙（Aerox S V1 V2 / Nmax V2 V2.1 / Xmax / Exciter 155R）","23.87","https://cf.shopee.vn/file/sg-11134201-825ac-mrflk96tfy84fb","http://shopee.vn/product/1026050307/42409303682","摩托车配件","锁具与安防","IVCN202608175967","'260780270144","相似款：https://detail.1688.com/offer/959020274295.html?spm=a26352.b28411319/2508.0.0","P1","'08-20","'42409303682","23.87","","40-60美金","40-60单","高价品"
"1","遮阳板挡风玻璃 TDR V5 ADV 挡风玻璃 ADV PJV 商店","清除","23.8","https://cf.shopee.ph/file/sg-11134201-7rbn6-lmuv68hiccpld6","http://shopee.ph/product/969702843/57300871614","摩托车零配件","车身及车架","IVCN202608175381","'147982537637","https://detail.1688.com/offer/1057919418546.html?kj_agent_plugin=aliprice&fromkv=xytTrace:213f867c17848614954007067e0fb0&token=3jPp%2FUd%2FC2THmDlxLaFcjQRcnN9VomkXTjsRyHigeXbKgwtCPk6Za%2Bknda68phKw","P1","'08-20","'57300871614","23.8","","20-40美金","20-40单","高价品"
"1","橡胶波纹阻尼器曲轴平衡器 Satria Fu FI GSX RS Raider FI 150 SGPOriginal","橡胶波纹阻尼器曲轴平衡器 Satria Fu FI GSX RS Raider FI 150 SGPOriginal","23.78","https://cf.shopee.ph/file/id-11134207-7rasd-m3mw668pzixr3d","http://shopee.ph/product/1424793972/27420569713","摩托车零配件","其他的","IVCN202608175687","'237146366011","无同款","P1","'08-20","'27420569713","23.78","","20-40美金","20-40单","高价品"
"1","CSL 座椅总成 TMX125 / RUSI125 / MOTORSTAR125 / CG125 摩托车座椅总成 摩托车零件","CSL 座椅总成 TMX125 / RUSI125 / MOTORSTAR125 / CG125 摩托车座椅总成 摩托车零件","23.7","https://cf.shopee.ph/file/ph-11134207-7r98z-lyn57gnm2dq644","http://shopee.ph/product/286429909/25626918417","摩托车配件","座椅和座椅套","IVCN202608175639","'245723250205","相似款：https://detail.1688.com/offer/863791311823.html?spm=a26352.b28411319.offerlist.223.76661e626qmCMd","P1","'08-20","'25626918417","23.7","","60-80美金","60-80单","高价品"
"1","适用于雅马哈 Mio125、Mio i125、Mio110、Mio M3、Mio Z、Mio i125S 的数字里程表 LED 仪表组件","多色的","23.66","https://cf.shopee.ph/file/cn-11134207-7r98o-lw1a7q7nnfwla7","http://shopee.ph/product/202503691/22275574099","摩托车配件","速度表、里程表和仪表","IVCN202608176269","'29487768269","https://detail.1688.com/offer/822304347380.html?kj_agent_plugin=aliprice&fromkv=xytTrace:0","P1","'08-20","'22275574099","23.66","","20-40美金","20-40单","高价品"
"1","适用于 Rouser 135/180/220、Dtsi 200 Old、Wind 125 Ns150 Ns160 Ns200 200Ns 的燃油箱盖","NS150、160、200、200NS","23.61","https://cf.shopee.ph/file/sg-11134201-7rats-mab1gftor99fee","http://shopee.ph/product/399390617/43501230355","摩托车零配件","燃油系统","IVCN202608172107","'159185773467","相似款：https://detail.1688.com/offer/777184250561.html?kj_agent_plugin=aliprice&fromkv=xytTrace:0b0fdc4f17605161952066013e0fa0&token=mEbm%2BDpFPaFZGwK6WgmRwyAWzSW26RJREdhC2RQhF5caRnjhQLUzskRNrm3oP%2B7f","P1","'08-20","'43501230355","23.61","","20-40美金","20-40单","高价品"
"1","【现货】摩托车鞍包一对,带杯架,SRV250侧边PU皮包,防水大容量","黑色,大号","23.53","https://cf.shopee.com.my/file/sg-11134201-7rdyb-ly343fyih5mg0e","http://shopee.com.my/product/1147764516/25983871536","摩托车配件","盒子和箱子","IVCN202608170919","'241249658697","https://detail.1688.com/offer/932668369153.html?kj_agent_plugin=aliprice&fromkv=xytTrace:0","P1","'08-20","'25983871536","23.53","","20-40美金","20-40单","高价品"
"1","2个摩托车LED工作灯,12V/24V,适用于汽车、四驱越野摩托车、拖拉机等,黄色雾灯,白色方形聚光灯,带免费开关","2个黄色开关+1个开关","23.39","https://cf.shopee.com.my/file/cn-11134207-7r98o-lvecfe8pltydea","http://shopee.com.my/product/984742433/27650194971","摩托车零配件","灯光","IVCN202608172207","'222801603287","","P1","'08-20","'27650194971","23.39","","20-40美金","20-40单","高价品"
"1","Aerox155 Version 1 LED 大灯总成（原厂/Aerox V1）","前照灯总成","23.25","https://cf.shopee.ph/file/ph-11134207-7ras8-m71xsajmwuf3f6","http://shopee.ph/product/47842422/6395874905","摩托车零配件","灯光","IVCN202608173241","'257818322386","相似款：https://detail.1688.com/offer/977331238309.html?kj_agent_plugin=aliprice&fromkv=xytTrace:0bb405a417736328776411515e1087&token=kTiV5ZGRlbvSE1kt3WtAxlMpBgbAGOKxgfXGXRUoy3m2swLz7qSF0qSJTPcs5reA","P1","'08-20","'6395874905","23.25","","20-40美金","20-40单","高价品"
"1","适用于雅马哈 YZF R1M R1 R3 R15V3 R15M R15 V4 无钥匙摩托车油箱盖铝制配件","R15 红色","23.05","https://cf.shopee.co.th/file/sg-11134201-7ra36-m53t8y9gic1s7c","http://shopee.co.th/product/951878644/29873739708","摩托车零配件","燃油系统","IVCN202608175489","'139213903235","https://detail.1688.com/offer/941621545916.html?kj_agent_plugin=aliprice&fromkv=xytTrace:2132815517845377725901454e0da6&token=CQaIlCLGc2raJ2VQ0%2Fm9zmtiePmPRhTlXUdtyXyezFAgF8W%2BHjKk%2FgOfkUUtwYWG","P1","'08-20","'29873739708","23.05","","20-40美金","20-40单","高价品"
"1","RUSI SC125 Gala/Royal 化油器总成","替换变体","23","https://cf.shopee.ph/file/sg-11134201-7rdxb-mcha1lio2lcj72","http://shopee.ph/product/273700948/22890398499","摩托车零配件","燃油系统","IVCN202608171217","'147469844773","相似款：https://detail.1688.com/offer/759703949688.html?spm=a26352.b28411319.offerlist.6.42051e6204FaFp","P0","'08-20","'22890398499","23","","20-40美金","20-40单","高价品"
"1","适用于 Shoei CJ1 CJ-1 V10 JF2 J Stream Jack JF3 J Force TSR AX3 JF3 的摩托车头盔面罩","渐变紫色","22.98","https://cf.shopee.com.my/file/cn-11134207-7ras8-mbtckzgzc2ft07","http://shopee.com.my/product/533047016/41303958096","摩托车头盔及配件","","IVCN202608176455","'285336681532","相似款：https://detail.1688.com/offer/827065110271.html?kj_agent_plugin=aliprice&fromkv=xytTrace:2127a84b17846042653007553e0db3&token=d%2FJ8BR%2BCTGU31%2BI2IUXMV5DslW058NyDc9lxAZ%2B%2BFfsqQSzefnDzr4KyJj7by6k4","P1","'08-20","'41303958096","22.98","","20-40美金","20-40单","高价品"
"1","批发（10片）前刹车片,适用于雅马哈 Mio M3 Mio S Mio Z N-max Aerox 125/155 Fino Fi 125 Soul GT 125 X ride 125 Lexi,零件代码 2BM","批发（10片）前刹车片,适用于雅马哈 Mio M3 Mio S Mio Z N-max Aerox 125/155 Fino Fi 125 Soul GT 125 X ride 125 Lexi,零件代码 2BM","22.43","https://cf.shopee.ph/file/id-11134207-7rbkb-m9zyzidhbeal0c","http://shopee.ph/product/1063704776/43651575774","摩托车零配件","制动系统","IVCN202608172339","'49563239981","相似款：https://detail.1688.com/offer/960865292470.html?kj_agent_plugin=aliprice&fromkv=xytTrace:2133d7d417719292594078868e0ea7&token=lGnID%2BQUNj3UUFKNTApv3JUmffLuQBxwE336Lvfv3OylkLPshr2B8Y%2FcqVmhoO2c","P1","'08-20","'43651575774","22.43","","20-40美金","20-40单","高价品"
"1","帽子 fazzio 前大灯环黑色哑光蓝天哑光红黑色亮银色黄色TOSCA fazzio 镀铬灯罩塑料材质","布莱克多夫,法齐奥","22.32","https://cf.shopee.ph/file/id-11134207-7rbk1-maydliyq4y97e3","http://shopee.ph/product/1181815071/24862848486","摩托车零配件","灯光","IVCN202608175475","'207311481451","https://detail.1688.com/offer/736667046826.html?spm=a26352.b28411319.offerlist.22.4af61e62FDu76c","P1","'08-20","'24862848486","22.32","","20-40美金","20-40单","高价品"
"1","RG前减震器,适用于CLICK125i、CLICK110i、SCOOPY-i（前碟刹）,银色。价格为一对。原装Click 125i油压减震器,即装即用。","银色 - 1 对 - 碟刹","21.43","https://cf.shopee.co.th/file/th-11134207-81zto-me4572lar9q9d5","http://shopee.co.th/product/1609190543/43916840555","摩托车零配件","减震器、支柱和悬架","IVCN202608175711","'261390475488","相似款：https://detail.1688.com/offer/1024050449638.html?fromkv=cbuPcPlugin:imageSearchDrawerCard&spm=a2639h.29135425.offerlist.i0&source=action%23offerItem%3Borigin%23cf.shopee.co.th&amug_biz=oneself&amug_fl_src=awakeId_982","P1","'08-20","'43916840555","21.43","","20-40美金","20-40单","高价品"
"1","Satria Fu Fi 启动器支架开关组件 RH Raider Fi 原装 SGP 启动器开关","Satria Fu Fi 启动器支架开关组件 RH Raider Fi 原装 SGP 启动器开关","21.25","https://cf.shopee.ph/file/id-11134207-7ra0r-mbq0v7d1nqec20","http://shopee.ph/product/423232471/10846056890","摩托车零配件","其他的","IVCN202608176213","'120204929692","相似款：https://detail.1688.com/offer/884941414962.html?fromkv=cbuPcPlugin:imageSearchDrawerCard&spm=a2639h.29135425.offerlist.i0&source=action%23offerItem%3Borigin%23shopee.ph&amug_biz=oneself&amug_fl_src=awakeId_982","P1","'08-20","'10846056890","21.25","","20-40美金","20-40单","高价品"
"1","HOTOP摩托车油箱包骑士防水旅行手提单肩包手机触控导航油箱包Givi Beg通用","黑色的","21.1","https://cf.shopee.com.my/file/cn-11134207-820l4-mfp2k2hcpxxn48","http://shopee.com.my/product/1013658762/40723624436","摩托车配件","盒子和箱子","IVCN202608176113","'238159077483","https://detail.1688.com/offer/807620779522.html?kj_agent_plugin=aliprice&fromkv=xytTrace:0","P1","'08-20","'40723624436","21.1","","40-60美金","40-60单","高价品"
"1","MESIN CRF 150L 全套发动机罩 CRF 150L 全套发动机护罩/护板/","全套,红色","20.91","https://cf.shopee.ph/file/id-11134207-7ra0s-mcqkpae3wpcz31","http://shopee.ph/product/863901741/28589266826","摩托车零配件","车身及车架","IVCN202608175267","'295898676105","相似款：https://detail.1688.com/offer/821150764962.html?kj_agent_plugin=aliprice&fromkv=xytTrace:0","P1","'08-20","'28589266826","20.91","","20-40美金","20-40单","高价品"
"1","NLK 排气系统 SRL 110/ SRL115FI LEGEND FI","LEGEND 115Fi","20.77","https://cf.shopee.com.my/file/id-11134207-7r98z-ltlchnk9dtl66a","http://shopee.com.my/product/265097891/24622027223","摩托车零配件","尾气和排放","IVCN202608173075","'148572922055","相似款：https://detail.1688.com/offer/561830306143.html?fromkv=cbuPcPlugin:imageSearchDrawerCard&spm=a2639h.29135425.offerlist.i6&source=action%23offerItem%3Borigin%23shopee.com.my&amug_biz=oneself&amug_fl_src=awakeId_982","P1","'08-20","'24622027223","20.77","","20-40美金","20-40单","高价品"
"1","🇹🇭GT动力皮带轮套装（皮带轮、驱动面、背板、滑块、垫圈、飞轮）","节拍/完整套装","20.29","https://cf.shopee.ph/file/ph-11134207-7qul5-likdmt80amfaef","http://shopee.ph/product/523751595/22072191013","摩托车零配件","传动系统、变速器和离合器","IVCN202608172069","'108942668242","https://detail.1688.com/offer/894468155553.html?kj_agent_plugin=aliprice&fromkv=xytTrace:0","P1","'08-20","'22072191013","20.29","","20-40美金","20-40单","高价品"
"1","滚子壳体总成套装 Mio M3 ZS Soul GT 125 Xride Fino Fi 125 2PH/2SX","滚子壳体总成套装 Mio M3 ZS Soul GT 125 Xride Fino Fi 125 2PH/2SX","20.08","https://cf.shopee.ph/file/id-11134207-23030-bniad8vwwcovcc","http://shopee.ph/product/555834879/23529944006","摩托车零配件","传动系统、变速器和离合器","IVCN202608171287","'79271184706","相似款：https://detail.1688.com/offer/846303098500.html?kj_agent_plugin=aliprice&fromkv=xytTrace%3A0b5681be17792725997747284e0e13&token=vxd0zofXx2%2F6IwNd1ShgF4R8eV7azzkX%2B7yejf1fwoRjBkXOjpyQ8DQcGrMhytSN&tracelog=cps&clickid=8122fb2756732cd8bb26c46fb6333c5b&targetUrl=https%3A%2F%2Fs.click.1688.com%2Ft%3Fe%3DD2DC7A927D55C03D6511A0CCA913FD65D6FA062685DFF8F7D920A558D1D5758C4B369BE324A83E744B8F19128B0D93E33FB8088B45F57B9E47F28FD2CC0E231B18AD4F779334558760FEF997084D4D5331EB6FC8DBCADED4C6C8CEEEE21320CC4BD39EA2FE12E3B1509220DE28498434EBCB97BCAD9F7C5930BEC26DD351306B33DDBE9C4EEED1D0348394BC3CC3C62B9992F8828C4BE892B11C34CBAE2B497A992C7AE0DB7E8E5D57AD28C16688BFA3DDE96C1908F38523C4DE73769BDD8858D69858FDC740A4140236E759DB17F40FA02130FB5955A8F4D980406D3491620B2C935B48C4792C35B03DC7FB59DB5EB1%26cbu_cps_trace_flag%3Dwrite","P1","'08-20","'23529944006","20.08","","20-40美金","20-40单","高价品"
"1","MOTOWOLF 通用摩托车头盔镜片防雾膜贴纸","MDL1912B","20.08","https://cf.shopee.com.my/file/sg-11134201-7rbmo-llyd3av5lyl54b","http://shopee.com.my/product/70852405/22181079159","摩托车头盔及配件","","IVCN202608170411","'158375015966","https://detail.1688.com/offer/970500054035.html?fromkv=cbuPcPlugin:imageSearchDrawerCard&spm=a2639h.29135425.offerlist.i2&source=action%23offerItem%3Borigin%23shopee.com.my&amug_biz=oneself&amug_fl_src=awakeId_982","P1","'08-20","'22181079159","20.08","","20-40美金","20-40单","高价品"
"1","雅马哈 Byson 老款 Byson 化油器摩托车开关支架开关手柄套装","一对/套","20.05","https://cf.shopee.ph/file/id-11134207-7qukw-liwylbe662n2e1","http://shopee.ph/product/727595182/23547502466","摩托车零配件","其他的","IVCN202608170483","'196862947015","相似款：https://detail.1688.com/offer/986158559516.html?spm=a26352.b28411319.offerlist.13.23961e62liXTcA","P1","'08-20","'23547502466","20.05","","20-40美金","20-40单","低价品"
"1","Salaya螺丝安装式CNC前叉轮毂 Wave Sirius Ex135 Ex150 Ex155 Satria 304不锈钢","6只蜗牛和龙","20.01","https://cf.shopee.ph/file/vn-11134207-7ras8-m3dtb4hn56lkae","http://shopee.ph/product/472563497/29769709610","摩托车零配件","其他的","IVCN202608171993","'242183335764","相似款：https://detail.1688.com/offer/939192260407.html?kj_agent_plugin=aliprice&fromkv=xytTrace:0","P1","'08-20","'29769709610","20.01","","20-40美金","20-40单","高价品"
"1","Click125/Click150 V1（Araro）前下盖","Click125/Click150 V1（Araro）前下盖","20","https://cf.shopee.ph/file/6b72cf899b61522117ad03a359c7039e","http://shopee.ph/product/28464615/8002413309","摩托车零配件","车身及车架","IVCN202608175093","'72310474790","相似款：https://detail.1688.com/offer/984941925832.html?spm=a26352.b28411319/2508.0.0","P0","'08-20","'8002413309","20","","20-40美金","20-40单","高价品"
"1","燃油箱 Mio Lama Smile 运动型老式化油器 5TL-F4110-01 原装","燃油箱 Mio Lama Smile 运动型老式化油器 5TL-F4110-01 原装","20","https://cf.shopee.ph/file/id-11134207-7r98z-lvvj6tzgld7yf6","http://shopee.ph/product/312995541/24482120553","摩托车零配件","燃油系统","IVCN202608176267","'251006759932","https://detail.1688.com/offer/849361652050.html?kj_agent_plugin=aliprice&fromkv=xytTrace:212b9de517845362187701006e0db1&token=53Rbqxz5HxLXmtYleic5eV7wi7qelnva3fTsAjNDQUL6Fd%2BUALolNviM7yySa7RW","P0","'08-20","'24482120553","20","","20-40美金","20-40单","高价品"
"1","适用于13马力至18马力汽油发动机的化油器（GX390/LT188）","适用于13马力至18马力汽油发动机的化油器（GX390/LT188）","20","https://cf.shopee.ph/file/81495adb19480ce896db92cb6cf45804","http://shopee.ph/product/179779485/21928901755","摩托车零配件","燃油系统","IVCN202608170449","'211495398763","相似款：https://detail.1688.com/offer/713710569716.html?kj_agent_plugin=aliprice&fromkv=xytTrace:0","P0","'08-20","'21928901755","20","","40-60美金","40-60单","高价品"
"1","适用于宝马 GS1200 1250 R1200GS 的 28 升防水摩托车尾箱包及配件","无标志","19.89","https://cf.shopee.com.br/file/cn-11134207-7ras8-m31ioubr9z3b7a","http://shopee.com.br/product/468803753/28911952967","摩托车配件","盒子和箱子","IVCN202608173441","'198011633580","https://detail.1688.com/offer/968032736703.html?fromkv=cbuPcPlugin:imageSearchDrawerCard&spm=a2639h.29135425.offerlist.i0&source=action%23offerItem%3Borigin%23shopee.com.br&amug_biz=oneself&amug_fl_src=awakeId_982","P1","'08-20","'28911952967","19.89","","40-60美金","40-60单","高价品"
"1","双联防粘碗定制卡特尔CVT碗和双扣卡瓦哈拉凯夫拉,左侧","定制胡萝卜 MNGKOK,Nmax 新旧款,Aerox","19.48","https://cf.shopee.com.my/file/id-11134207-7r98x-lq9yt1g6dl3y35","http://shopee.com.my/product/348823739/25726159630","摩托车零配件","传动系统、变速器和离合器","IVCN202608175531","'185053621956","相似款：https://detail.1688.com/offer/742484921162.html?spm=a26352.b28411319/2508.0.0","P1","'08-20","'25726159630","19.48","","20-40美金","20-40单","高价品"
"1","KIEHIN 28MM 化油器即插即用","KIEHIN 28MM 化油器即插即用","19.3","https://cf.shopee.ph/file/ph-11134207-7r98q-lyw30llk2c8q1c","http://shopee.ph/product/162075353/19161878509","摩托车零配件","燃油系统","IVCN202608175719","'146238453936","https://detail.1688.com/offer/589919595635.html?kj_agent_plugin=aliprice&fromkv=xytTrace:213d7cd717495367327387276e15af&token=bfGof8XkCRXCRJG4AEKEixvmcIssopCMZBo%2BwVbE6R5z%2BVVAvK1BYP4vm7wjcwBy","P1","'08-20","'19161878509","19.3","","20-40美金","20-40单","高价品"
"1","燃油泵咔嗒声 150i pcx 150 Vario 150 16700-K59-A11","燃油泵咔嗒声 150i pcx 150 Vario 150 16700-K59-A11","19.18","https://cf.shopee.ph/file/sg-11134201-82301-mi33z2jc7myva7","http://shopee.ph/product/273700948/28330907373","摩托车零配件","燃油系统","IVCN202608175545","'247994879825","相似款：https://detail.1688.com/offer/890138916120.html?spm=a26352.b28411319/2508.0.0.75de1e62G5huwS","P1","'08-20","'28330907373","19.18","","20-40美金","20-40单","高价品"
"1","Wave 125 R/S 尾灯（平头款）,包含灯泡、灯座和反光片。Wave 125 尾灯套装。Wave 125R 尾灯。优质产品。","完整的尾灯组件","19.07","https://cf.shopee.co.th/file/th-11134207-7r98q-llybds5qycqve2","http://shopee.co.th/product/1040024433/22881119645","摩托车零配件","灯光","IVCN202608174079","'99443147218","相似款：https://detail.1688.com/offer/547921002830.html?spm=a26352.b28411319.offerlist.6.6ae41e62pvOQ2Z","P1","'08-20","'22881119645","19.07","","60-80美金","60-80单","中价品"
"1","KOU MAHACHAI 标志和列表 || 标志和列表包含免费的黑色铆钉。","符号 + 项目 1","19.02","https://cf.shopee.co.th/file/id-11134207-8224u-mjmzevuw4irn3a","http://shopee.co.th/product/1800095689/44658775114","摩托车配件","贴纸、标志和徽章","IVCN202608171673","'395777402183","无同款","P1","'08-20","'44658775114","19.02","","20-40美金","20-40单","高价品"
"1","MESIN 1 套发动机盖（上下）适用于 ESPBEAT、Street Scoopy、ESP Pop、ESP Vario 110 FI 和 ESP,高品质。","MESIN 1 套发动机盖（上下）适用于 ESPBEAT、Street Scoopy、ESP Pop、ESP Vario 110 FI 和 ESP,高品质。","19","https://cf.shopee.ph/file/id-11134207-7rbk0-m6y080fdk0llf0","http://shopee.ph/product/626076993/28828322065","摩托车零配件","车身及车架","IVCN202608173365","'129264742556","相似款：https://detail.1688.com/offer/608814060887.html?kj_agent_plugin=aliprice&fromkv=xytTrace:0bf8ca8917687922387058218e0db9&token=t9sIATbv7moyvUCu9XlheRk1ONlGltRIfWTh3cThUEx4hqD%2FjoHW4P%2BRIbupOH0d","P0","'08-20","'28828322065","19","","20-40美金","20-40单","高价品"
"1","雅马哈车身前下侧翼下部 XMAX 250 OLD V1 右侧 Kiri B74-F835K-00 B74-F835J-00 雅马哈原装","乌亮","18.74","https://cf.shopee.com.my/file/id-11134207-7r98q-lxgf4b45lxx904","http://shopee.com.my/product/325669876/7260093842","摩托车零配件","车身及车架","IVCN202608173375","'184392468293","相似款：https://detail.1688.com/offer/890476800053.html?fromkv=cbuPcPlugin:imageSearchDrawerCard&spm=a2639h.29135425.offerlist.i6&source=action%23offerItem%3Borigin%23cf.shopee.com.my&amug_biz=oneself&amug_fl_src=awakeId_982","P1","'08-20","'7260093842","18.74","","20-40美金","20-40单","高价品"
"1","皮带轮 VARIO 160 PCX 160 150 ADV 160 车床角度 13.8 PCX VARIO 互锁皮带轮系列 K1Z","PCX / VARIO / ADV 160,1 设置 13.8°度","18.6","https://cf.shopee.com.my/file/id-11134207-81ztg-mf16qtes074e48","http://shopee.com.my/product/1614565072/43964445529","摩托车零配件","传动系统、变速器和离合器","IVCN202608173631","'248777983157","相似款：https://detail.1688.com/offer/628258760299.html?kj_agent_plugin=aliprice&fromkv=xytTrace:0bf8ca8917640415217197918e0d13&token=2ag6VOgBcWUNhkhj5WNx8ZUVILm%2FMfrYJfsqU1dCDYEhPLmzLL%2BtS%2FqS68zuq%2FH2","P1","'08-20","'43964445529","18.6","","40-60美金","40-60单","低价品"
"1","NZDocilworks - Aerox（Connected/Old/New/Alpha/TurboV3）遮阳挡风玻璃","黑烟 3 毫升,AEROX V3","18.59","https://cf.shopee.ph/file/sg-11134201-82281-mhq6iamqlo8zb8","http://shopee.ph/product/332213496/50202401002","摩托车配件","其他的","IVCN202608173319","'410233060800","相似款：https://detail.1688.com/offer/998805100408.html?fromkv=cbuPcPlugin:imageSearchDrawerCard&spm=a2639h.29135425.offerlist.i17&source=action%23offerItem%3Borigin%23shopee.ph&amug_biz=oneself&amug_fl_src=awakeId_982","P1","'08-20","'50202401002","18.59","","20-40美金","20-40单","高价品"
"1","HOMEUVOE 遥控电动自行车尾车,逼真可充电摇摆车,可爱","粉白","18.41","https://cf.shopee.com.br/file/sg-11134201-81zu8-mmtkr2qnti4i12","http://shopee.com.br/product/427553158/57908806422","摩托车配件","贴纸、标志和徽章","IVCN202608175725","'335781694800","https://detail.1688.com/offer/1036940104670.html?spm=a26352.b28411319/2508.0.0&cosite=-&tracelog=p4p&_p_isad=1&clickid=56580723ca004246803e12821ff62a78&sessionid=5e5afb6354f94a8baf9e193a328c006c","P1","'08-20","'57908806422","18.41","","20-40美金","20-40单","高价品"
"1","RZAHUAHU 7/9升大容量后架包/摩托车前包,适合户外旅行","9升","18.31","https://cf.shopee.co.th/file/sg-11134201-7rdwd-mcispk8gfxyra7","http://shopee.co.th/product/81268666/40459551289","摩托车配件","盒子和箱子","IVCN202608176651","'224366919399","https://detail.1688.com/offer/769573947514.html?fromkv=cbuPcPlugin:imageSearchDrawerCard&spm=a2639h.29135425.offerlist.i0&source=action%23offerItem%3Borigin%23cf.shopee.co.th&amug_biz=oneself&amug_fl_src=awakeId_982","P1","'08-20","'40459551289","18.31","","20-40美金","20-40单","高价品"
"1","Mio Sporty 摩托车泡沫","Mio Sporty 摩托车泡沫","18.12","https://cf.shopee.ph/file/sg-11134201-22120-uxufth5lodlve0","http://shopee.ph/product/348841196/8502922660","摩托车配件","座椅和座椅套","IVCN202608176427","'72362528886","无同款","P1","'08-20","'8502922660","18.12","","20-40美金","20-40单","高价品"
"1","卡钳 8.1 2 芯片带 Earls 刹车软管 - Wave,Mio","软管 + 黑色","18.11","https://cf.shopee.ph/file/ph-11134207-23010-l5natplw5pmv27","http://shopee.ph/product/386978818/20471723575","摩托车零配件","制动系统","IVCN202608170711","'203747904476","","P1","'08-20","'20471723575","18.11","","20-40美金","20-40单","低价品"
"1","XYZ支架脚踏下弯管MX KING","黑多夫","18","https://cf.shopee.ph/file/id-11134207-822wr-mnwoe795eayqa0","http://shopee.ph/product/915846258/50510011372","摩托车零配件","车身及车架","IVCN202608176527","'177399033333","相似款：https://detail.1688.com/offer/1003537918661.html?fromkv=cbuPcPlugin:imageSearchDrawerCard&spm=a2639h.29135425.offerlist.i2&source=action%23offerItem%3Borigin%23shopee.ph&amug_biz=oneself&amug_fl_src=awakeId_982","P0","'08-20","'50510011372","18","","60-80美金","60-80单","高价品"
"1","NMAX TURBO NEO S TECHMAX 2025 MHR 下挡泥板","NMAX TURBO NEO S TECHMAX 2025 MHR 下挡泥板","18","https://cf.shopee.ph/file/id-11134207-81zte-mqgtaxbimknga1","http://shopee.ph/product/322569737/24993517096","摩托车配件","挡泥板和挡泥罩","IVCN202608175169","'139311958090","相似款：https://detail.1688.com/offer/989686055993.html?kj_agent_plugin=aliprice&fromkv=xytTrace:0","P0","'08-20","'24993517096","18","","20-40美金","20-40单","高价品"
"1","Pro Liner Carbon PNP Silencerknalpot 适用于 Gsx/Ninja250fi/CBR250/R25/R15 Ninja mono/CB150R dLL","Pro Liner Carbon PNP Silencerknalpot 适用于 Gsx/Ninja250fi/CBR250/R25/R15 Ninja mono/CB150R dLL","17.8","https://cf.shopee.ph/file/sg-11134201-22100-gt4cajmw15hva8","http://shopee.ph/product/915846976/19067618323","摩托车零配件","尾气和排放","IVCN202608175861","'220445656913","https://detail.1688.com/offer/612820172429.html?spm=a26352.b28411319/2508.0.0&cosite=-&tracelog=p4p&_p_isad=1&clickid=d63742af048a4876bcd52b9d0255c3c9&sessionid=dc686b7eeb5e15c393c0ad1bc6b901b2","P1","'08-20","'19067618323","17.8","","40-60美金","40-60单","高价品"
"1","CLICK 125 I Game Changer 或 V2 下部内盖 2021 款 (HPI) (原装：81141-K60-B60ZA)","CLICK 125 I Game Changer 或 V2 下部内盖 2021 款 (HPI) (原装：81141-K60-B60ZA)","17.7","https://cf.shopee.ph/file/ph-11134207-81ztq-me9fzvgq80shee","http://shopee.ph/product/312071229/9132132014","摩托车零配件","车身及车架","IVCN202608172223","'91246615258","无同款","P1","'08-20","'9132132014","17.7","","20-40美金","20-40单","高价品"
"1","通用摩托车可调节后备箱架改装摩托车配件尾箱支架","通用摩托车可调节后备箱架改装摩托车配件尾箱支架","17.56","https://cf.shopee.co.th/file/cn-11134207-820l4-mifn1n6s6vbc56","http://shopee.co.th/product/1417574755/27388802258","摩托车配件","其他的","IVCN202608175681","'248637472142","https://detail.1688.com/offer/743644720556.html?kj_agent_plugin=aliprice&fromkv=xytTrace:0","P1","'08-20","'27388802258","17.56","","60-80美金","60-80单","高价品"
"1","YAMAHA 活塞连杆 + 曲轴轴承 6305 6322 右Kiri Sporty Smile Soul Nouvo Fino 化油器 (5MX)","YAMAHA 活塞连杆 + 曲轴轴承 6305 6322 右Kiri Sporty Smile Soul Nouvo Fino 化油器 (5MX)","17.51","https://cf.shopee.ph/file/sg-11134201-22100-5f0q3nay9wiv01","http://shopee.ph/product/344647910/18056472838","摩托车零配件","其他的","IVCN202608176005","'220066397596","无同款","P1","'08-20","'18056472838","17.51","","60-80美金","60-80单","高价品"
"1","开关 Kiri 和右侧 Rx king Rxking 全新 3KA-H3976-11 + 3KA-H3969-21 1套 原装","开关 Kiri 和右侧 Rx king Rxking 全新 3KA-H3976-11 + 3KA-H3969-21 1套 原装","17.5","https://cf.shopee.com.my/file/id-11134207-81zti-mq464432c2z2bf","http://shopee.com.my/product/243512060/4654786607","摩托车零配件","其他的","IVCN202608176357","'61193511196","相似款：https://detail.1688.com/offer/805156067233.html?fromkv=cbuPcPlugin:imageSearchDrawerCard&spm=a2639h.29135425.offerlist.i10&source=action%23offerItem%3Borigin%23shopee.com.my&amug_biz=oneself&amug_fl_src=awakeId_982","P0","'08-20","'4654786607","17.5","","100-300美金","100-200单","高价品"
"1","活塞杆套件 Mio M3 Mio Soul GT 125 Fino Xride 125 Mio z 125 2PH 雅马哈轴承 RightKiri 6322 6305","活塞杆套件 Mio M3 Mio Soul GT 125 Fino Xride 125 Mio z 125 2PH 雅马哈轴承 RightKiri 6322 6305","17.5","https://cf.shopee.ph/file/id-11134207-7qul5-ljtg66wyeekj3a","http://shopee.ph/product/344647122/18574001593","摩托车零配件","传动系统、变速器和离合器","IVCN202608175355","'127416825125","无同款","P0","'08-20","'18574001593","17.5","","40-60美金","40-60单","高价品"
"1","适用于铃木 Smash 110 / Raider J 的前刹车总泵和卡钳套装","适用于铃木 Smash 110 / Raider J 的前刹车总泵和卡钳套装","17.43","https://cf.shopee.ph/file/d25eef5cf1069fd0fa31e6c5b44c0bce","http://shopee.ph/product/194329375/5319378832","摩托车零配件","制动系统","IVCN202608176515","'62047628117","相似款：https://detail.1688.com/offer/692459664657.html?fromkv=cbuPcPlugin:imageSearchDrawerCard&spm=a2639h.29135425.offerlist.i10&source=action%23offerItem%3Borigin%23shopee.co.th&amug_biz=oneself&amug_fl_src=awakeId_982","P1","'08-20","'5319378832","17.43","","20-40美金","20-40单","高价品"
"1","DMX ZXR MX-4 模块 PLUS DMX PCB 模块 LED 下方 RGB LED DMX LED 应用灯","MX-4 带电缆","17","https://cf.shopee.com.my/file/id-11134207-822wo-mpt302riftal47","http://shopee.com.my/product/1119106013/54160443619","摩托车零配件","灯光","IVCN202608176469","'350917100488","相似款：https://detail.1688.com/offer/1053857009566.html?fromkv=cbuPcPlugin:imageSearchDrawerCard&spm=a2639h.29135425.offerlist.i4&source=action%23offerItem%3Borigin%23cf.shopee.com.my&amug_biz=oneself&amug_fl_src=awakeId_982","P0","'08-20","'54160443619","17","","20-40美金","20-40单","高价品"
"1","雅马哈 Fazzio 2022/2023 款大灯反射器玻璃云母原装 Stanley","A级云母","16.78","https://cf.shopee.ph/file/id-11134207-8224u-mhx17744hvygf8","http://shopee.ph/product/954769749/22925004154","摩托车零配件","灯光","IVCN202608175867","'177087820428","相似款：https://detail.1688.com/offer/724208900574.html?kj_agent_plugin=aliprice&fromkv=xytTrace%3A0&tracelog=cps&clickid=6727853fde75c49274e9c96c50ff17b4&targetUrl=https%3A%2F%2Fs.click.1688.com%2Ft%3Fe%3DA6FEAF87A2FCFBDD05C1BD6ABB449CE46147FC88EA630CBAC31FEFBD3966EDE4DF88C915D5486E33D1003E749B3EAAA5861098A75E16F4D226600F2847DABD1A5F0FFA4FF39BCCC320D4625E68D0D47AF6FEC9241CC79F982F2298161E9E1CDC647DB51A97936BD5F83647F0B0989082DDD68BA75746167D914B587945FCB4AA7EEF6D6099BA67CE089F770C23C101B78DE45048AC204CB74223B104ABF3D9556143E8EEA254DE1440310424F94DAC82EDE63D4561A12A4F56E5E5F89AE1F466303F608D978C52EF431B618A43F4C8D870B61451116AFEB5CFAC70D6A1F397DB6240F28A8DC2CCF2%26cbu_cps_trace_flag%3Dwrite","P1","'08-20","'22925004154","16.78","","20-40美金","20-40单","高价品"
"1","经典款 - 06 型：经典定制日式摩托车边包","黑色套装（左右）","16.61","https://cf.shopee.ph/file/id-11134207-7rbk0-m99ug4bzat4yff","http://shopee.ph/product/322590238/12542571654","摩托车配件","其他的","IVCN202608175207","'113622043392","相似款：https://detail.1688.com/offer/749559271372.html?kj_agent_plugin=aliprice&fromkv=xytTrace:0b5681be17739881541266423e0da3&token=yFd%2B4eT5qi95915UQ5B29F8O7Qa7o6vpVkHnWkzCfvvwe%2Bk8Bmt4XXoB%2BlkEnhM5","P1","'08-20","'12542571654","16.61","","20-40美金","20-40单","高价品"
"1","适用于WAVE、Dream、Supercub的后减震器,高度310/330/340mm。价格为一对。也适用于Wave、Wave 125、Wave 110、Wave 110i的后减震器。现货供应。","白色,1 对,330 毫米","16.31","https://cf.shopee.co.th/file/th-11134207-7r98r-lurlzwigar8557","http://shopee.co.th/product/632838991/19982732372","摩托车零配件","减震器、支柱和悬架","IVCN202608175717","'166450602561","","P1","'08-20","'19982732372","16.31","","20-40美金","20-40单","中价品"
"1","Mio M3 Soul GT 125 Mio Z 2PH 点火钥匙点火开关盖","Mio M3 Soul GT 125 Mio Z 2PH 点火钥匙点火开关盖","16.1","https://cf.shopee.ph/file/id-11134207-7r98r-lwe3404v9rbh77","http://shopee.ph/product/441584730/3083223447","摩托车配件","锁具与安防","IVCN202608171293","'56742368499","相似款：https://detail.1688.com/offer/737191223218.html?kj_agent_plugin=aliprice&fromkv=xytTrace:0","P1","'08-20","'3083223447","16.1","","60-80美金","60-80单","高价品"
"1","摩托车LED灯 高/低 白 黄 红 日间行车灯+频闪模式 LED射灯 摩托车聚光灯 运动灯","2个灯","15.92","https://cf.shopee.com.my/file/cn-11134207-7r98o-lz7jni0di7ar7a","http://shopee.com.my/product/1331276931/27758627162","摩托车零配件","灯光","IVCN202608172369","'251430329409","相似款：https://detail.1688.com/offer/822203049221.html?fromkv=cbuPcPlugin:imageSearchDrawerCard&spm=a2639h.29135425.offerlist.i0&source=action%23offerItem%3Borigin%23shopee.com.my&amug_biz=oneself&amug_fl_src=awakeId_982","P1","'08-20","'27758627162","15.92","","20-40美金","20-40单","高价品"
"1","适用于 Vario 150、Vario 125、Vario 160、Adv 150、Adv 160、PCX 150、PCX 160 和 Stylo 160 的原装滑轮","适用于 Vario 150、Vario 125、Vario 160、Adv 150、Adv 160、PCX 150、PCX 160 和 Stylo 160 的原装滑轮","15.87","https://cf.shopee.ph/file/id-11134207-7quky-lkg2zvavra9leb","http://shopee.ph/product/322580406/28152760415","摩托车零配件","其他的","IVCN202608171683","'207580931784","无同款","P1","'08-20","'28152760415","15.87","","20-40美金","20-40单","高价品"
"1","适用于新款 2025 PCX160 的挡风玻璃/前整流罩。","PCX 160 2025 CEPER,很明显。","15.78","https://cf.shopee.co.th/file/id-11134207-7rbkd-m9y9vjl1cnryff","http://shopee.co.th/product/1247855678/42951418404","摩托车配件","其他的","IVCN202608173337","'280115554236","相似款：https://detail.1688.com/offer/967742917235.html?kj_agent_plugin=aliprice&fromkv=xytTrace:2146938717739142618657347e0ee7&token=OFZlPs9Yn2ZOtu4xneoZYL6i8BrQgAtFYrFgfYqDiVHHDtPNPts57yCzJ8l7VPO%2F","P1","'08-20","'42951418404","15.78","","20-40美金","20-40单","高价品"
"1","雅马哈发动机风扇罩套装 3 件套 MIO SPORTY SMILE NOUVO 原装雅马哈","雅马哈发动机风扇罩套装 3 件套 MIO SPORTY SMILE NOUVO 原装雅马哈","15.72","https://cf.shopee.ph/file/sg-11134201-7rceh-lqvmbo9msaypdc","http://shopee.ph/product/894110653/25126470598","摩托车零配件","车身及车架","IVCN202608175631","'207462510287","无同款","P1","'08-20","'25126470598","15.72","","20-40美金","20-40单","高价品"
"1","油封防尘密封圈（倒置式）CRF 150,前叉密封套件 CRF 150L 原装","密封油 + 密封粉尘","15.72","https://cf.shopee.ph/file/id-11134207-81ztm-mf2r4ocalszze3","http://shopee.ph/product/358924071/18308208684","摩托车零配件","其他的","IVCN202608176245","'163076978351","https://detail.1688.com/offer/1018076810171.html?spm=a26352.b28411319/2508.0.0","P1","'08-20","'18308208684","15.72","","20-40美金","20-40单","中价品"
"1","行李箱盖 LID 维护储液罐散热器 Satria Fu Fi Raider Fi 原装 SGP","行李箱盖 LID 维护储液罐散热器 Satria Fu Fi Raider Fi 原装 SGP","15.68","https://cf.shopee.ph/file/id-11134207-7ra0j-mbvs50qwxo3g87","http://shopee.ph/product/1424793972/27820569672","摩托车零配件","其他的","IVCN202608176439","'198060537864","无同款","P1","'08-20","'27820569672","15.68","","20-40美金","20-40单","中价品"
"1","特别复古儿童头盔,印有泰路巴士图案","Bis 特别款","15.67","https://cf.shopee.com.br/file/c9b77b64eee786ab6fff4fef1695bc50","http://shopee.com.br/product/403668854/49002442148","摩托车头盔及配件","","IVCN202608175211","'400235688635","相似款：https://detail.1688.com/offer/958603175725.html?spm=a26352.b28411319/2508.0.0","P1","'08-20","'49002442148","15.67","","20-40美金","20-40单","高价品"
"1","适用于 Wave 125 4V 的凸轮轴齿轮,带 4 个锁紧螺母。高扭矩凸轮轴齿轮。","适用于 Wave 125 4V 的凸轮轴齿轮,带 4 个锁紧螺母。高扭矩凸轮轴齿轮。","15.55039","https://cf.shopee.co.th/file/sg-11134201-8261m-mj52eq2vzapua7","http://shopee.co.th/product/1206182085/43771856483","摩托车零配件","传动系统、变速器和离合器","IVCN202608175705","'248965758053","相似款：https://detail.1688.com/offer/1014435816900.html?kj_agent_plugin=aliprice&fromkv=xytTrace:210702e017835076075432785e0e48&token=qrmjaSkGnGpjbYehJa7CcjEMpLYn4Ih0qpUxPeheW9QN40Y8wKr8XSATXw0N3eN1","P1","'08-20","'43771856483","15.55039","","60-80美金","60-80单","高价品"
"1","MESIN PRORIDER CRF 150L 发动机护罩全套 CRF 150L 全套发动机护罩/ CRF 150 全套发动机护罩/","TTP引擎+侧面","15.35","https://cf.shopee.ph/file/sg-11134201-7rbkb-lol7w20cfxf453","http://shopee.ph/product/1247799261/24778290915","摩托车零配件","其他的","IVCN202608175819","'215076276023","无同款","P1","'08-20","'24778290915","15.35","","20-40美金","20-40单","高价品"
"1","CKP传感器 FIBEAT espBEAT popBEAT K81","CKP传感器 FIBEAT espBEAT popBEAT K81","15.22","https://cf.shopee.ph/file/id-11134201-7r98z-lx11y89xn5m251","http://shopee.ph/product/727598051/19046337095","摩托车零配件","其他的","IVCN202608172011","'164479060543","https://detail.1688.com/offer/630474045294.html?spm=a26352.b28411319.offerlist.59.58951e62nkgAsa","P1","'08-20","'19046337095","15.22","","20-40美金","20-40单","中价品"
"1","SC.SIAM 轴齿轮 CNC 加工,适用于 MIO NMAX CLICK RAIDER150 前轮 RAIDER150 后轮 PCX AEROX","点击 cnc,Sc siam","15.13","https://cf.shopee.ph/file/ph-11134207-7r992-lsgiudbhutz8ca","http://shopee.ph/product/771323223/25316572483","摩托车零配件","传动系统、变速器和离合器","IVCN202608171351","'138873644408","https://detail.1688.com/offer/630292559997.html?spm=a26352.b28411319.offerlist.25.6dae1e623UzhaG","P1","'08-20","'25316572483","15.13","","20-40美金","20-40单","高价品"
"1","SOMAN 通用防雾镜片膜摩托车头盔面罩防雾膜适用于 AGV SHOEI HJC X14 K5 K3SV K1 摩托车头盔配件","索曼 AV04","15.13","https://cf.shopee.com.my/file/my-11134207-7qul7-lgqhz9rxvsvq31","http://shopee.com.my/product/863929206/19894617854","摩托车头盔及配件","","IVCN202608170517","'49363663081","https://detail.1688.com/offer/614767000719.html?spm=a26352.b28411319/2508.0.0","P1","'08-20","'19894617854","15.13","","20-40美金","20-40单","高价品"
"1","齿轮比盖原装雅马哈全新Nmax变速箱盖/","齿轮比盖原装雅马哈全新Nmax变速箱盖/","15","https://cf.shopee.ph/file/id-11134207-8224z-mgn9drljng2523","http://shopee.ph/product/405425019/54750788019","摩托车零配件","传动系统、变速器和离合器","IVCN202608176633","'420070610446","相似款：https://detail.1688.com/offer/874920545400.html?spm=a26352.b28411319/2508.0.0","P0","'08-20","'54750788019","15","","20-40美金","20-40单","高价品"
"1","Zontes V1-V2 E/G/K/D 14T 15T 改装终传动齿轮可提升加速性能,提供更强劲的低扭输出和更平顺的高转速性能。采用与原厂零件相同的材料制成。","14吨","15","https://cf.shopee.co.th/file/th-11134207-81zto-moclaw0urkssb7","http://shopee.co.th/product/56011515/43580954262","摩托车零配件","其他的","IVCN202608170045","'350934145356","相似款：https://detail.1688.com/offer/1003520408362.html?kj_agent_plugin=aliprice&fromkv=xytTrace:213f867c17830482455792718e0c5f&token=bQMCDq%2Fial%2FCXpVZHud%2BjXtK%2BlqYXwXl4GAU1B22%2Fc2SgIpqrSY9Xs0ZHjygxfVz","P0","'08-20","'43580954262","15","","20-40美金","20-40单","低价品"
"1","多功能12V摩托车刹车指示灯LED闪光灯警示灯方形尾灯倒车安全闪光灯","1套","15","https://cf.shopee.vn/file/sg-11134201-7rd68-lvjsjz6hvnblfb","http://shopee.vn/product/594019726/29700494448","摩托车零配件","灯光","IVCN202608173445","'168214222037","https://detail.1688.com/offer/676767996198.html?kj_agent_plugin=aliprice&fromkv=xytTrace:0b0fdc4f17604980057445364e0dd1&token=pGVkoAzIPjj9g%2BSP6b4Ow4Xui40H6%2BmK4MAgttqyB5OtS7rfp%2B0zNLNPGDVdGM16","P0","'08-20","'29700494448","15","","20-40美金","20-40单","高价品"
"1","Xmax 新款 V2 和 V3 斜纹图案原装前挡泥板层","Xmax 新款 V2 和 V3 斜纹图案原装前挡泥板层","15","https://cf.shopee.com.my/file/id-11134207-7r98r-lzmtl4zrieou5b","http://shopee.com.my/product/1247747507/29559835231","摩托车零配件","其他的","IVCN202608176331","'226721929152","相似款：https://detail.1688.com/offer/794129013049.html?fromkv=cbuPcPlugin:imageSearchDrawerCard&spm=a2639h.29135425.offerlist.i0&source=action%23offerItem%3Borigin%23shopee.com.my&amug_biz=oneself&amug_fl_src=awakeId_982","P0","'08-20","'29559835231","15","","80-100美金","80-100单","高价品"
"1","川崎摩托车座椅皮革 KLXkawasaki,采用优质砂纸制成","黑绿色","15","https://cf.shopee.ph/file/id-11134207-7r990-lop1a4sj4qoz21","http://shopee.ph/product/409625788/25802285833","摩托车配件","座椅和座椅套","IVCN202608172197","'235851935580","相似款：https://detail.1688.com/offer/615819240677.html?spm=a26352.b28411319.offerlist.22.24761e62E5NKlC","P0","'08-20","'25802285833","15","","20-40美金","20-40单","高价品"
"1","SectBill ADV 150 160 XS-15 亚克力材质前挡风玻璃遮阳板 原装摩托车配件","抽烟","14.97","https://cf.shopee.ph/file/id-11134207-82252-mi5xosnthaf68a","http://shopee.ph/product/1702099669/52103083928","摩托车配件","其他的","IVCN202608170653","'335298426982","相似款：https://detail.1688.com/offer/755218342301.html?kj_agent_plugin=aliprice&fromkv=xytTrace:212b5ecd17742551744646229e0da8&token=cKCw1ax04rweAF3N47%2BIbUf%2FSkqvZRP104Idis8VeuUx68WKdXIDeaXYzZdZdtPY","P1","'08-20","'52103083928","14.97","","20-40美金","20-40单","高价品"
"1","Aerox 135 CKP 传感器拉力传感器 B63","Aerox 135 CKP 传感器拉力传感器 B63","14.83","https://cf.shopee.ph/file/id-11134207-7rasm-m2dovwem0mz258","http://shopee.ph/product/727598051/24288162681","摩托车零配件","其他的","IVCN202608176039","'241990818538","无同款","P1","'08-20","'24288162681","14.83","","20-40美金","20-40单","中价品"
"1","MESIN CRF 150 发动机护罩全套,包括 CRF 150 侧发动机护罩和 CRF150 车架保护罩。","红色全套","14.77","https://cf.shopee.ph/file/id-11134207-7ra0k-mcj77cqzkunb88","http://shopee.ph/product/1202224839/42309656693","摩托车配件","其他的","IVCN202608176347","'234368693025","无同款","P1","'08-20","'42309656693","14.77","","20-40美金","20-40单","高价品"
"1","铃木后轮碟刹盘加Dispad Satria Fu Fi新喷射SUZUKI","铃木后轮碟刹盘加Dispad Satria Fu Fi新喷射SUZUKI","14.71","https://cf.shopee.ph/file/id-11134207-7qula-lh713pkb1cv3b0","http://shopee.ph/product/1142281041/19186967527","摩托车零配件","制动系统","IVCN202608176087","'29446339736","","P1","'08-20","'19186967527","14.71","","40-60美金","40-60单","高价品"
"1","UNITRACK PROLINK KLX D'TRACKERS 150 全轴承","UNITRACK PROLINK KLX D'TRACKERS 150 全轴承","14.68","https://cf.shopee.ph/file/id-11134207-7rask-m25e29ufioacf8","http://shopee.ph/product/441583209/24214543968","摩托车零配件","传动系统、变速器和离合器","IVCN202608171635","'250357695585","无同款","P1","'08-20","'24214543968","14.68","","20-40美金","20-40单","高价品"
"1","后座支架 Mio S PNP Mio M3 Planger Begel mio S 125 后座支架 MIO S PNP MIO M3 PLANGER BEGEL MIO S 125","克罗姆波利斯","14.56","https://cf.shopee.ph/file/id-11134207-7r990-lxr1b12vbtpq21","http://shopee.ph/product/1467394027/29729678313","摩托车零配件","车身及车架","IVCN202608175239","'149071378551","相似款：https://detail.1688.com/offer/918953437372.html?kj_agent_plugin=aliprice&fromkv=xytTrace:0bf8ca8917751125514891132e0fec&token=jF0OKE6Qe9WA0WLL8sqeJ4iruBatLjJvw5TJNjQVPT1%2B0dX%2BBVNH4sbre1BTnoiv","P1","'08-20","'29729678313","14.56","","20-40美金","20-40单","高价品"
"1","适用于 Exciter 135 4s/5s 的 ICD,带可调转速限制器,Race Ate Moric Thailand | 适用于 Ex135 的改装 IC（无回火）","适用于 Exciter 135 4s/5s 的 ICD,带可调转速限制器,Race Ate Moric Thailand | 适用于 Ex135 的改装 IC（无回火）","14.5","https://cf.shopee.vn/file/sg-11134201-7rblv-lnmodnk5wte068","http://shopee.vn/product/399391731/25106519348","摩托车零配件","点火和发动机部件","IVCN202608171637","'222426888114","相似款：https://detail.1688.com/offer/947715195469.html?fromkv=cbuPcPlugin:imageSearchDrawerCard&spm=a2639h.29135425.offerlist.i3&source=action%23offerItem%3Borigin%23shopee.vn&amug_biz=oneself&amug_fl_src=awakeId_982","P1","'08-20","'25106519348","14.5","","20-40美金","20-40单","高价品"
"1","摩托车狙击手150磁性车牌架可折叠带LED灯磁性车牌架","黑色的","14.27","https://cf.shopee.ph/file/cn-11134207-820l4-mn5j14u4f4e904","http://shopee.ph/product/886143437/44404400127","摩托车配件","其他的","IVCN202608176381","'295371930769","https://detail.1688.com/offer/725321055301.html?fromkv=cbuPcPlugin:imageSearchDrawerCard&spm=a2639h.29135425.offerlist.i7&source=action%23offerItem%3Borigin%23shopee.ph&amug_biz=oneself&amug_fl_src=awakeId_982","P1","'08-20","'44404400127","14.27","","20-40美金","20-40单","中价品"
"1","✅5TL 三 Mio1 AMORE 原装雅马哈套装 - 雅马哈正品","黑色的","14.18","https://cf.shopee.ph/file/ph-11134207-7r990-lwt3lpr74x294c","http://shopee.ph/product/1144413536/25355551238","摩托车零配件","车身及车架","IVCN202608171203","'250210383985","相似款：https://detail.1688.com/offer/949906707711.html?fromkv=cbuPcPlugin:imageSearchDrawerCard&spm=a2639h.29135425.offerlist.i0&source=action%23offerItem%3Borigin%23shopee.ph&amug_biz=oneself&amug_fl_src=awakeId_982","P1","'08-20","'25355551238","14.18","","20-40美金","20-40单","低价品"
"1","MESIN 发动机罩套装 + 风扇罩,适用于雅马哈 MIO CARBON 摩托车 SMILE SPORY MIO SOUL 摩托车装饰","发动机罩套装","14.1","https://cf.shopee.ph/file/id-11134207-7ra0g-mcvzdb9pykl1a7","http://shopee.ph/product/1338834651/51052231418","摩托车零配件","车身及车架","IVCN202608175173","'435216012040","相似款：https://detail.1688.com/offer/608814060887.html?spm=a26352.b28411319/2508.0.0","P1","'08-20","'51052231418","14.1","","20-40美金","20-40单","高价品"
"1","正品SYM链轮套装。适用于Wave、Dream、Cub、67和Sirius 50摩托车的正品SYM 110链轮套装。","正品SYM链轮套装。适用于Wave、Dream、Cub、67和Sirius 50摩托车的正品SYM 110链轮套装。","14","https://cf.shopee.vn/file/vn-11134207-7ra0g-m85o5sw6cbk23d","http://shopee.vn/product/1097834886/26007401294","摩托车零配件","传动系统、变速器和离合器","IVCN202608170187","'246333944917","相似款：https://detail.1688.com/offer/706962029009.html?fromkv=cbuPcPlugin:imageSearchDrawerCard&spm=a2639h.29135425.offerlist.i1&source=action%23offerItem%3Borigin%23shopee.vn&amug_biz=oneself&amug_fl_src=awakeId_982","P0","'08-20","'26007401294","14","","20-40美金","20-40单","高价品"
"1","CRF、WR15、KLX、KTM等车型专用座套,采用超摩托砂纸压制材料制成。","纯黑色,CRF 所有类型","13.77","https://cf.shopee.ph/file/id-11134207-7r98x-llvm2n4vux0h3d","http://shopee.ph/product/526191499/21484332789","摩托车配件","座椅和座椅套","IVCN202608175537","'176105860189","相似款：https://detail.1688.com/offer/566780528488.html?kj_agent_plugin=aliprice&fromkv=xytTrace:0","P1","'08-20","'21484332789","13.77","","20-40美金","20-40单","高价品"
"1","簧片阀组件（Reed V-Force 4）RXZ RXZ-D Y15ZR","VFORCE 4","13.7","https://cf.shopee.co.th/file/sg-11134201-820l9-mnv1hhh767t2e2","http://shopee.co.th/product/1049017713/27356434615","摩托车零配件","燃油系统","IVCN202608173697","'109222517707","相似款：https://detail.1688.com/offer/917069712270.html?spm=a26352.b28411319.offerlist.6.83201e62SGGEkh","P1","'08-20","'27356434615","13.7","","20-40美金","20-40单","高价品"
"1","2个通用3英寸100W黄色LED工作灯方形迷你防水驾驶灯雾灯","白色 2 件装","13.68","https://cf.shopee.ph/file/ph-11134207-7qul8-liy76dh8ysm4b0","http://shopee.ph/product/837956508/21038869057","摩托车零配件","灯光","IVCN202608176577","'216864098154","","P1","'08-20","'21038869057","13.68","","20-40美金","20-40单","高价品"
"1","GRAND FILANO 风扇套装 我的装备 fazzio spiner filano sepiner","黑色,Mio装备","13.63","https://cf.shopee.ph/file/id-11134207-7ra0r-md65mj7umgxobe","http://shopee.ph/product/348865888/28509182432","摩托车零配件","其他的","IVCN202608175073","'236700025768","https://detail.1688.com/offer/1038346610807.html?kj_agent_plugin=aliprice&fromkv=xytTrace:0bab14ad17786658390838412e0c14&token=kYBjBpOWDE6WMsl0ihzLlZBQ3IR1PkdS4Okby1iiPrzTJ44lJMZjW35ZsP7kRf2J","P1","'08-20","'28509182432","13.63","","20-40美金","20-40单","高价品"
"1","TUFFOO 1个 H4 / HS1 LED 摩托车前大灯灯泡 3 针,适用于 Sniper150 / FZ150i / Rouse / NS200 / KLX150 / CBR400,4300K 暖白光 / 6000K 白光,直流 12V","H4 / HS1,6000K 白色","13.49","https://cf.shopee.vn/file/cn-11134207-7r98o-lvhakjnofg8580","http://shopee.vn/product/475361073/28100358344","摩托车零配件","灯光","IVCN202608176237","'250853983008","相似款：https://detail.1688.com/offer/1009251699775.html?kj_agent_plugin=aliprice&fromkv=xytTrace:0bab14ad17833252608393678e0e4f&token=VQdk3t%2B%2F6SQnsqdxZmu9did%2BnpUJFjok2D2pXlb8K6MqXy7cu4bedBJ7LJ5OUGvN","P0","'08-20","'28100358344","13.49","","20-40美金","20-40单","高价品"
"1","GEESO Phone Holder Motorcycle GPS Handphone Holder Bracket Bike Motor Navigation Pemegang Telefon Bimbit Aluminum Alloy 摩托车手机支架","1件","13.42988","https://cf.shopee.com.my/file/cn-11134207-7ras8-m707lgms75jn82","http://shopee.com.my/product/229907985/27225826970","摩托车配件","手机支架","IVCN202608175465","'247618374989","https://detail.1688.com/offer/891487599054.html?kj_agent_plugin=aliprice&fromkv=xytTrace:2107d64617477974991995599e15c9&token=FWQSMN6kDHSPtr7fclC3moeKQvIcdtnXQrj4f522JHOQhhyVCKElGM1SHE9EKQir","P1","'08-20","'27225826970","13.42988","","100-300美金","100-200单","高价品"
"1","雅马哈 Aerox 系列 CVT 变速箱盖螺栓套装（含两把钥匙）","雅马哈 Aerox 系列 CVT 变速箱盖螺栓套装（含两把钥匙）","13.16","https://cf.shopee.com.my/file/2822fa46451a9fadadc1e2a46956b9d3","http://shopee.com.my/product/915822098/18167605557","摩托车零配件","其他的","IVCN202608175499","'230445154962","无同款","P1","'08-20","'18167605557","13.16","","20-40美金","20-40单","高价品"
"1","化油器+仪表板套筒,黄铜节气门体,原厂本田ECU。一年保修。易于调校。","化油器+仪表板套筒,黄铜节气门体,原厂本田ECU。一年保修。易于调校。","13.15","https://cf.shopee.co.th/file/th-11134207-7ras8-m60z6120tru25f","http://shopee.co.th/product/158271903/26475593141","摩托车零配件","燃油系统","IVCN202608174923","'247604890140","相似款：https://detail.1688.com/offer/605011420549.html?kj_agent_plugin=aliprice&fromkv=xytTrace:0b52090217580942510376091e0f7d&token=ePuB4Ux1w%2Bb33Lp8gsyNXE99xdbZDA4huw8bgva3JaMtY%2B6mRLBCx7ZdbLzKU8M4","P1","'08-20","'26475593141","13.15","","20-40美金","20-40单","高价品"
"1","离合器支架后视镜支架 Satria Fu Fi GSX Raider 150 Satria 改款原装 SGP 侧视镜支架","离合器支架后视镜支架 Satria Fu Fi GSX Raider 150 Satria 改款原装 SGP 侧视镜支架","13.09","https://cf.shopee.ph/file/id-11134207-7rbk6-maxg9stjerq10e","http://shopee.ph/product/1424793972/42104335999","摩托车配件","镜子及配件","IVCN202608175667","'109513465646","https://detail.1688.com/offer/1047966540867.html?fromkv=cbuPcPlugin:imageSearchDrawerCard&spm=a2639h.29135425.offerlist.i0&source=action%23offerItem%3Borigin%23shopee.ph&amug_biz=oneself&amug_fl_src=awakeId_982","P1","'08-20","'42104335999","13.09","","20-40美金","20-40单","高价品"
"1","Skygo 仪表组件 SG125-8A","Skygo 仪表组件 SG125-8A","13.08","https://cf.shopee.ph/file/ph-11134207-820lg-mrjtnfvtmryc7a","http://shopee.ph/product/232304967/22022542056","摩托车配件","速度表、里程表和仪表","IVCN202608174627","'213809265360","https://detail.1688.com/offer/942370013889.html?fromkv=cbuPcPlugin:imageSearchDrawerCard&spm=a2639h.29135425.offerlist.i2&source=action%23offerItem%3Borigin%23shopee.ph&amug_biz=oneself&amug_fl_src=awakeId_982","P1","'08-20","'22022542056","13.08","","20-40美金","20-40单","高价品"
"1","Brembo Brembo GP 上泵后视镜支架 直推式后视镜底座 CNC工艺 ZRBT","正确的","13","https://cf.shopee.ph/file/sg-11134201-822yw-mibeoooo5nurae","http://shopee.ph/product/927580014/40827269841","摩托车配件","镜子及配件","IVCN202608175059","'350304751614","相似款：https://detail.1688.com/offer/592709355396.html?spm=a26352.b28411319/2508.0.0","P0","'08-20","'40827269841","13","","20-40美金","20-40单","高价品"
"1","Visor Sectbill Docilworks Aerox V2 Old and New carbon gradation","DCLWRKS 烟雾 + 泡泡","13","https://cf.shopee.ph/file/id-11134207-7ra0l-mcv936mrm98731","http://shopee.ph/product/332213496/26239373055","摩托车配件","其他的","IVCN202608175165","'108721959306","相似款：https://detail.1688.com/offer/963714365308.html?fromkv=cbuPcPlugin:imageSearchDrawerCard&spm=a2639h.29135425.offerlist.i0&source=action%23offerItem%3Borigin%23shopee.ph&amug_biz=oneself&amug_fl_src=awakeId_982","P0","'08-20","'26239373055","13","","20-40美金","20-40单","高价品"
"1","翼形挡泥板 前挡泥板和号码牌 KX 85 KX85","Fender + 板号,绿色","13","https://cf.shopee.ph/file/id-11134207-7qukz-li9z29e5m8i859","http://shopee.ph/product/337727238/23171595876","摩托车零配件","车身及车架","IVCN202608171103","'146906832945","无同款","P1","'08-20","'23171595876","13","","20-40美金","20-40单","高价品"
"1","【我的配送】ROCKBROS 摩托车手机支架 防水手机壳 触屏自行车手机支架 骑行把手支架 自行车支架 自行车配件","黑色的","13","https://cf.shopee.com.my/file/sg-11134201-22120-cy9wfghbwjkv6f","http://shopee.com.my/product/12995315/21566094368","摩托车配件","手机支架","IVCN202608175287","'127202936890","https://detail.1688.com/offer/693959423518.html?spm=a26352.b28411319.offerlist.25.44a21e62AINNyx","P1","'08-20","'21566094368","13","","20-40美金","20-40单","高价品"
"1","Bajaj CT-125 前后轮毂","后轮毂","12.87","https://cf.shopee.ph/file/ph-11134207-7qul3-lhyjg2copfd54d","http://shopee.ph/product/232304967/22770847344","摩托车零配件","车轮、轮辋及配件","IVCN202608176367","'148246298964","相似款：https://detail.1688.com/offer/899175960052.html?fromkv=cbuPcPlugin:imageSearchDrawerCard&spm=a2639h.29135425.offerlist.i7&source=action%23offerItem%3Borigin%23shopee.ph&amug_biz=oneself&amug_fl_src=awakeId_982","P1","'08-20","'22770847344","12.87","","20-40美金","20-40单","高价品"
"1","Valdez,川崎 Barako 1、2 和 3,全新不锈钢前挡泥板,带厚实延伸部分的 Tapalodo 前挡泥板","Valdez,川崎 Barako 1、2 和 3,全新不锈钢前挡泥板,带厚实延伸部分的 Tapalodo 前挡泥板","12.5","https://cf.shopee.ph/file/4e045506c816606c5602da7458cc684b","http://shopee.ph/product/171061914/18306053495","摩托车配件","挡泥板和挡泥罩","IVCN202608175085","'78822087608","相似款：https://detail.1688.com/offer/544206695410.html?spm=a26352.b28411319/2508.0.0","P0","'08-20","'18306053495","12.5","","40-60美金","40-60单","高价品"
"1","MERAH Velocity 节气门体 TB 赛车 28/30/32/34 BEAT vario 125 150 scoopy nmax pcx aerox Cbr vixion TB 下吸式赛车 28 30 32 34 橡胶红色阳极","黑红橡胶,TB 28-36 橡胶包","12.46","https://cf.shopee.ph/file/id-11134207-822wk-mnpnlykn3cao68","http://shopee.ph/product/1467395049/45859835272","摩托车零配件","燃油系统","IVCN202608176115","'430865247372","无同款","P1","'08-20","'45859835272","12.46","","20-40美金","20-40单","高价品"
"1","铃木右侧启动开关、摩托车喇叭和转向灯 Kiri Satria fu 150SUZUKI","一套","12.35","https://cf.shopee.ph/file/sg-11134201-22100-su1kvhxz33iv2b","http://shopee.ph/product/915841389/20667613109","摩托车零配件","电缆和管材","IVCN202608176285","'220445480939","相似款：https://detail.1688.com/offer/680906039001.html?spm=a26352.b28411319/2508.0.0","P1","'08-20","'20667613109","12.35","","20-40美金","20-40单","高价品"
"1","后轮碟刹盘 KLX 150 KLX 150","后轮碟刹盘 KLX 150 KLX 150","12","https://cf.shopee.ph/file/id-11134207-23030-qhrmpi8c74nv58","http://shopee.ph/product/544307310/42756288652","摩托车零配件","制动系统","IVCN202608175685","'305526973920","https://detail.1688.com/offer/901170338250.html?spm=a26352.b28411319/2508.0.0","P0","'08-20","'42756288652","12","","20-40美金","20-40单","高价品"
"1","ARM ARUMI 发动机盖 VARIO PCX ADV 160 不锈钢银色","银","12","https://cf.shopee.ph/file/id-11134207-7r98q-lym9h67spp0o6e","http://shopee.ph/product/509383651/28707175834","摩托车零配件","车身及车架","IVCN202608175619","'256330278655","https://detail.1688.com/offer/995929391637.html?kj_agent_plugin=aliprice&fromkv=xytTrace:21360a2e17751120737871207e1041&token=E9P5jo0c8ACY3R9WHx508wQGZ0e0rC2yi3Q9S6ggxIacjOGOJSrYNMkwMqIZTy%2Ft","P0","'08-20","'28707175834","12","","80-100美金","80-100单","高价品"
"1","Wave 110 I、Wave 125 刹车总泵/刹车总泵 45510-KWB-601","Wave 110 I、Wave 125 刹车总泵/刹车总泵 45510-KWB-601","12","https://cf.shopee.ph/file/sg-11134201-7rdxe-md5h83zxhrjr16","http://shopee.ph/product/399390617/25923265720","摩托车零配件","制动系统","IVCN202608176255","'250610187771","","P0","'08-20","'25923265720","12","","40-60美金","40-60单","高价品"
"1","TPS 传感器 MAQS LEXI AEROX 155 VIXION 新 R R15 LEDV3 satria fu 150 fi BK6-E3570-00","TPS 传感器 MAQS LEXI AEROX 155 VIXION 新 R R15 LEDV3 satria fu 150 fi BK6-E3570-00","11.88","https://cf.shopee.ph/file/be62bed25e057388bf0069af6166d6c4","http://shopee.ph/product/358920834/8512740168","摩托车零配件","其他的","IVCN202608170947","'80841667168","https://detail.1688.com/offer/994662224589.html?kj_agent_plugin=aliprice&fromkv=xytTrace:213f867c17664742027524284e10d4&token=C30ELqW2AzdPdzGS4PoWqje7a%2Bg9CajDnEvWNl%2BPP4AhPLmzLL%2BtS%2FqS68zuq%2FH2","P1","'08-20","'8512740168","11.88","","20-40美金","20-40单","中价品"
"1","DASH 化油器,原厂漆面,做工精良,易于调校。","DASH 化油器,原厂漆面,做工精良,易于调校。","11.73","https://cf.shopee.co.th/file/th-11134207-7rasg-m7lv9i5jrf13de","http://shopee.co.th/product/846806065/18682416694","摩托车零配件","燃油系统","IVCN202608174413","'88754438008","相似款：https://detail.1688.com/offer/521412255585.html?fromkv=cbuPcPlugin:imageSearchDrawerCard&spm=a2639h.29135425.offerlist.i1&source=action%23offerItem%3Borigin%23shopee.co.th&amug_biz=oneself&amug_fl_src=awakeId_982","P1","'08-20","'18682416694","11.73","","40-60美金","40-60单","中价品"
"1","适用于WAVE125和DREAM125摩托车的化油器。品质优良,符合标准,易于调节,怠速稳定。现货供应,适用于Wave 125车型。","适用于WAVE125和DREAM125摩托车的化油器。品质优良,符合标准,易于调节,怠速稳定。现货供应,适用于Wave 125车型。","11.71","https://cf.shopee.co.th/file/sg-11134201-820n2-mno56wzbo5c01e","http://shopee.co.th/product/1049017713/18683897501","摩托车零配件","燃油系统","IVCN202608174099","'204563390127","https://detail.1688.com/offer/683922168060.html?spm=a26352.b28411319.offerlist.6.77271e62TCcFkM","P1","'08-20","'18683897501","11.71","","20-40美金","20-40单","高价品"
"1","适用于 Yamaha MIO J/MIO M3/MIO SOUL GT/XEON RC/MIOZ 的开关 Kiri LH 54P/44D","适用于 Yamaha MIO J/MIO M3/MIO SOUL GT/XEON RC/MIOZ 的开关 Kiri LH 54P/44D","11.7","https://cf.shopee.ph/file/id-11134207-7rbk3-m6pbk7aluuf0c0","http://shopee.ph/product/538696988/14996133456","摩托车零配件","其他的","IVCN202608175895","'193718106568","https://detail.1688.com/offer/904762034251.html?kj_agent_plugin=aliprice&fromkv=xytTrace:210702e017756140978048619e0ddf&token=wOBT0Bzva2GIJMU1i%2FKajTTtvOlmK0P4SpekVQpq6QVvX5YlNjJz3iX7bLRQw2T0","P1","'08-20","'14996133456","11.7","","40-60美金","40-60单","中价品"
"1","ARM ARUMI VARIO AEROX NMAXknalpot BEAT CITY 系列全套","VARIO 125/150 ESP,银色","11.47","https://cf.shopee.ph/file/id-11134207-8224w-mkeypiw0775u87","http://shopee.ph/product/1653479650/45455948387","摩托车零配件","尾气和排放","IVCN202608175527","'315537344698","相似款：https://detail.1688.com/offer/856558473604.html?kj_agent_plugin=aliprice&fromkv=xytTrace:0bf8ca8917835082996457938e0d20&token=s%2FTMWQAAygOSIhlg4%2Bs7yMh61FITUUzoYsAI3vbYqxIAtVzZcogdgRh0uGBawZeJ","P1","'08-20","'45455948387","11.47","","60-80美金","60-80单","高价品"
"1","后轮碟刹盘 CRF 150 碟刹片","后轮碟刹盘 CRF 150 碟刹片","11.47","https://cf.shopee.ph/file/3194c2021680545b2a2fb5d7a257c98a","http://shopee.ph/product/345928082/27517886472","摩托车零配件","制动系统","IVCN202608175683","'195563526039","https://detail.1688.com/offer/938654027733.html?kj_agent_plugin=aliprice&fromkv=xytTrace%3A0b52090217652791716153596e0c29&token=zB9Ny%2Buy5Q8ug%2F1e%2BPghj4tDytlRQSMl%2FWJ3hjpY3WSoLFLvEIg839BFZoDYFusf&tracelog=cps&clickid=3447cd655c1b3deda7e8510f88e1f6ba&targetUrl=https%3A%2F%2Fs.click.1688.com%2Ft%3Fe%3DD2DC7A927D55C03D6511A0CCA913FD65D6FA062685DFF8F7D920A558D1D5758C4B369BE324A83E744B8F19128B0D93E33FB8088B45F57B9E47F28FD2CC0E231B18AD4F779334558760FEF997084D4D5331EB6FC8DBCADED4C6C8CEEEE21320CC4BD39EA2FE12E3B13D78FB0C4E256A46DF222E1F6C8387F2072F6A3B1196DABA79E01BDD1FBBDB1B348394BC3CC3C62B9992F8828C4BE892F3228F71161FBF0CD0E8B9B6E53BD4E2860DBC9F9CBE33A214A62D4F24156F8C465E639F01CE65D5FC50241FA637B2F6B92147B2B85C983817077671B7016BC805019EF3620E01D6CFF7C8484B64323E9EE156EBF99E02C8%26cbu_cps_trace_flag%3Dwrite","P1","'08-20","'27517886472","11.47","","20-40美金","20-40单","高价品"
"1","0.8升装。Bangchak Furio Super 1 BCP FURiO Super1 4T 合成 SAE 10W-40 100% 合成摩托车发动机油。","0.8升装。Bangchak Furio Super 1 BCP FURiO Super1 4T 合成 SAE 10W-40 100% 合成摩托车发动机油。","11.34","https://cf.shopee.co.th/file/caa75266220600b17fcb92907a7add75","http://shopee.co.th/product/25624197/3455391093","摩托车零配件","燃油系统","IVCN202608175637","'41228966445","https://detail.1688.com/offer/725076528115.html?spm=a26352.b28411319.offerlist.31.16cc1e62T4t4w3","P1","'08-20","'3455391093","11.34","","60-80美金","60-80单","中价品"
"1","适用于所有摩托车的方形管银色通用型右侧刹车总泵","右边的银盒","11.18","https://cf.shopee.ph/file/id-11134207-7rbk5-m8npljnv39xnbd","http://shopee.ph/product/954766167/28890414096","摩托车零配件","制动系统","IVCN202608176017","'266232736586","相似款：https://detail.1688.com/offer/989289739624.html?fromkv=cbuPcPlugin:imageSearchDrawerCard&spm=a2639h.29135425.offerlist.i0&source=action%23offerItem%3Borigin%23cf.shopee.ph&amug_biz=oneself&amug_fl_src=awakeId_982","P1","'08-20","'28890414096","11.18","","20-40美金","20-40单","高价品"
"1","ARM ARUMI 前板支架 AEROX MIO M3 MIO S MIO SOUL GT FULL CNC","银色,仅封面","11.1","https://cf.shopee.ph/file/id-11134207-81zth-mqeag6yzp3bj6e","http://shopee.ph/product/509383651/16532697255","摩托车零配件","车身及车架","IVCN202608173641","'87259912808","无同款","P1","'08-20","'16532697255","11.1","","20-40美金","20-40单","中价品"
"1","适用于 Hexion Street X1 的全新 2023/2024 款 Xmax 风挡。最新款 Xmax 遮阳板,适用于 Hexion Street X1。厚度 4 毫米。","Smoke,XMAX 2023 STREET X1","11.09","https://cf.shopee.com.my/file/sg-11134201-7rbn1-m629vhch2l7i55","http://shopee.com.my/product/1510830833/44953621267","摩托车配件","其他的","IVCN202608175295","'400344693303","相似款：https://detail.1688.com/offer/978448332901.html?spm=a26352.b28411319/2508.0.0","P1","'08-20","'44953621267","11.09","","20-40美金","20-40单","高价品"
"1","铃木 Satria Fu Raider 改款 2022 2023 黑白标准摩托车车身装饰贴纸","铃木 Satria Fu Raider 改款 2022 2023 黑白标准摩托车车身装饰贴纸","11.08","https://cf.shopee.ph/file/id-11134207-81zte-mdwj46zmy9s7d5","http://shopee.ph/product/427705716/28508003916","摩托车配件","贴纸、标志和徽章","IVCN202608175905","'99623320235","https://detail.1688.com/offer/897997626273.html?kj_agent_plugin=aliprice&fromkv=xytTrace:2127a84b17667457610151754e0f72&token=OBXcmKapZ9IrMqiTLsFKBHF2FR6hJg1eq095jFM%2BPnzJMLig0Dm73VBvgkw9eSZq","P1","'08-20","'28508003916","11.08","","20-40美金","20-40单","中价品"
"1","WAVE 125S/R 传感器总成 速度表传感器 公里 Karisma Supra X 125 37700-KPH-901","WAVE 125S/R 传感器总成 速度表传感器 公里 Karisma Supra X 125 37700-KPH-901","11.06","https://cf.shopee.ph/file/sg-11134201-7rdxs-mcbknk8xxxoh80","http://shopee.ph/product/399391123/27531456370","摩托车配件","速度表、里程表和仪表","IVCN202608173531","'215937417664","https://detail.1688.com/offer/929510295232.html?kj_agent_plugin=aliprice&fromkv=xytTrace:0","P1","'08-20","'27531456370","11.06","","20-40美金","20-40单","中价品"
"1","适用于 Vespa SPRINT PRIMAVERA LX S LX V 2V 3V 的空气滤清器橡胶 IGET DANMOTOR VEHAGA","Vehaga PMV Sprint","11.05","https://cf.shopee.co.th/file/id-11134207-8224y-mfxftxate5fw5a","http://shopee.co.th/product/385699534/44305730990","摩托车零配件","其他的","IVCN202608176495","'292002562081","无同款","P1","'08-20","'44305730990","11.05","","20-40美金","20-40单","中价品"
"1","DAYTONA KEVLAR 双扣 - 碳纤维离合器鞋 MIOJ N-MAX AEROX VARIO BEAT 等。","4635 AEROX","10.99","https://cf.shopee.com.my/file/d79d1cb38ad2588f536c181374f5d234","http://shopee.com.my/product/265415546/7755350152","摩托车零配件","传动系统、变速器和离合器","IVCN202608175109","'51232397888","相似款：https://detail.1688.com/offer/765177503880.html?kj_agent_plugin=aliprice&fromkv=xytTrace:212b9de517791896617748448e0dd2&token=jBWuj1kTHvnYCVSeqcLyBffvoGVCar6E0X66OBDJet%2BLM%2B61R09qlOYp8EQapGRa","P1","'08-20","'7755350152","10.99","","20-40美金","20-40单","高价品"
"1","SLIM VARIO 碳纤维浸渍 SPREDTOW 标志 ESP 黑色","SLIM VARIO 碳纤维浸渍 SPREDTOW 标志 ESP 黑色","10.97","https://cf.shopee.ph/file/id-11134207-7ra0i-mcgflfjhuvx49b","http://shopee.ph/product/1361876376/40209319430","摩托车零配件","其他的","IVCN202608176613","'295781023909","相似款：https://detail.1688.com/offer/777324063240.html?kj_agent_plugin=aliprice&fromkv=xytTrace:2127a84b17666446425862814e0ef6&token=uLtF8aIS2ao0ZpfyBj9JDyTf8iyPdQW0si3sN2XixKqXhKdipTcc3%2BxsAb7Y7I38","P1","'08-20","'40209319430","10.97","","20-40美金","20-40单","高价品"
"1","特别复古儿童头盔,饰有索菲亚公主（第一任公主）图案","索菲亚特辑","10.8","https://cf.shopee.com.br/file/975e251c8ec3c41717377cae1d24ff38","http://shopee.com.br/product/403668854/4884682703","摩托车头盔及配件","","IVCN202608176335","'54648471504","相似款：https://detail.1688.com/offer/610448645172.html?kj_agent_plugin=aliprice&fromkv=xytTrace:2133d7d417647283768834801e0f50&token=cOLaRALU9MNbSy9iWH02obYDdiavIgmQGWnMXETHAyizXOlFIvHtgyrgVP8hAkIK","P0","'08-20","'4884682703","10.8","","20-40美金","20-40单","高价品"
"1","LEGSHIELD 2 / DIBDIB 适用于 MIO I 125 / MIO I 125S M3 2PH-F8300-00 雅马哈原装配件","LEGSHIELD 2 / DIBDIB 适用于 MIO I 125 / MIO I 125S M3 2PH-F8300-00 雅马哈原装配件","10.66","https://cf.shopee.ph/file/1cbf65650ec5b20ff8bb680a1c1e14c7","http://shopee.ph/product/45398937/4815886261","摩托车零配件","车身及车架","IVCN202608171295","'32045587650","无同款","P1","'08-20","'4815886261","10.66","","20-40美金","20-40单","高价品"
"1","M10/M12 32X10mm 球头接头,适用于 50cc 70cc 90cc 110cc 125cc 200cc 250cc ATV 卡丁车 UTV 沙滩车 高尔夫球车 四轮摩托车 备件","M10","10.59","https://cf.shopee.co.th/file/cn-11134207-7ras8-m88piuwls1huf7","http://shopee.co.th/product/1500830171/27682209173","摩托车零配件","减震器、支柱和悬架","IVCN202608175487","'243091452714","https://detail.1688.com/offer/837397774035.html?kj_agent_plugin=aliprice&fromkv=xytTrace:2107d64617536965851178177e114d&token=QAKXDyKSr0eo0Np2dxDElCfII%2F3cUOfdHhn9HLgs3oTHDtPNPts57yCzJ8l7VPO%2F","P1","'08-20","'27682209173","10.59","","20-40美金","20-40单","中价品"
"1","右后脚踏板,原装PCX 160Kiri K1Z","全套","10.47","https://cf.shopee.ph/file/id-11134207-7ra0s-mcxnbc5hq6nw50","http://shopee.ph/product/1097654092/42159135159","摩托车零配件","车身及车架","IVCN202608176595","'119537948240","无同款","P1","'08-20","'42159135159","10.47","","20-40美金","20-40单","中价品"
"1","【我的配送】ROCKBROS 摩托车便携式头盔密码锁 120CM 合金耐用公路车山地车迷你锁行李密码锁防盗配件","黑色【我的配送】","10.21","https://cf.shopee.com.my/file/sg-11134201-7ra19-m5cl0e3t1eww93","http://shopee.com.my/product/12995315/29924370531","摩托车配件","锁具与安防","IVCN202608175283","'185747238168","https://detail.1688.com/offer/867315427333.html?fromkv=cbuPcPlugin:imageSearchDrawerCard&spm=a2639h.29135425.offerlist.i0&source=action%23offerItem%3Borigin%23cf.shopee.com.my&amug_biz=oneself&amug_fl_src=awakeId_982","P1","'08-20","'29924370531","10.21","","20-40美金","20-40单","高价品"
"1","AEROX ALPHA TURBO MHR 后挡泥板下方的挡泥板","AEROX ALPHA TURBO MHR 后挡泥板下方的挡泥板","10","https://cf.shopee.ph/file/id-11134207-7ra0i-mbknu2l9efnqe5","http://shopee.ph/product/322569737/41506614003","摩托车配件","挡泥板和挡泥罩","IVCN202608176575","'290558297277","https://detail.1688.com/offer/659583552666.html?fromkv=cbuPcPlugin:imageSearchDrawerCard&spm=a2639h.29135425.offerlist.i0&source=action%23offerItem%3Borigin%23shopee.ph&amug_biz=oneself&amug_fl_src=awakeId_982","P0","'08-20","'41506614003","10","","20-40美金","20-40单","高价品"
"1","赛车燃油喷射器 Mio I 125/Sniper/Nmax/Aerox/R15 赛车红色燃油喷射器","6孔 135cc","10","https://cf.shopee.ph/file/sg-11134201-7rd5p-m78vbteo4rg114","http://shopee.ph/product/273700948/28869445795","摩托车零配件","燃油系统","IVCN202608175269","'198275136630","相似款：https://detail.1688.com/offer/826711737273.html?kj_agent_plugin=aliprice&fromkv=xytTrace:0","P0","'08-20","'28869445795","10","","20-40美金","20-40单","高价品"
"1","Aerox Alpha Turbo 前挡泥板 - Aerox 加长型 Exie Art 挡泥板连接","Aerox Alpha Turbo 前挡泥板 - Aerox 加长型 Exie Art 挡泥板连接","10","https://cf.shopee.ph/file/id-11134207-7rbk8-m69n8m06kvly28","http://shopee.ph/product/328076157/27726279203","摩托车配件","其他的","IVCN202608172233","'29882865443","相似款：https://detail.1688.com/offer/659320716964.html?kj_agent_plugin=aliprice&fromkv=xytTrace:0","P0","'08-20","'27726279203","10","","20-40美金","20-40单","低价品"
"1","防溅挡泥板/ ADV 160 高级挡泥板/ - A11 套件 - AccAdvance","防溅挡泥板/ ADV 160 高级挡泥板/ - A11 套件 - AccAdvance","10","https://cf.shopee.ph/file/id-11134207-822wr-mlkau7wyqzgg37","http://shopee.ph/product/1315428320/25933951341","摩托车配件","挡泥板和挡泥罩","IVCN202608172079","'256261289894","https://detail.1688.com/offer/542194709406.html?kj_agent_plugin=aliprice&fromkv=xytTrace:0","P0","'08-20","'25933951341","10","","60-80美金","60-80单","高价品"
"1","CKP传感器 3 腿 POP FI ESP K44 K25BEAT","CKP传感器 3 腿 POP FI ESP K44 K25BEAT","10","https://cf.shopee.ph/file/sg-11134201-7rbmd-lo7t4lf6y5o640","http://shopee.ph/product/1119126871/25251286638","摩托车零配件","其他的","IVCN202608175773","'89470861675","相似款：https://detail.1688.com/offer/988400430093.html?fromkv=cbuPcPlugin:imageSearchDrawerCard&spm=a2639h.29135425.offerlist.i0&source=action%23offerItem%3Borigin%23shopee.ph&amug_biz=oneself&amug_fl_src=awakeId_982","P0","'08-20","'25251286638","10","","20-40美金","20-40单","中价品"
"1","适用于 Royal Enfield Interceptor 650 / Continental GT 650 的机油滤清器 + 放油螺塞垫圈","适用于 Royal Enfield Interceptor 650 / Continental GT 650 的机油滤清器 + 放油螺塞垫圈","10","https://cf.shopee.co.th/file/de6ae5e6fbd8ac4317abbaa103607763","http://shopee.co.th/product/285055757/13402911932","其他的","","IVCN202608171909","'156687675572","相似款：https://detail.1688.com/offer/703397242006.html?fromkv=cbuPcPlugin:imageSearchDrawerCard&spm=a2639h.29135425.offerlist.i0&source=action%23offerItem%3Borigin%23shopee.co.th&amug_biz=oneself&amug_fl_src=awakeId_982","P0","'08-20","'13402911932","10","","20-40美金","20-40单","高价品"
"1","Mio Sporty Mio Smile 后支架镀铬品质差异","Mio Sporty Mio Smile 后支架镀铬品质差异","9.88","https://cf.shopee.ph/file/e3f283513469572f1c2bb450f6f622b2","http://shopee.ph/product/562559494/12331084000","摩托车零配件","车身及车架","IVCN202608175477","'57564424701","相似款：https://detail.1688.com/offer/828911811154.html?kj_agent_plugin=aliprice&fromkv=xytTrace:0b5681be17750964807701663e0f43&token=Fjrl6EUYLrbg17QCboWsza27bL2T48IkchkHEmjXMVKRnGQQsNJtzVSA4m91eva1","P1","'08-20","'12331084000","9.88","","20-40美金","20-40单","高价品"
"1","适用于所有摩托车的通用型 Protaper CNC 加工车把增高器/反向车把","黑色反面","9.8","https://cf.shopee.ph/file/id-11134207-7rasl-m4ct1z9rw3vn9f","http://shopee.ph/product/344749570/21783158068","摩托车零配件","车身及车架","IVCN202608170735","'221936388375","https://detail.1688.com/offer/675762073187.html?kj_agent_plugin=aliprice&fromkv=xytTrace:212bc12a17446860123616550e1a33&token=HBwzzlW021fXMAxnvtZHYokoqzfRMkdKVJeZhov%2BGWx%2B0dX%2BBVNH4sbre1BTnoiv","P1","'08-20","'21783158068","9.8","","20-40美金","20-40单","高价品"
"1","RCB维修套件 S1 S1-FL S2 锻造主件 14MM / 17MM","S1,S1-FL 17毫米","9.7","https://cf.shopee.ph/file/ph-11134207-7ra0h-mbex54y61dim8f","http://shopee.ph/product/385135427/16593848015","摩托车零配件","制动系统","IVCN202608175525","'221819949547","无同款","P1","'08-20","'16593848015","9.7","","20-40美金","20-40单","中价品"
"1","适用于 VARIO 125 150 的刹车灯玻璃罩（新旧款,2015-2025 年款）","VARIO 新款 2018-2023,透明","9.61","https://cf.shopee.ph/file/id-11134207-7r98r-lomwo4yqx6y452","http://shopee.ph/product/1024537391/25202153724","摩托车零配件","灯光","IVCN202608176235","'99476865676","相似款：https://detail.1688.com/offer/672729914366.html?kj_agent_plugin=aliprice&fromkv=xytTrace:2166f71a17507566623393659e0f77&token=WRCjsc8ts0R7JBrMmZtSXPXFLmlj0mbFf6poxm0f7ChisWvIeoaZxA2INFvchjcX","P1","'08-20","'25202153724","9.61","","20-40美金","20-40单","高价品"
"1","TOMBOL 54P 转向灯开关Kiri按钮式喇叭座 Mio J M3 Z Soul GT 125 Xeon RC","TOMBOL 54P 转向灯开关Kiri按钮式喇叭座 Mio J M3 Z Soul GT 125 Xeon RC","9.31","https://cf.shopee.ph/file/edf13913168c3bd35b6df46cd53828cd","http://shopee.ph/product/345933114/18415603364","摩托车零配件","喇叭和配件","IVCN202608170971","'190864550116","https://detail.1688.com/offer/528936076525.html?fromkv=cbuPcPlugin:imageSearchDrawerCard&spm=a2639h.29135425.offerlist.i0&source=action%23offerItem%3Borigin%23shopee.ph&amug_biz=oneself&amug_fl_src=awakeId_982","P1","'08-20","'18415603364","9.31","","20-40美金","20-40单","高价品"
"1","稳定器叉稳定器前减震器套筒 PNP Rx King Satria Fu 全数控","银色 FB,Fu RxKing 袖扣","9.29","https://cf.shopee.ph/file/id-11134207-7rbke-mau4e33obnvd68","http://shopee.ph/product/1701899309/47903105197","摩托车零配件","车身及车架","IVCN202608175875","'59949420980","相似款：https://detail.1688.com/offer/723628644696.html?kj_agent_plugin=aliprice&fromkv=xytTrace:212b9de517688094110528589e1009&token=8DCpVmtozUqvI57PlsfZwLL9juMTpKjRUzHUK%2F675MjtOP1kDFZhIkETZo2eqsEo","P1","'08-20","'47903105197","9.29","","20-40美金","20-40单","高价品"
"1","右前转向灯云母玻璃 Kiri Soul GT 125 蓝色核心","一对","9.23","https://cf.shopee.ph/file/id-11134207-7r98q-lnp8ys5xkse286","http://shopee.ph/product/325673536/18795552624","摩托车零配件","灯光","IVCN202608170203","'250055542586","相似款：https://detail.1688.com/offer/944722851189.html?kj_agent_plugin=aliprice&fromkv=xytTrace:0","P1","'08-20","'18795552624","9.23","","20-40美金","20-40单","高价品"
"1","MAGICIAN LS2头盔面罩,替换式反光镜片,适用于白天和夜晚,防紫外线刮擦涂层","透明的","9.12","https://cf.shopee.com.br/file/sg-11134201-7rdwl-m04j4cylh8kz92","http://shopee.com.br/product/191440879/27812407960","摩托车头盔及配件","","IVCN202608174033","'251670916566","https://detail.1688.com/offer/722054897233.html?kj_agent_plugin=aliprice&fromkv=xytTrace:21080f7717667364383375458e0f7b&token=6kcvvisIB9pe%2FusPM7F5xDrIINxTigyQ7kOR34%2F%2BpMvu0kIKJqoCtZnzB01WKT9g","P1","'08-20","'27812407960","9.12","","20-40美金","20-40单","高价品"
"1","🇹🇭GT动力皮带轮套装 GY6-125/GY6-150（皮带轮、驱动面、背板、滑块、垫圈、飞轮）","GY6-125 / 150 套装","8.96","https://cf.shopee.ph/file/ph-11134207-7qukx-lfbcomv2q0acd5","http://shopee.ph/product/523751595/23737519140","摩托车零配件","传动系统、变速器和离合器","IVCN202608176627","'165806345678","相似款：https://detail.1688.com/offer/44281997084.html?kj_agent_plugin=aliprice&fromkv=xytTrace:0","P1","'08-20","'23737519140","8.96","","20-40美金","20-40单","高价品"
"1","Rx king 前刹车油管支架夹套装（上、下）","Rx king 前刹车油管支架夹套装（上、下）","8.94","https://cf.shopee.com.my/file/id-11134207-7qukz-lilr4d6k6pa3d5","http://shopee.com.my/product/298496408/22946775605","摩托车零配件","制动系统","IVCN202608175937","'165964249668","无同款","P1","'08-20","'22946775605","8.94","","20-40美金","20-40单","中价品"
"1","赛车排气短管 DBS INLET50 赛车短管 30CM","赛车排气短管 DBS INLET50 赛车短管 30CM","8.87","https://cf.shopee.ph/file/id-11134207-7ras9-m2tnhvx6jkltf1","http://shopee.ph/product/345960933/8800831374","摩托车零配件","尾气和排放","IVCN202608175865","'72103782610","相似款：https://detail.1688.com/offer/836895840206.html?spm=a26352.b28411319/2508.0.0","P1","'08-20","'8800831374","8.87","","20-40美金","20-40单","高价品"
"1","Stang Fatbar 增高器 Stang Supermoto D-Tracker KLX150 KLX BF CRF150 CB150 XR150 通用","黑色永久螺栓","8.73","https://cf.shopee.ph/file/173d1a25fb01022a156a783d2b0f11bc","http://shopee.ph/product/344750483/8602508855","摩托车零配件","车身及车架","IVCN202608173117","'180921778704","无同款","P1","'08-20","'8602508855","8.73","","20-40美金","20-40单","高价品"
"1","Nmax Turbo 短款标准型挡风玻璃,Nmax Turbo Neo 最新标准型扁平遮阳板","标准短款,透明","8.71","https://cf.shopee.ph/file/id-11134207-7rbke-m9qtd0gjn94yf9","http://shopee.ph/product/1510851248/42550986496","摩托车配件","其他的","IVCN202608171535","'186083394554","无同款","P1","'08-20","'42550986496","8.71","","40-60美金","40-60单","高价品"
"1","G2G硅胶电池线,按米出售,适用于汽车音响系统。提供8AWG、6AWG、4AWG和2AWG规格。50平方毫米OFC无氧铜,耐热。","4 AWG 0.5米,黑色","8.69","https://cf.shopee.co.th/file/th-11134207-7r98v-lsua212fuir24e","http://shopee.co.th/product/295460787/24118871287","摩托车零配件","电缆和管材","IVCN202608171563","'250476353313","https://detail.1688.com/offer/897903412303.html?","P1","'08-20","'24118871287","8.69","","20-40美金","20-40单","中价品"
"1","YAMAHA 正时链条张紧器组件 + 正时冲头 + 橡胶舌片 Sporty Smile Soul Nouvo Fino 化油器 yamaha mio (5TL)","YAMAHA 正时链条张紧器组件 + 正时冲头 + 橡胶舌片 Sporty Smile Soul Nouvo Fino 化油器 yamaha mio (5TL)","8.6","https://cf.shopee.ph/file/id-11134207-7qul5-lfktqlhb7k2y3e","http://shopee.ph/product/344647910/23038889272","摩托车零配件","传动系统、变速器和离合器","IVCN202608170613","'165829972923","无同款","P1","'08-20","'23038889272","8.6","","20-40美金","20-40单","高价品"
"1","骑士摩托车原装PIAA喇叭 OTO风格金色二维码通用喇叭","骑士摩托车原装PIAA喇叭 OTO风格金色二维码通用喇叭","8.6","https://cf.shopee.ph/file/sg-11134201-22100-qbzfuryaa4iv24","http://shopee.ph/product/351623637/16088409424","摩托车零配件","喇叭和配件","IVCN202608170859","'117623693032","https://detail.1688.com/offer/947996417835.html?kj_agent_plugin=aliprice&fromkv=xytTrace:2132815517676715594571565e0dbb&token=WDsWX1GmDj0mXfHTJSld8tlqIgpibcFzm1iz3ESp4VgdQtuhNNr4snF2GDAjLth%2F","P1","'08-20","'16088409424","8.6","","100-300美金","100-200单","高价品"
"1","适用于雅马哈 Aerox 155 v1 v2 v3 的 CNC 刹车油壶盖总泵盖配件","1 件红色","8.59","https://cf.shopee.ph/file/sg-11134201-7rdvf-ly4vpo8hhgqua1","http://shopee.ph/product/683657692/27206192751","摩托车零配件","制动系统","IVCN202608175753","'226580901782","https://detail.1688.com/offer/972168514572.html?f","P1","'08-20","'27206192751","8.59","","20-40美金","20-40单","中价品"
"1","LED转向灯套装 左右 Vario 150 125 110 Fi Led CB 150 Led ADV K59 (2PCS)","LED转向灯套装 左右 Vario 150 125 110 Fi Led CB 150 Led ADV K59 (2PCS)","8.5","https://cf.shopee.ph/file/id-11134207-7r98o-lksieh4hbi7of9","http://shopee.ph/product/345950161/22252352281","摩托车零配件","灯光","IVCN202608170587","'231949835206","相似款：https://detail.1688.com/offer/640529067976.html?fromkv=cbuPcPlugin:imageSearchDrawerCard&spm=a2639h.29135425.offerlist.i1&source=action%23offerItem%3Borigin%23shopee.ph&amug_biz=oneself&amug_fl_src=awakeId_982","P0","'08-20","'22252352281","8.5","","20-40美金","20-40单","高价品"
"1","批发（10个）雅马哈 N max 新款 Aerox Lexi Nmax 右曲轴油封磁性密封","批发（10个）雅马哈 N max 新款 Aerox Lexi Nmax 右曲轴油封磁性密封","8.39","https://cf.shopee.ph/file/sg-11134201-823ph-mp9k09uceznkbd","http://shopee.ph/product/1063704776/27116275334","摩托车零配件","传动系统、变速器和离合器","IVCN202608173367","'223407768656","相似款：https://detail.1688.com/offer/829220899238.html?kj_agent_plugin=aliprice&fromkv=xytTrace:21080f7717757012031255197e1081&token=D%2BZ9%2FSk4sPxZ9xbTbHEgDka5DbPSKN%2FAzkMvwzTOpwqStcC37mGBcLUgFcAY3Et4","P1","'08-20","'27116275334","8.39","","20-40美金","20-40单","中价品"
"1","Uma racing MX king y15zr Option satria Fu 气门弹簧摩托车配件","Uma racing MX king y15zr Option satria Fu 气门弹簧摩托车配件","8","https://cf.shopee.ph/file/id-11134207-7r990-lmo91bxqzxqmaa","http://shopee.ph/product/345960995/4168117117","摩托车配件","其他的","IVCN202608176479","'23091008775","https://detail.1688.com/offer/946923920214.html?spm=a26352.b28411319%2F2508.0.0&cosite=-&tracelog=p4p&_p_isad=1&clickid=077c31baa50b43778b0d60f88350496b&sessionid=b6751e234a1d4b2ebc558d02d67ad8bc&version=0","P0","'08-20","'4168117117","8","","80-100美金","80-100单","高价品"
"1","R6 B13 B63-E2223-00 密封件 水泵油封 NMAX V1 AEROX V1 SNIPER 135 150 / R15 V3 / XMAX300","R6 B13 B63-E2223-00 密封件 水泵油封 NMAX V1 AEROX V1 SNIPER 135 150 / R15 V3 / XMAX300","8","https://cf.shopee.ph/file/0aa8b9eb3572818c87ebc8c97f483fe8","http://shopee.ph/product/116664238/10579334492","摩托车零配件","燃油系统","IVCN202608171957","'86353718646","相似款：https://detail.1688.com/offer/915098136148.html?kj_agent_plugin=aliprice&fromkv=xytTrace:0b0fdc4f17663948124975240e1008&token=%2Fh3ccE82a%2B8hBwcNqSfaLXpcS5pAZWbdlTU1SgtJ3dPoyw3i1ROzjhHvRrcwcLzX","P0","'08-20","'10579334492","8","","20-40美金","20-40单","高价品"
"1","适用于Mio smile运动型摩托车的转向灯灯座,一套完整,编号28D","适用于Mio smile运动型摩托车的转向灯灯座,一套完整,编号28D","7.91","https://cf.shopee.ph/file/id-11134207-7r98u-llucy8q9t2mmc5","http://shopee.ph/product/568473777/26134324363","摩托车零配件","灯光","IVCN202608176541","'243251854415","相似款：https://detail.1688.com/offer/976575714398.html?spm=a26352.b28411319.offerlist.31.731c1e62pLWo1A","P1","'08-20","'26134324363","7.91","","20-40美金","20-40单","中价品"
"1","雅马哈 Mio Sporty Simle Mio Soul Fino 化油器摩托车上刹车总泵总成套装及刹车手柄","雅马哈 Mio Sporty Simle Mio Soul Fino 化油器摩托车上刹车总泵总成套装及刹车手柄","7.91","https://cf.shopee.ph/file/e2fe9cfcee401575e09258d68debe8ac","http://shopee.ph/product/727595182/17732799488","摩托车零配件","制动系统","IVCN202608174371","'153348421197","相似款：https://detail.1688.com/offer/642147005669.html?spm=a26352.b28411319/2508.0.0","P1","'08-20","'17732799488","7.91","","20-40美金","20-40单","高价品"
"1","离合器杆支架 () Raider 150 Satria Fu Fi 改款后视镜离合器支架 - 10MM 螺纹","离合器杆支架 () Raider 150 Satria Fu Fi 改款后视镜离合器支架 - 10MM 螺纹","7.86","https://cf.shopee.ph/file/sg-11134201-81zvh-mipsntih1r0na1","http://shopee.ph/product/1027085186/28077070362","摩托车零配件","传动系统、变速器和离合器","IVCN202608175459","'147694199602","无同款","P1","'08-20","'28077070362","7.86","","20-40美金","20-40单","中价品"
"1","Manipul Satria Fu 150 老 Manipol Fu 老","Manipul Satria Fu 150 老 Manipol Fu 老","7.8","https://cf.shopee.ph/file/1f2c02ae9cdb01ab56c9d6f67dad9174","http://shopee.ph/product/344663007/9187860390","摩托车零配件","燃油系统","IVCN202608175201","'84067292912","https://detail.1688.com/offer/816598819026.html?kj_agent_plugin=aliprice&fromkv=xytTrace:0","P1","'08-20","'9187860390","7.8","","20-40美金","20-40单","中价品"
"1","CNC灯耳,如31环耳灯耳支架灯pesok tiger,gl,cb","31","7.8","https://cf.shopee.ph/file/id-11134207-7r98z-luq3jylj119t4a","http://shopee.ph/product/1315436539/29006226774","摩托车配件","其他的","IVCN202608176551","'241261470468","https://detail.1688.com/offer/702748791576.html?kj_agent_plugin=aliprice&fromkv=xytTrace:0","P1","'08-20","'29006226774","7.8","","20-40美金","20-40单","中价品"
"1","Mio i 125 内部零件侧盖和尾盖","Mio i 125 内部零件侧盖和尾盖","7.77","https://cf.shopee.ph/file/c7b7213f46c5bb66887add2a7f6fd18f","http://shopee.ph/product/199595703/9836773760","摩托车零配件","车身及车架","IVCN202608176155","'74614638770","相似款：https://detail.1688.com/offer/673718178660.html?spm=a26352.b28411319/2508.0.0","P1","'08-20","'9836773760","7.77","","20-40美金","20-40单","高价品"
"1","博世前减震器总成三角垫圈 BOSH 26-30.26-31.26-33.30-33.31-33 前减震器凸台","26-33","7.77","https://cf.shopee.ph/file/id-11134207-81zto-meuueihresqu03","http://shopee.ph/product/358926334/28131409901","摩托车零配件","其他的","IVCN202608175555","'253034373315","","P1","'08-20","'28131409901","7.77","","20-40美金","20-40单","中价品"
"1","铃木 Satria fu 150 条纹 Raider 2013 2014 2015 改款黑色品质","铃木 Satria fu 150 条纹 Raider 2013 2014 2015 改款黑色品质","7.75","https://cf.shopee.ph/file/d1713def9ec3098d43d76cbe95102740","http://shopee.ph/product/312995232/3565001749","摩托车配件","贴纸、标志和徽章","IVCN202608174173","'41959993987","相似款：https://detail.1688.com/offer/820459035985.html?kj_agent_plugin=aliprice&fromkv=xytTrace:0","P1","'08-20","'3565001749","7.75","","20-40美金","20-40单","中价品"
"1","Takasago摩托车前叉内胎（仅2条/套）适用于XRM110、XRM125和Trinity车型","Takasago,Xrm110/125 老款","7.75","https://cf.shopee.ph/file/f3613ee8c476e5eb0ee70a8871be6727","http://shopee.ph/product/169498636/10449384908","摩托车零配件","减震器、支柱和悬架","IVCN202608176631","'210806291576","无同款","P1","'08-20","'10449384908","7.75","","20-40美金","20-40单","高价品"
"1","通用摩托车油门握把硅胶防滑防震把手套护套刹车离合器杆套,适用于 lc135 EX5 Y15zr RS150 Wave FZ150 R15 R25 R6 R1","黑色的","7.69219","https://cf.shopee.com.my/file/sg-11134201-824gm-mpdl2n7dpw5q26","http://shopee.com.my/product/867709134/48712161111","摩托车配件","其他的","IVCN202608176219","'351054483053","https://detail.1688.com/offer/1013822860099.html?spm=a26352.b28411319/2508.0.0","P1","'08-20","'48712161111","7.69219","","20-40美金","20-40单","中价品"
"1","车把立管 车把 FATBAR PROTAPER 7 厘米立管 车把 5 厘米 FATBAR 通用摩托车","7厘米","7.67","https://cf.shopee.ph/file/id-11134207-8224o-mh9bbsxcglcc86","http://shopee.ph/product/1446426916/26039679380","摩托车零配件","车身及车架","IVCN202608174955","'276011143464","https://detail.1688.com/offer/743433150693.html?kj_agent_plugin=aliprice&fromkv=xytTrace:0b5681be17842787707263816e0c19&token=uQUwrPBJlNFnaQ35atH3FNdphU3VfVvpyipS79%2BcCi3VNkbrMUdwa1TJe%2BLcCbcp","P1","'08-20","'26039679380","7.67","","20-40美金","20-40单","高价品"
"1","批发（10 件）雅马哈 Mio sporty Mio Smile soul 化油器 nouvo fino 气门密封件 零件号 5MX","批发（10 件）雅马哈 Mio sporty Mio Smile soul 化油器 nouvo fino 气门密封件 零件号 5MX","7.63","https://cf.shopee.ph/file/id-11134207-7rbk1-m92wervf6cqq2d","http://shopee.ph/product/1063704776/28935137992","摩托车零配件","其他的","IVCN202608174983","'227758477395","无同款","P1","'08-20","'28935137992","7.63","","20-40美金","20-40单","中价品"
"1","摩托车头盔对讲机安装夹双面胶底座,适用于Type-C EJEAS V6 PRO+/V4 PLUS/Q7/Q8头盔蓝牙对讲机","1件","7.63","https://cf.shopee.ph/file/cn-11134207-7r98o-lug5xs5hwgta88","http://shopee.ph/product/424500599/24626088449","摩托车头盔及配件","","IVCN202608173675","'222720793781","相似款：https://detail.1688.com/offer/757644907847.html?kj_agent_plugin=aliprice&fromkv=xytTrace:0","P1","'08-20","'24626088449","7.63","","20-40美金","20-40单","中价品"
"1","1个摩托车轮毂拉拔器刹车鼓拆卸器 - 后刹车鼓拆卸器通用工具","1个摩托车轮毂拉拔器刹车鼓拆卸器 - 后刹车鼓拆卸器通用工具","7.53","https://cf.shopee.ph/file/sg-11134201-7rdvi-md762p0rthlg0e","http://shopee.ph/product/360983503/25527482234","摩托车零配件","制动系统","IVCN202608175777","'245740592213","https://detail.1688.com/offer/1036846855881.html?fromkv=cbuPcPlugin:imageSearchDrawerCard&spm=a2639h.29135425.offerlist.i0&source=action%23offerItem%3Borigin%23shopee.ph&amug_biz=oneself&amug_fl_src=awakeId_982","P1","'08-20","'25527482234","7.53","","60-80美金","60-80单","中价品"
"1","速度齿轮单元总成 5TL-F5190-01 MIO i 125 SOUL i 125 MXi SOUL i 115 MIO GEAR 125 FAZZIO 原装","速度齿轮单元总成 5TL-F5190-01 MIO i 125 SOUL i 125 MXi SOUL i 115 MIO GEAR 125 FAZZIO 原装","7.5","https://cf.shopee.ph/file/ph-11134207-7ras9-ma7lmtrf1cvj64","http://shopee.ph/product/20340208/14547229687","摩托车零配件","传动系统、变速器和离合器","IVCN202608170039","'142215466816","https://detail.1688.com/offer/737304233040.html?fromkv=cbuPcPlugin:imageSearchDrawerCard&spm=a2639h.29135425.offerlist.i33&source=action%23offerItem%3Borigin%23shopee.ph&amug_biz=oneself&amug_fl_src=awakeId_982","P0","'08-20","'14547229687","7.5","","20-40美金","20-40单","高价品"
"1","Mounting matic 厚材质尺寸 3cm 摩托车 BEAT deluxe Scoopy genio 新款 KOJ","Beat豪华版","7.39","https://cf.shopee.ph/file/id-11134207-7ra0o-mcxgv4m8mbdz58","http://shopee.ph/product/1224919932/43561291345","摩托车零配件","车身及车架","IVCN202608176405","'295947188419","无同款","P1","'08-20","'43561291345","7.39","","20-40美金","20-40单","高价品"
"1","CNC 超级 pesek GL MEGAPRO CB GL100 TIGER as31dan33 灯架","本田 AS 31 CNC,CNC 轻型 Cankon","7.38","https://cf.shopee.ph/file/id-11134207-7r98p-lokixt5zkp0p56","http://shopee.ph/product/344669233/22388194450","摩托车零配件","灯光","IVCN202608176503","'250089244013","无同款","P1","'08-20","'22388194450","7.38","","20-40美金","20-40单","中价品"
"1","LEGITMOTO NMAX V2 遮阳挡风玻璃 透明镜片 导风板/风挡 适用于雅马哈 NMAX 155 2020","清除","7.31","https://cf.shopee.ph/file/ph-11134207-7r98w-lx7lxemtvockf0","http://shopee.ph/product/74233943/27603399285","摩托车配件","其他的","IVCN202608175729","'222923092606","https://detail.1688.com/offer/1020059465410.html?spm=a26352.b28411319/2508.0.0","P1","'08-20","'27603399285","7.31","","20-40美金","20-40单","高价品"
"1","【快速发货】GX160 GX168 化油器,5.5 马力 - 6.5 马力多用途发动机,高品质、耐用、稳定 (B-0023)","没有滤杯。","7.31","https://cf.shopee.co.th/file/cn-11134207-7r98o-luq5tyz2qm68c6","http://shopee.co.th/product/150660764/17057365707","摩托车零配件","燃油系统","IVCN202608176449","'125442599700","相似款：https://detail.1688.com/offer/779767171614.html?fromkv=cbuPcPlugin:imageSearchDrawerCard&spm=a2639h.29135425.offerlist.i51&source=action%23offerItem%3Borigin%23cf.shopee.co.th&amug_biz=oneself&amug_fl_src=awakeId_982","P1","'08-20","'17057365707","7.31","","20-40美金","20-40单","中价品"
"1","超薄液压刹车灯开关/班卓琴式细螺纹和粗螺纹（班卓琴型）原装","超薄液压刹车灯开关/班卓琴式细螺纹和粗螺纹（班卓琴型）原装","7.29","https://cf.shopee.ph/file/sg-11134201-8262g-mm2psqsni9l1f5","http://shopee.ph/product/273700948/48803112974","摩托车零配件","制动系统","IVCN202608175271","'435298233738","https://detail.1688.com/offer/1059061604206.html?kj_agent_plugin=aliprice&fromkv=xytTrace:210702e017845158222054361e0bff&token=Q0oZmk%2BODBYwtPSr6PyDjF4dRLcZDSdDOUsEVs9RnyCuc%2BGv1JlNlmBGxHOOJgc3","P1","'08-20","'48803112974","7.29","","20-40美金","20-40单","中价品"
"1","用于气门室盖和定制曲轴盖的变型空气软管","黑色的","7.16","https://cf.shopee.ph/file/id-11134207-7rbk0-ma6tami6xiotb8","http://shopee.ph/product/1383106210/41274813443","摩托车零配件","电缆和管材","IVCN202608175241","'262010827813","无同款","P1","'08-20","'41274813443","7.16","","20-40美金","20-40单","中价品"
"1","Aerox Alpha Turbo碳纤维凯夫拉镜片","斜纹布","7.1","https://cf.shopee.com.my/file/id-11134207-8224z-mkghy12hbxmt41","http://shopee.com.my/product/1489705621/57205307464","摩托车零配件","车身及车架","IVCN202608175105","'425485158776","相似款：https://detail.1688.com/offer/659216889549.html?spm=a26352.b28411319/2508.0.0","P0","'08-20","'57205307464","7.1","","20-40美金","20-40单","高价品"
"1","适用于 Sniper150 V1 V2/Sniper155/Nmax - Aerox /Mio M3 - Mxi R15/TFX150/MT15 的 IC 燃油泵","适用于 Sniper150 V1 V2/Sniper155/Nmax - Aerox /Mio M3 - Mxi R15/TFX150/MT15 的 IC 燃油泵","7.07","https://cf.shopee.ph/file/sg-11134201-823ri-mp7s1wmctp1e3a","http://shopee.ph/product/399391123/23945004472","摩托车零配件","燃油系统","IVCN202608175471","'128645923109","相似款：https://detail.1688.com/offer/1055108387485.html?fromkv=cbuPcPlugin:imageSearchDrawerCard&spm=a2639h.29135425.offerlist.i3&source=action%23offerItem%3Borigin%23shopee.ph&amug_biz=oneself&amug_fl_src=awakeId_982","P1","'08-20","'23945004472","7.07","","20-40美金","20-40单","中价品"
"1","挡风玻璃 Aerox 新款 V2021 遮阳板/ - Sectbill","抽烟","7","https://cf.shopee.ph/file/2951f2caee3edbd5b3a171a19996c6f0","http://shopee.ph/product/1702099669/53503097532","摩托车配件","其他的","IVCN202608175625","'405298422383","相似款：https://detail.1688.com/offer/1007855390931.html?fromkv=cbuPcPlugin:imageSearchDrawerCard&spm=a2639h.29135425.offerlist.i1&source=action%23offerItem%3Borigin%23shopee.ph&amug_biz=oneself&amug_fl_src=awakeId_982","P0","'08-20","'53503097532","7","","20-40美金","20-40单","高价品"
"1","SWITCH OLD VIXIONKiri MINDA INDOPLUS原装","SWITCH OLD VIXIONKiri MINDA INDOPLUS原装","7","https://cf.shopee.ph/file/sg-11134201-23010-1xhudqe8erlv45","http://shopee.ph/product/400923085/43022714215","摩托车零配件","其他的","IVCN202608170211","'188738284153","相似款：https://detail.1688.com/offer/625931803928.html?kj_agent_plugin=aliprice&fromkv=xytTrace:0bb405a417649313191004377e0ee4&token=4Oo3S7zFVooi9%2FGTCh1CIMzIsUZYaxNee9EZw%2F%2BONhaADNeH%2BcxjeCrpZ0i0CWgh","P0","'08-20","'43022714215","7","","60-80美金","60-80单","高价品"
"1","Giorno 125 摩托车皮带,本田正品零件。","GIORNO 2023-2025 系列","7","https://cf.shopee.co.th/file/th-11134207-7rasa-m9k2mlu77vu61a","http://shopee.co.th/product/166684801/28531641572","摩托车零配件","轮胎及配件","IVCN202608172355","'178915997388","https://detail.1688.com/offer/571375911797.html?fromkv=cbuPcPlugin:imageSearchDrawerCard&spm=a2639h.29135425.offerlist.i0&source=action%23offerItem%3Borigin%23cf.shopee.co.th&amug_biz=oneself&amug_fl_src=awakeId_982","P0","'08-20","'28531641572","7","","20-40美金","20-40单","高价品"
"1","2件装通用摩托车护手 越野摩托车护手 摩托车手防撞护罩","环球黑","6.99","https://cf.shopee.ph/file/sg-11134201-7rdyh-lxgl27lokerud9","http://shopee.ph/product/338924301/26154777198","摩托车零配件","车身及车架","IVCN202608176111","'166563069828","https://detail.1688.com/offer/769547838721.html?fromkv=cbuPcPlugin:imageSearchDrawerCard&spm=a2639h.29135425.offerlist.i11&source=action%23offerItem%3Borigin%23cf.shopee.ph&amug_biz=oneself&amug_fl_src=awakeId_982","P1","'08-20","'26154777198","6.99","","20-40美金","20-40单","高价品"
"1","2个摩托车行驶灯,60瓦超亮迷你双色鱼眼镜头雾灯","2盏灯+免费多米诺骨牌（左）","6.89","https://cf.shopee.ph/file/cn-11134207-7ras8-m0l36fh149xqaf","http://shopee.ph/product/1128855415/25720146167","摩托车零配件","灯光","IVCN202608175183","'127873549859","https://detail.1688.com/offer/677628428647.html?kj_agent_plugin=aliprice&fromkv=xytTrace:0https://detail.1688.com/offer/798189006862.html?kj_agent_plugin=aliprice&fromkv=xytTrace:2107d64617373638183917454e149a&token=hNeNQWBrqH43V3EhImHENrgg1In78HfkOL3lYMYOPdFGZJ%2BGsHwzw18VrSYneZlU","P1","'08-20","'25720146167","6.89","","20-40美金","20-40单","高价品"
"1","HG66 车把手柄,配有 304 不锈钢把端,适用于所有摩托车型号（AB、新款 VISION 除外）。","手套 + 350克哑铃","6.8","https://cf.shopee.vn/file/sg-11134201-7ravl-maqrj7f5tlk299","http://shopee.vn/product/1558995967/44203624340","摩托车配件","其他的","IVCN202608170147","'224278543844","https://detail.1688.com/offer/814144437427.html?kj_agent_plugin=aliprice&fromkv=xytTrace:0b5681be17739793498708844e1113&token=rRR3eBidcvIZ%2F%2FEkj1279yTu1DrgIXkfB%2B%2BHltFWqCCcnQAGJgv51wN4HD3yO3Ks","P0","'08-20","'44203624340","6.8","","20-40美金","20-40单","高价品"
"1","开始按压 31 到 33 号键,设置按压方式为 Ring as","开始按压 31 到 33 号键,设置按压方式为 Ring as","6.79","https://cf.shopee.ph/file/id-11134207-81ztk-mfbwuc89qn0s00","http://shopee.ph/product/1383099330/42972600717","摩托车零配件","传动系统、变速器和离合器","IVCN202608175245","'306837903026","无同款","P1","'08-20","'42972600717","6.79","","40-60美金","40-60单","中价品"
"1","新款透明把手 VESPA NMAX155 XMAX300 PCX300 小腿握把","新款透明把手 VESPA NMAX155 XMAX300 PCX300 小腿握把","6.75","https://cf.shopee.ph/file/my-11134201-7qukz-lepnyfugtwd053","http://shopee.ph/product/988432003/18979080262","摩托车零配件","车身及车架","IVCN202608173961","'206694570214","https://detail.1688.com/offer/680713006396.html?kj_agent_plugin=aliprice&fromkv=xytTrace%3A0b51056217750979261517865e0f8e&token=27AjrtnpZdQzqn%2BcUbG%2BTEcejuphpwo8469jNo6vqt9gg1mI%2FKf6R0tq%2BYWjtDfi&tracelog=cps&clickid=3effddace817ccbbeb0799ea292afe2e&targetUrl=https%3A%2F%2Fs.click.1688.com%2Ft%3Fe%3DD2DC7A927D55C03D6511A0CCA913FD65D6FA062685DFF8F7D920A558D1D5758C4B369BE324A83E744B8F19128B0D93E33FB8088B45F57B9E47F28FD2CC0E231B18AD4F779334558760FEF997084D4D5331EB6FC8DBCADED4C6C8CEEEE21320CC4BD39EA2FE12E3B1C9184BB35A613B0514DF9ACAFE256B1B8EEDF8E7CB86AA18CF3A1ACDD3190576348394BC3CC3C62B9992F8828C4BE892592F9D2022D23A2ED889F78279B689CE2957783B06EA9CB06B5BAAAB437145AD7FBB51601AEC689740DD22B18F3739C7D05FCBE4EA2D99D80FCE06342D61D71782536BDE1D588A416B0AFE3A486363E315C179778F432EF7%26cbu_cps_trace_flag%3Dwrite","P1","'08-20","'18979080262","6.75","","20-40美金","20-40单","中价品"
"1","儿童座椅 | 儿童摩托车附加座椅","AEROX 155,纯黑色","6.73","https://cf.shopee.ph/file/id-11134207-822ws-mpjhxj0yld72ad","http://shopee.ph/product/344668926/5769262718","摩托车配件","座椅和座椅套","IVCN202608172913","'23192976164","","P1","'08-20","'5769262718","6.73","","20-40美金","20-40单","高价品"
"1","6针交流CDI赛车摩托车点火开关","红色的","6.7","https://cf.shopee.com.br/file/cn-11134207-7ras8-mb7jblw4i7np8c","http://shopee.com.br/product/1480010720/43005244154","摩托车零配件","点火和发动机部件","IVCN202608175623","'295442529832","相似款：https://detail.1688.com/offer/525439619067.html?spm=a26352.b28411319.offerlist.1.42a81e62hOUlj5","P1","'08-20","'43005244154","6.7","","100-300美金","100-200单","高价品"
"1","ARM ARUMI COVER ALUMINUM SHIELDknalpot VARIO FULL CNC SCOOPYBEAT","多种多样","6.66","https://cf.shopee.ph/file/id-11134207-7ra0j-mcrmda2ylqhvf9","http://shopee.ph/product/1653479650/41124019572","摩托车配件","镜子及配件","IVCN202608176203","'301951816303","无同款","P1","'08-20","'41124019572","6.66","","20-40美金","20-40单","高价品"
"1","赛车风格散热器网罩（网罩+挡板）VARIO AEROX NMAX PCX LEXI","BRD、AEROX OLD - NMAX OLD","6.66","https://cf.shopee.ph/file/id-11134207-7r98s-lzogib8yipd458","http://shopee.ph/product/1291098522/28959921172","摩托车配件","其他的","IVCN202608170009","'233174257960","相似款：https://detail.1688.com/offer/607916847088.html?fromkv=cbuPcPlugin:imageSearchDrawerCard&spm=a2639h.29135425.offerlist.i1&source=action%23offerItem%3Borigin%23shopee.ph&amug_biz=oneself&amug_fl_src=awakeId_982","P1","'08-20","'28959921172","6.66","","20-40美金","20-40单","中价品"
"1","Rotak备用电缆浮子发电机燃油泵雅马哈Mio J Mio M3 Soul GT Fino fi X-Ride所有雅马哈Matic原装","Rotak备用电缆浮子发电机燃油泵雅马哈Mio J Mio M3 Soul GT Fino fi X-Ride所有雅马哈Matic原装","6.65","https://cf.shopee.ph/file/id-11134207-7ras8-m4j4pbba2h6g96","http://shopee.ph/product/1489708721/24842314545","摩托车零配件","电缆和管材","IVCN202608175763","'89771214264","https://detail.1688.com/offer/716744052648.html?kj_agent_plugin=aliprice&fromkv=xytTrace:0","P1","'08-20","'24842314545","6.65","","20-40美金","20-40单","中价品"
"1","Barako 175 手柄开关组件 - 左右","巴拉科 175","6.55","https://cf.shopee.ph/file/cn-11134207-7r98o-ly4jc1slksmie2","http://shopee.ph/product/984742627/25183921764","摩托车零配件","其他的","IVCN202608176545","'233032556198","相似款：https://detail.1688.com/offer/898879360704.html?spm=a26352.b28411319.offerlist.16.7ca71e62ckngt5","P1","'08-20","'25183921764","6.55","","20-40美金","20-40单","中价品"
"1","右刹车把手安装座 Smash 110 / 115 -- R - H --","右刹车把手安装座 Smash 110 / 115 -- R - H --","6.53","https://cf.shopee.ph/file/93824ce8833fa180ca8d2c3775971864","http://shopee.ph/product/976591192/23635913916","摩托车零配件","其他的","IVCN202608173327","'204139101841","无同款","P1","'08-20","'23635913916","6.53","","20-40美金","20-40单","中价品"
"1","罗西图案全盔儿童头盔,适合2-6岁儿童,全皮材质","罗西图案全盔儿童头盔,适合2-6岁儿童,全皮材质","6.51","https://cf.shopee.com.my/file/id-11134207-8224x-midjpld2qhabaf","http://shopee.com.my/product/1291084445/57553239717","摩托车头盔及配件","","IVCN202608175013","'400312259436","https://detail.1688.com/offer/953364324806.html?fromkv=cbuPcPlugin:imageSearchDrawerCard&spm=a2639h.29135425.offerlist.i32&source=action%23offerItem%3Borigin%23shopee.com.my&amug_biz=oneself&amug_fl_src=awakeId_982","P1","'08-20","'57553239717","6.51","","20-40美金","20-40单","高价品"
"1","4个摩托车LED转向灯流水指示灯琥珀色转向灯防碰撞","4件套-流动","6.51","https://cf.shopee.ph/file/cn-11134207-7ras8-m4lhrm7sw0136e","http://shopee.ph/product/1279626095/24940133465","摩托车零配件","灯光","IVCN202608175129","'233670380913","https://detail.1688.com/offer/669734908722.html?kj_agent_plugin=aliprice&fromkv=xytTrace:0","P1","'08-20","'24940133465","6.51","","20-40美金","20-40单","中价品"
"1","SATRIA FU 碳纤维张紧器设置 SGPOriginal","萨特里亚·福·卡布尔","6.5","https://cf.shopee.ph/file/id-11134207-7r98x-lz6ubhzr6qe84f","http://shopee.ph/product/345950620/9702507846","摩托车零配件","其他的","IVCN202608175755","'195327481754","相似款：https://detail.1688.com/offer/888174592463.html?fromkv=cbuPcPlugin:imageSearchDrawerCard&spm=a2639h.29135425.offerlist.i1&source=action%23offerItem%3Borigin%23cf.shopee.ph&amug_biz=oneself&amug_fl_src=awakeId_982","P0","'08-20","'9702507846","6.5","","20-40美金","20-40单","中价品"
"1","摩托车鞍包、工具​​包、PU皮革工具包。","一个","6.46","https://cf.shopee.co.th/file/th-11134207-7rasf-m8emzvbn2jbjd1","http://shopee.co.th/product/1505318336/24343845706","摩托车配件","盒子和箱子","IVCN202608175115","'208409215124","https://detail.1688.com/offer/874156394130.html?kj_agent_plugin=aliprice&fromkv=xytTrace:2154647417847134204856622e0d6b&token=VRXJmKXH3Jl7kSF6LjBpVOnavUj54ljp0De7EkWLIXCDWgv6GUKf3QnZQb4VnHuH","P1","'08-20","'24343845706","6.46","","20-40美金","20-40单","中价品"
"1","TPS GENIO 传感器击败新款 2020 LED K0J KOJ","TPS GENIO 传感器击败新款 2020 LED K0J KOJ","6.45","https://cf.shopee.ph/file/sg-11134201-7rd3q-lwjs2dhclft291","http://shopee.ph/product/1119126871/28652938706","摩托车零配件","灯光","IVCN202608173283","'195176426797","相似款：https://detail.1688.com/offer/802531116658.html?fromkv=cbuPcPlugin:imageSearchDrawerCard&spm=a2639h.29135425.offerlist.i2&source=action%23offerItem%3Borigin%23shopee.ph&amug_biz=oneself&amug_fl_src=awakeId_982","P1","'08-20","'28652938706","6.45","","20-40美金","20-40单","中价品"
"1","2011款雅马哈Jupiter MX 135,蓝色条纹,标准车身清单,高品质","2011款雅马哈Jupiter MX 135,蓝色条纹,标准车身清单,高品质","6.42","https://cf.shopee.com.my/file/36e0cb16f378d943eef8c54e410e8bb6","http://shopee.com.my/product/243110479/25591704090","摩托车配件","贴纸、标志和徽章","IVCN202608175005","'223832266914","https://detail.1688.com/offer/618783137261.html?fromkv=cbuPcPlugin:imageSearchDrawerCard&spm=a2639h.29135425.offerlist.i18&source=action%23offerItem%3Borigin%23shopee.com.my&amug_biz=oneself&amug_fl_src=awakeId_982","P1","'08-20","'25591704090","6.42","","20-40美金","20-40单","中价品"
"1","Boshing bos bosing 作为 26 至 31 套联轴器作为 /ringas","银价为 31 至 33","6.39","https://cf.shopee.ph/file/id-11134207-81ztc-mdwogx8pmlms50","http://shopee.ph/product/1315436539/28906226751","摩托车配件","贴纸、标志和徽章","IVCN202608175373","'306837803753","无同款","P1","'08-20","'28906226751","6.39","","20-40美金","20-40单","中价品"
"1","28厘米女式头盔蝴蝶结装饰摩托车头盔可拆卸DIY配件节日装扮","玫瑰---(28厘米)","6.38","https://cf.shopee.ph/file/cn-11134207-7ras8-m8be2lj0492qb0","http://shopee.ph/product/344783815/24987511265","摩托车头盔及配件","","IVCN202608172917","'251860101346","https://detail.1688.com/offer/912694688347.html?","P1","'08-20","'24987511265","6.38","","20-40美金","20-40单","中价品"
"1","速度表传感器 Click 125i Beat FI ESP POP Street/Vario 125 150pcx Eastarspeed","速度表传感器 Click 125i Beat FI ESP POP Street/Vario 125 150pcx Eastarspeed","6.35","https://cf.shopee.ph/file/sg-11134201-7ra1w-mbnl329h57a45d","http://shopee.ph/product/273700948/23572921256","摩托车配件","速度表、里程表和仪表","IVCN202608175859","'79674547407","https://detail.1688.com/offer/659826922968.html?kj_agent_plugin=aliprice&fromkv=xytTrace%3A0&tracelog=cps&clickid=c4999adca41dab48830cc09d00fd1aa8","P1","'08-20","'23572921256","6.35","","20-40美金","20-40单","中价品"
"1","🇹🇭GT动力皮带轮套装 MIO I 125 M3（皮带轮、驱动面、背板、滑块、垫圈、飞轮）","MIO I 125 / M3 套装","6.3","https://cf.shopee.ph/file/ph-11134207-7qukx-lfbcomv4tuyc67","http://shopee.ph/product/523751595/22137528455","摩托车零配件","传动系统、变速器和离合器","IVCN202608176609","'175806368973","相似款：https://detail.1688.com/offer/911831751235.html?fromkv=cbuPcPlugin:imageSearchDrawerCard&spm=a2639h.29135425.offerlist.i17&source=action%23offerItem%3Borigin%23cf.shopee.ph&amug_biz=oneself&amug_fl_src=awakeId_982","P1","'08-20","'22137528455","6.3","","20-40美金","20-40单","高价品"
"1","全新链锯化油器,适用于4500、5200、5800型二冲程发动机,排量45cc、52cc、58cc","全新链锯化油器,适用于4500、5200、5800型二冲程发动机,排量45cc、52cc、58cc","6.29","https://cf.shopee.ph/file/cn-11134207-7r98o-lz8v3wa0duhud4","http://shopee.ph/product/139042172/2910505347","摩托车零配件","燃油系统","IVCN202608176465","'36927061133","https://detail.1688.com/offer/688023230269.html?kj_agent_plugin=aliprice&fromkv=xytTrace:0","P1","'08-20","'2910505347","6.29","","80-100美金","80-100单","中价品"
"1","Mio Beat Vario进气歧管适配器","操纵米奥","6.25","https://cf.shopee.co.th/file/id-11134207-7r98o-lv457bmy1jigf7","http://shopee.co.th/product/395629237/25529628375","摩托车零配件","其他的","IVCN202608170565","'250798188509","无同款","P1","'08-20","'25529628375","6.25","","20-40美金","20-40单","中价品"
"1","✨最低价✨摩托车GPS手机支架 自行车导航手机支架 铝合金","镜面底座","6.24328","https://cf.shopee.com.my/file/cn-11134207-820l4-mehyaaz80mx3f0","http://shopee.com.my/product/1591881226/42868453943","摩托车配件","手机支架","IVCN202608176303","'291515458559","https://detail.1688.com/offer/1036487811837.html?spm=a26352.b28411319/2508.0.0","P1","'08-20","'42868453943","6.24328","","100-300美金","100-200单","中价品"
"1","适用于雅马哈 Jupiter MX 和新款 MX King 摩托车的离合器手柄支架和后视镜支架 LHKiri","适用于雅马哈 Jupiter MX 和新款 MX King 摩托车的离合器手柄支架和后视镜支架 LHKiri","6.24","https://cf.shopee.ph/file/ed0f967c22a68ed8f8f1dd19d49faa88","http://shopee.ph/product/727595182/14467185277","摩托车零配件","传动系统、变速器和离合器","IVCN202608175891","'143348426451","无同款","P1","'08-20","'14467185277","6.24","","20-40美金","20-40单","中价品"
"1","HOTOP摩托车罩 通用配件 防雨防尘防紫外线摩托车罩 防水三层保护罩","黑色银色 XXL","6.14","https://cf.shopee.com.my/file/my-11134207-7qukw-ljbj6ihx2fkz94","http://shopee.com.my/product/1013658762/16997753094","摩托车配件","封面","IVCN202608176315","'69678770943","https://detail.1688.com/offer/900693333537.html?kj_agent_plugin=aliprice&fromkv=xytTrace:2108837b17503295262694911e1473&token=qaNL%2BSZ7wACs8vSaiQ7dHvBmYUeVj%2FpMm%2FD3dcIRcI4qQSzefnDzr4KyJj7by6k4","P1","'08-20","'16997753094","6.14","","20-40美金","20-40单","高价品"
"1","Seagull Japstyle 改装赛车车把,适用于 Vixon Megapro RxKing TigerRevo 等通用车型","铬合金","6.08","https://cf.shopee.ph/file/id-11134201-23020-3a6q7q1q9wnve7","http://shopee.ph/product/562559494/25186171508","摩托车零配件","车身及车架","IVCN202608175385","'246620620364","https://detail.1688.com/offer/575382240491.html?kj_agent_plugin=aliprice&fromkv=xytTrace:0b52090217687917807747001e108d&token=uD7iSleQTLuIvxKnOeUEQqgDPhB34nnkzX0QtxeeDEiq5IuvO2cdamAPQT1bkukt","P1","'08-20","'25186171508","6.08","","20-40美金","20-40单","高价品"
"1","XRM/Wave125 428-110L 链轮组 (CAIGEN)","428-14T-36T-110L","6.07","https://cf.shopee.ph/file/18960d25fc4f8f0d87cccd29cfa1f927","http://shopee.ph/product/47842422/856498156","摩托车零配件","传动系统、变速器和离合器","IVCN202608175783","'5320344952","https://detail.1688.com/offer/819587717667.html?fromkv=cbuPcPlugin:imageSearchDrawer&spm=a2639h.29135425.offerlist.i16&source=action%23offerItem%3Borigin%23shopee.co.th&amug_biz=oneself&amug_fl_src=awakeId_982","P1","'08-20","'856498156","6.07","","20-40美金","20-40单","高价品"
"1","适用于 Wave 125、Click 125/150、Future 125、NMAX V1、Aero V2、Sniper 150 的 CNC 油泵。高流量。","银","6","https://cf.shopee.co.th/file/sg-11134201-8261z-mllv4jygs1s5d0","http://shopee.co.th/product/266224940/44219182282","摩托车零配件","燃油系统","IVCN202608175437","'266572351422","相似款：https://detail.1688.com/offer/572734422568.html?spm=a26352.b28411319.offerlist.283.3b091e62fJagsp","P0","'08-20","'44219182282","6","","300-500美金","300-400单","高价品"
"1","一对T15双触点摩托车信号灯W16W停车灯倒车灯双色雾灯Canbus LED灯泡摩托车照明","黄+蓝","6","https://cf.shopee.ph/file/cn-11134207-820l4-mf6zhxy7u8zxf4","http://shopee.ph/product/1484018470/41572134472","摩托车零配件","灯光","IVCN202608174303","'271799804943","相似款：相似款：https://detail.1688.com/offer/915347131135.html?kj_agent_plugin=aliprice&fromkv=xytTrace:2133d7d417640514496568213e0de5&token=f04Frt%2FSYxInILzRgjXSCAFXw4B4Z9fCzLmiQY9L21lulnw2EkZ%2FtPcZLZXMi7MQ","P0","'08-20","'41572134472","6","","20-40美金","20-40单","中价品"
"1","36英寸快拆式前刹车油管（通用型）","刹车软管","6","https://cf.shopee.ph/file/ph-11134207-7rase-m95r91ugybsj09","http://shopee.ph/product/1251813381/27654948898","摩托车零配件","制动系统","IVCN202608174633","'217641858159","https://detail.1688.com/offer/789859148455.html?kj_agent_plugin=aliprice&fromkv=xytTrace:0","P1","'08-20","'27654948898","6","","20-40美金","20-40单","中价品"
"1","THE STORM 通用摩托车车把手柄（开口式）- HAYAIDESU（右手 & Kiri）","黑色的","6","https://cf.shopee.ph/file/id-11134207-7r991-lrbsj2y8sj7t52","http://shopee.ph/product/344665064/11646024259","摩托车配件","其他的","IVCN202608173301","'84747911345","相似款：https://detail.1688.com/offer/661734280167.html?kj_agent_plugin=aliprice&fromkv=xytTrace:0bab14ad17649023653013532e0cdd&token=yzLtV4hQ3GSCm9TohvqRSZPdSjs01ICeGl3o59qXNMTYe3OGjUmLi3qmLYX5W58O","P0","'08-20","'11646024259","6","","20-40美金","20-40单","高价品"
"1","KENADA RACING 定制进气歧管,适用于 MIO、WAVE、FINO、W125 四气门车型。做工精美。两年质保。","黑色的","5.99","https://cf.shopee.co.th/file/cn-11134207-820l4-motgkgkh94hsf8","http://shopee.co.th/product/150660764/51457132308","摩托车零配件","燃油系统","IVCN202608174973","'380987263885","https://detail.1688.com/offer/1064141746589.html?fromkv=cbuPcPlugin:imageSearchDrawerCard&spm=a2639h.29135425.offerlist.i1&source=action%23offerItem%3Borigin%23cf.shopee.co.th&amug_biz=oneself&amug_fl_src=awakeId_982","P1","'08-20","'51457132308","5.99","","20-40美金","20-40单","中价品"
"1","适用于LS2头盔的多色替换镜片,防风面罩配件,防刮擦","透明的","5.86","https://cf.shopee.com.br/file/sg-11134201-7rdwl-m04j4cylh8kz92","http://shopee.com.br/product/1000397890/26211414332","摩托车头盔及配件","","IVCN202608175947","'226777836241","https://detail.1688.com/offer/722054897233.html?fromkv=cbuPcPlugin:imageSearchDrawerCard&spm=a2639h.29135425.offerlist.i3&source=action%23offerItem%3Borigin%23shopee.com.br&amug_biz=oneself&amug_fl_src=awakeId_982","P1","'08-20","'26211414332","5.86","","20-40美金","20-40单","高价品"
"1","5脚离合器壳体 + Opponent Satria Fu 150 化油器 旧原装 21462-46901-000+21411-05200-000","5脚离合器壳体 + Opponent Satria Fu 150 化油器 旧原装 21462-46901-000+21411-05200-000","5.83","https://cf.shopee.ph/file/id-11134207-7r991-lpujvqzqtar679","http://shopee.ph/product/312995541/25905685339","摩托车零配件","传动系统、变速器和离合器","IVCN202608175563","'197244162795","相似款：https://detail.1688.com/offer/934924751362.html?kj_agent_plugin=aliprice&fromkv=xytTrace:2104999217534274170388361e1100&token=JT9LU3ENNBNAqmcHawHidr0gT0lGHvTuBrFCIVszQVGgJPLf%2FYLzN7H5FAMN9ZuK","P1","'08-20","'25905685339","5.83","","20-40美金","20-40单","高价品"
"1","滚子导轨组件正时链条张紧器 Xrm125fi/Rs125 Fi Supra X 125 (KYZ) 链条+滚子组件","一切就绪","5.78","https://cf.shopee.ph/file/sg-11134201-824in-mf54wa03iy313a","http://shopee.ph/product/399391123/29003885853","摩托车零配件","传动系统、变速器和离合器","IVCN202608176485","'251095525676","相似款：https://detail.1688.com/offer/658676719129.html?spm=a26352.b28411319/2508.0.0.10c51e62bP5qRu","P1","'08-20","'29003885853","5.78","","20-40美金","20-40单","中价品"
"1","Satria Fu Fi Raider Fi 150Kiri SGPOriginal 右侧车把橡胶油门把手","Satria Fu Fi Raider Fi 150Kiri SGPOriginal 右侧车把橡胶油门把手","5.77","https://cf.shopee.ph/file/id-11134207-7ra0h-mbizmqsjqox97e","http://shopee.ph/product/423232471/26115619738","摩托车配件","其他的","IVCN202608171277","'215500475730","相似款：https://detail.1688.com/offer/912442837234.html?fromkv=cbuPcPlugin:imageSearchDrawerCard&spm=a2639h.29135425.offerlist.i1&source=action%23offerItem%3Borigin%23shopee.ph&amug_biz=oneself&amug_fl_src=awakeId_982","P1","'08-20","'26115619738","5.77","","20-40美金","20-40单","中价品"
"1","批发业务包装 10 个滑动式 CARBONBEAT VARIO SCOOPY SPACY 碳纤维滚轮 HOUSE CLAMP GCCBEAT ((( 滑动式))) 10 个","批发业务包装 10 个滑动式 CARBONBEAT VARIO SCOOPY SPACY 碳纤维滚轮 HOUSE CLAMP GCCBEAT ((( 滑动式))) 10 个","5.68","https://cf.shopee.ph/file/sg-11134201-7rbmx-m5xv1y3q65p4c6","http://shopee.ph/product/1489708620/29878637300","摩托车零配件","其他的","IVCN202608172583","'247809805730","售卖model主体不明确","P1","'08-20","'29878637300","5.68","","20-40美金","20-40单","中价品"
"1","挡泥板 下挡泥板 挡泥板 防溅板 川崎 KLX 150 D-Tracker 150 P/N 35019-0599","挡泥板 下挡泥板 挡泥板 防溅板 川崎 KLX 150 D-Tracker 150 P/N 35019-0599","5.67","https://cf.shopee.ph/file/id-11134207-81zte-mf9m8rw6wd1n9c","http://shopee.ph/product/337727238/43622437753","摩托车配件","挡泥板和挡泥罩","IVCN202608174963","'149302700657","相似款：m.1688.com/offer/844320164115.html?spm=a26352.13672862.offerlist.10.1ff41e62aepBkR&offerId=844320164115&sortType=&pageId=&abBizDataType=cbuOffer&trace_log=normal&uuid=67be76b7de8f4f848b92e9f2eccad017&skuId=5788342154462","P1","'08-20","'43622437753","5.67","","20-40美金","20-40单","中价品"
"1","适用于 RCB R55 S2-D2、Brembo p34、Adelin、Nissin、Frando HF6、F101、Universal ADV、Click、PCX、Mio、Nmax、Aerox、Raider 等品牌的 2 活塞/4 活塞摩托车刹车片","4pot","5.67","https://cf.shopee.ph/file/cn-11134207-7ras8-m7aqq0rlpbpu53","http://shopee.ph/product/989754302/26329456351","摩托车零配件","制动系统","IVCN202608175037","'208305871368","相似款：https://detail.1688.com/offer/913527251536.html?kj_agent_plugin=aliprice&fromkv=xytTrace:2127a84b17628524861705012e0f21&token=FpFnH6jolzkileV4IfTMtZJQ8mGwckWPy3FYe%2BiHuombaRmGDD9tay0Sr%2FdPgysk","P1","'08-20","'26329456351","5.67","","20-40美金","20-40单","中价品"
"1","Brembo后视镜支架 bremb0 RCS 19 后视镜支架 单价","灰色后视镜","5.65","https://cf.shopee.ph/file/id-11134207-7r98q-lzagscvlebdsb4","http://shopee.ph/product/1361878258/29911829957","摩托车配件","镜子及配件","IVCN202608173769","'256630912593","无同款","P1","'08-20","'29911829957","5.65","","20-40美金","20-40单","中价品"
"1","BULLVISION 1PC P15D H4 BA20D LED摩托车灯 摩托车配件 双色温3000K/6000K辅助聚光灯 12V前大灯","P15D,白色/黄色","5.61","https://cf.shopee.ph/file/cn-11134207-820l4-mnzbqmeanqitf8","http://shopee.ph/product/1285197760/40775640032","摩托车零配件","灯光","IVCN202608172351","'297076336919","相似款：https://detail.1688.com/offer/835179496905.html?spm=a26352.13672862.offerlist.4.65381e62P13e8m&offerId=835179496905&sortType=&pageId=&abBizDataType=cbuOffer&trace_log=normal&uuid=29deb171e9d14798b716474c6980fbde&skuId=5588774033919&forcePC=1773717538585","P1","'08-20","'40775640032","5.61","","20-40美金","20-40单","中价品"
"1","AVMOTO 挡泥板 Vario 125/150 非贴边式特殊下吸式","AVMOTO 挡泥板 Vario 125/150 非贴边式特殊下吸式","5.5","https://cf.shopee.ph/file/id-11134207-822wo-mn1a0cf4laf6bf","http://shopee.ph/product/1268421970/40630041803","摩托车配件","挡泥板和挡泥罩","IVCN202608175805","'425781519557","相似款：https://detail.1688.com/offer/795916172496.html?fromkv=cbuPcPlugin:imageSearchDrawerCard&spm=a2639h.29135425.offerlist.i0&source=action%23offerItem%3Borigin%23cf.shopee.ph&amug_biz=oneself&amug_fl_src=awakeId_982","P1","'08-20","'40630041803","5.5","","20-40美金","20-40单","中价品"
"1","Pioneer Kenwood JVC 遥控方向盘线缆 Sony Pioneer 方向盘遥控线缆/","Pioneer Kenwood JVC 遥控方向盘线缆 Sony Pioneer 方向盘遥控线缆/","5.5","https://cf.shopee.com.my/file/sg-11134201-22120-e6sl15iddolvcd","http://shopee.com.my/product/969670526/22532866212","摩托车零配件","电缆和管材","IVCN202608176049","'194067927656","相似款：https://detail.1688.com/offer/1011611043435.html?fromkv=cbuPcPlugin:imageSearchDrawerCard&spm=a2639h.29135425.offerlist.i3&source=action%23offerItem%3Borigin%23shopee.com.my&amug_biz=oneself&amug_fl_src=awakeId_982","P0","'08-20","'22532866212","5.5","","20-40美金","20-40单","中价品"
"1","CVT风扇贴纸标志盖 Batok警告 Mio 浮雕树脂","CVT风扇贴纸标志盖 Batok警告 Mio 浮雕树脂","5.48","https://cf.shopee.ph/file/id-11134207-7ra0r-mclg4fe64okj6d","http://shopee.ph/product/348857087/40210213207","摩托车配件","贴纸、标志和徽章","IVCN202608171705","'305858255801","相似款：https://detail.1688.com/offer/756902146943.html?fromkv=cbuPcPlugin:imageSearchDrawerCard&spm=a2639h.29135425.offerlist.i9&source=action%23offerItem%3Borigin%23shopee.ph&amug_biz=oneself&amug_fl_src=awakeId_982","P1","'08-20","'40210213207","5.48","","20-40美金","20-40单","中价品"
"1","ASIM摩托车原装PIAA喇叭 OTO风格金色二维码通用喇叭","ASIM摩托车原装PIAA喇叭 OTO风格金色二维码通用喇叭","5.48","https://cf.shopee.ph/file/ph-11134207-7rasa-m6q750vq7u2z96","http://shopee.ph/product/933121730/23429301606","摩托车零配件","喇叭和配件","IVCN202608171191","'193979239313","https://detail.1688.com/offer/644432519236.html?spm=a26352.13672862.offerlist.318.3ecb1cceOmcLEg&offerId=644432519236&sortType=&pageId=&abBizDataType=cbuOffer&trace_log=normal&uuid=44fa0f43b52347f590aad0c81575ed3d&skuId=4805909298499&forcePC=1759118259291","P1","'08-20","'23429301606","5.48","","40-60美金","40-60单","中价品"
"1","Mio Disc 220 - 260 卡钳支架（2P RCB 卡钳）","RCB 2P 260,黑色 DOFF","5.45","https://cf.shopee.ph/file/b9d0b18a0b06315ac9bf9e1fa52239ef","http://shopee.ph/product/1653479650/42574032822","摩托车零配件","制动系统","IVCN202608176435","'276951804200","https://detail.1688.com/offer/973230442825.html?kj_agent_plugin=aliprice&fromkv=xytTrace:212b9de517722747217625167e0dd5&token=vjPXeu8yTT41CDHRpc%2BysLM61briqTO%2B95PTfZz04Hbi97WQBRunaiqtTEI7YtHC","P1","'08-20","'42574032822","5.45","","20-40美金","20-40单","中价品"
"1","适用于 Mio Sporty/Amore/Mio R10 B4 的雅马哈原装 4TT-F4500-01 燃油泵/开关 - 100% 原装 OEM 零件","适用于 Mio Sporty/Amore/Mio R10 B4 的雅马哈原装 4TT-F4500-01 燃油泵/开关 - 100% 原装 OEM 零件","5.45","https://cf.shopee.ph/file/cn-11134207-7ras8-mdrekajuad4j80","http://shopee.ph/product/1307174922/26133522757","摩托车零配件","燃油系统","IVCN202608171473","'129331167070","https://detail.1688.com/offer/938461012602.html?spm=a26352.b28411319.offerlist.1.76ad1e62Om9sUX","P1","'08-20","'26133522757","5.45","","20-40美金","20-40单","中价品"
"1","砂纸纹座椅套 棋盘格皮革/ MIO 座椅套 VARIO/PCX/NMAX/JUPITER/VEGA R NEW/FIZ R/VEGA ZRBEAT/SHOGUN/NOUVO 中间缝制款 砂纸纹组合 3D 棋盘格","VARIO 125/150","5.42","https://cf.shopee.com.my/file/id-11134207-7rbk6-m7rp7llf9yrof9","http://shopee.com.my/product/281348062/25693087843","摩托车配件","座椅和座椅套","IVCN202608175481","'218348946024","相似款：https://detail.1688.com/offer/681489327667.html?fromkv=cbuPcPlugin:imageSearchDrawerCard&spm=a2639h.29135425.offerlist.i25&source=action%23offerItem%3Borigin%23shopee.com.my&amug_biz=oneself&amug_fl_src=awakeId_982","P1","'08-20","'25693087843","5.42","","20-40美金","20-40单","中价品"
"1","适用于 Mio M3 ZS Soul GT 125 2PH 的完整密封件","适用于 Mio M3 ZS Soul GT 125 2PH 的完整密封件","5.41","https://cf.shopee.ph/file/id-11134207-23020-biphff10lunv78","http://shopee.ph/product/344663007/20574120032","摩托车零配件","其他的","IVCN202608172405","'231037482443","相似款：https://detail.1688.com/offer/907514815648.html?spm=a26352.b28411319/2508.0.0","P1","'08-20","'20574120032","5.41","","20-40美金","20-40单","中价品"
"1","适用于 Wave/摩托车型号 WAVE125i（挡风玻璃版）/100s U-Box/CLICK 110/110i 的原装灯开关组件。","全套","5.36","https://cf.shopee.co.th/file/th-11134207-7r98v-ltlx9nljrzi751","http://shopee.co.th/product/814475625/24772160035","摩托车零配件","灯光","IVCN202608170651","'232652824825","https://detail.1688.com/offer/890229801174.html?kj_agent_plugin=aliprice&fromkv=xytTrace:2104999217459219689888547e1523&token=tfxLuSl%2FIvYkivshjjHYKpLT7emxh7R29S4Rv296mnRYX4H7p3dx5FQu3yu4B7Cb","P1","'08-20","'24772160035","5.36","","20-40美金","20-40单","低价品"
"1","Mio M3-Mio 125 Z-Mio Fino 125 fi 座椅锁电缆高品质产品","Mio M3-Mio 125 Z-Mio Fino 125 fi 座椅锁电缆高品质产品","5.34","https://cf.shopee.ph/file/id-11134207-7rbke-m8zhud6dvwgdc7","http://shopee.ph/product/1383106237/55958484376","摩托车零配件","电缆和管材","IVCN202608176341","'340753343796","无同款","P1","'08-20","'55958484376","5.34","","20-40美金","20-40单","中价品"
"1","单价 - NINJA 车架盖,采用加厚 CNC 材料制成,适用于 ninja R RR serpico SS SsR duocup koinan coinan 车架 ninja 车架","仅1大块","5.3","https://cf.shopee.ph/file/id-11134207-81ztm-mf478fk2gw0ac4","http://shopee.ph/product/328838156/43169392995","摩托车零配件","车身及车架","IVCN202608173567","'286588862391","相似款：https://detail.1688.com/offer/946970326809.html?spm=a26352.b28411319/2508.0.0","P0","'08-20","'43169392995","5.3","","20-40美金","20-40单","中价品"
"1","适用于 Forza300、CB500、CBR500、CB500X、CB650F、CBR650F、CBR650R、NC750X、X-ADV750、CBR600RR、Steed400 的机油滤清器","适用于 Forza300、CB500、CBR500、CB500X、CB650F、CBR650F、CBR650R、NC750X、X-ADV750、CBR600RR、Steed400 的机油滤清器","5.29","https://cf.shopee.co.th/file/sg-11134201-820lp-mnnngh3mcw77a0","http://shopee.co.th/product/1049017713/26322066464","摩托车零配件","燃油系统","IVCN202608172215","'252365462951","https://detail.1688.com/offer/702718678484.html?kj_agent_plugin=aliprice&fromkv=xytTrace:213d7cd717447077265516319e1612&token=3v2BX3Q3MwKWy4GPT%2By7g8JGTjv2IdGSNJ7C1a%2FzFHnGOS5EeR3FG06xMtHR%2By%2Bh","P1","'08-20","'26322066464","5.29","","20-40美金","20-40单","中价品"
"1","PE PWK PWL 虎夫拜森 klx 化油器滤清器软管","PE PWK PWL 虎夫拜森 klx 化油器滤清器软管","5.25","https://cf.shopee.com.my/file/sg-11134201-22100-p4k8b7lg4viv24","http://shopee.com.my/product/1002312746/18379905519","摩托车零配件","燃油系统","IVCN202608174345","'187231944727","无同款","P1","'08-20","'18379905519","5.25","","20-40美金","20-40单","中价品"
"1","AFFOTOM摩托车机油油位计尺 - 摩托车改装配件","银","5.2","https://cf.shopee.co.th/file/cn-11134207-820l4-mm8p83hubcw572","http://shopee.co.th/product/1598630546/54057682659","摩托车零配件","燃油系统","IVCN202608175897","'292478909552","https://detail.1688.com/offer/910986647006.html?kj_agent_plugin=aliprice&fromkv=xytTrace:2108837b17845395449444271e0d85&token=V6FPYEbblb5r3Rgr%2BemWF2Ja3QbRR185OQlvRVW79M1CEYcLgu3ltqTBgOEM5vHg","P0","'08-20","'54057682659","5.2","","20-40美金","20-40单","中价品"
"1","适用于 SNIPER150 V1-V2/SNIPER MX 135/R15/TMX155/SNIPER 155 VVA/TFX 150 的离合器减震器/阻尼器套件","适用于 SNIPER150 V1-V2/SNIPER MX 135/R15/TMX155/SNIPER 155 VVA/TFX 150 的离合器减震器/阻尼器套件","5.11","https://cf.shopee.ph/file/sg-11134201-81zv6-miob57rthzpd98","http://shopee.ph/product/273700948/28602048042","摩托车零配件","传动系统、变速器和离合器","IVCN202608175139","'250973831216","无同款","P1","'08-20","'28602048042","5.11","","20-40美金","20-40单","中价品"
"1","2个12V摩托车转向灯通用LED琥珀色指示灯汽车自行车转向信号灯指示灯","清除","5.07","https://cf.shopee.ph/file/cn-11134207-7r98o-lyyv5hrgbpuq06","http://shopee.ph/product/1279626095/27607964942","摩托车零配件","灯光","IVCN202608176277","'251384770688","https://detail.1688.com/offer/704597510673.html?kj_agent_plugin=aliprice&fromkv=xytTrace:0","P1","'08-20","'27607964942","5.07","","20-40美金","20-40单","低价品"
"1","铃木 Satria FU F Raider 150 LED 2021 条纹,标准质量车身清单","白色突袭者 2023","5.05","https://cf.shopee.ph/file/id-11134207-7rasf-m0leb6t4gkfya7","http://shopee.ph/product/312995232/21282674533","摩托车配件","贴纸、标志和徽章","IVCN202608174255","'241666436733","相似款：https://detail.1688.com/offer/1009930302264.html?kj_agent_plugin=aliprice&fromkv=xytTrace:2132815517834794832918065e0f53&token=XxXsrs%2F%2FbaScWwvwVQbvjFTOhwBuCtw5qU3iNTqLz2GruGqd2ECXxBT%2BnTgmR46K","P1","'08-20","'21282674533","5.05","","20-40美金","20-40单","中价品"
"1","Fullpace角色头盔罩,柔软毛绒材质,头盔罩","蓝色的","5.05","https://cf.shopee.ph/file/83e62a05b96ed55312a5008685b6b6e5","http://shopee.ph/product/562609602/12931103082","摩托车头盔及配件","","IVCN202608175951","'103202130407","https://detail.1688.com/offer/834566253521.html?fromkv=cbuPcPlugin:imageSearchDrawerCard&spm=a2639h.29135425.offerlist.i10&source=action%23offerItem%3Borigin%23shopee.ph&amug_biz=oneself&amug_fl_src=awakeId_982","P1","'08-20","'12931103082","5.05","","20-40美金","20-40单","中价品"
"1","遮阳板挡风玻璃 V2 Jenong Aerox 老新 - Dunia Variasi","纯黑色","5.04","https://cf.shopee.ph/file/id-11134207-7rasc-m0fbqm55ulfw1f","http://shopee.ph/product/532096212/41856085197","摩托车配件","其他的","IVCN202608175735","'265509057909","相似款：https://detail.1688.com/offer/837768822217.html?kj_agent_plugin=aliprice&fromkv=xytTrace:2127a84b17743208455097593e0e08&token=Pvdem8wcJNhrnmluIoQFRu5JBiEzWT7mqUBe98vP5qgD3K9mCdf%2B0iQAnbi7qnqZ","P1","'08-20","'41856085197","5.04","","20-40美金","20-40单","中价品"
"1","SEAMETAL 2个迷你摩托车LED转向灯流水指示灯通用12V琥珀色转向灯","A型黑","5.01","https://cf.shopee.ph/file/cn-11134207-7ras8-m3oso2unr0fje7","http://shopee.ph/product/1218277055/29070476836","摩托车零配件","灯光","IVCN202608172113","'242238103721","https://detail.1688.com/offer/666383501326.html?spm=a26352.b28411319.offerlist.11.29681e62bnHYZB","P1","'08-20","'29070476836","5.01","","20-40美金","20-40单","低价品"
"1","Hayaidesu 雅马哈 AEROX ALPHA（标准版、Cyber​​city 版、Turbo 版）专用支架 - 3mm 钢材,高品质","红色的","5","https://cf.shopee.ph/file/id-11134207-8224v-mh0fnt70p9fwbe","http://shopee.ph/product/400919692/49851314871","摩托车配件","其他的","IVCN202608175069","'297151113021","无同款","P1","'08-20","'49851314871","5","","20-40美金","20-40单","高价品"
"1","RK O型环链条 415/428 KLO 金色链条 Rantai 428 415 132L 链条 Rkm Hmx 越野摩托车通用 Y15 Y16 RSX RS150 Y15ZR LC135 RFS150 摩托车配件","RK-415 KLO - 132L","5","https://cf.shopee.com.my/file/cn-11134207-820l4-mh1tnhxpzklnd1","http://shopee.com.my/product/1001376448/42905161859","摩托车零配件","传动系统、变速器和离合器","IVCN202608176323","'265435599412","相似款：https://detail.1688.com/offer/654675983663.html?kj_agent_plugin=aliprice&fromkv=xytTrace:213d7cd717569562506724217e0d30&token=CSgEMvR9urpN7xlJtXmG1fDP9pcwkU0LxJcgUYhZKBSS75ZCYIXsUcEzBNibZZW3","P0","'08-20","'42905161859","5","","100-300美金","200-300单","高价品"
"1","适用于 Nmax、Aerox、MSi 125、MX KING 的凸轮链条张紧器总成 2BM-E2210-00","适用于 Nmax、Aerox、MSi 125、MX KING 的凸轮链条张紧器总成 2BM-E2210-00","5","https://cf.shopee.ph/file/sg-11134201-7rdxt-mdl9qd97ddicc2","http://shopee.ph/product/273700948/24756325700","摩托车零配件","传动系统、变速器和离合器","IVCN202608175415","'168019521755","https://detail.1688.com/offer/707689013829.html?kj_agent_plugin=aliprice&fromkv=xytTrace:2108837b17568654721092874e0ddc&token=iUq1zrloh8skJoFlBaMWrcx8t7OwRxl9rEI1G7IDTCgyd7TIJIG2Yn7TNmotYRhR","P0","'08-20","'24756325700","5","","20-40美金","20-40单","中价品"
"1","TPS 传感器 Mio m3 Mio z Mio S Soul gt 125 TPS Mio M3 2PH","TPS 传感器 Mio m3 Mio z Mio S Soul gt 125 TPS Mio M3 2PH","5","https://cf.shopee.ph/file/id-11134201-7r98q-lx11vgadyo71fa","http://shopee.ph/product/727598051/21378606297","摩托车零配件","其他的","IVCN202608170311","'221485028085","相似款：https://detail.1688.com/offer/718198306165.html?kj_agent_plugin=aliprice&fromkv=xytTrace:2104999217549706034061211e105b&token=74u8xIiBrnNLvMVqwsfmnYr1XsMdyY5GxHW3zq6DcBZisWvIeoaZxA2INFvchjcX","P1","'08-20","'21378606297","5","","20-40美金","20-40单","低价品"
"1","Mika 挡泥板下方的 King Drag PNP Yamaha MX King MX 新旧挡泥板挡泥板保护器 Yamaha MX 旧 MX 新 MX King PNP 额外螺栓","清晰的KD红色","4.96","https://cf.shopee.ph/file/sg-11134201-7rbkh-lqlwdv5616lmb9","http://shopee.ph/product/1202218916/25767477551","摩托车配件","挡泥板和挡泥罩","IVCN202608175351","'214951362238","https://detail.1688.com/offer/639703930312.html?kj_agent_plugin=aliprice&fromkv=xytTrace:0","P1","'08-20","'25767477551","4.96","","20-40美金","20-40单","中价品"
"1","KENADA RACING 方形京滨化油器喷嘴、心形喷嘴、黑色喷嘴盖喷嘴、N-Pro 喷嘴、Dash 喷嘴。如图所示,共 20 个。商品位于泰国。N-Pro 化油器喷嘴、Dash 化油器喷嘴、方形京滨喷嘴、N-Pro 化油器、Dash 化油器/N-Pro 化油器/京滨圆形喷嘴、PWK、PWM、Npro、Nsr、Dash、Kr、LS、心形化油器、黑色喷嘴盖化油器、原厂喷嘴、燃油喷嘴。","标准型,Z-jet","4.96","https://cf.shopee.co.th/file/93bfe9ace8a32dc55d1d9053d387d9ef","http://shopee.co.th/product/150660764/18779770218","摩托车零配件","燃油系统","IVCN202608175329","'196741622755","https://detail.1688.com/offer/747026740566.html?fromkv=cbuPcPlugin:imageSearchDrawerCard&spm=a2639h.29135425.offerlist.i7&source=action%23offerItem%3Borigin%23cf.shopee.co.th&amug_biz=oneself&amug_fl_src=awakeId_982","P1","'08-20","'18779770218","4.96","","20-40美金","20-40单","中价品"
"1","SEAMETAL 摩托车手机支架,防雨防晒,手机支架,摩托车手机支架,GPS支架","车把 + 头盔","4.93","https://cf.shopee.co.th/file/sg-11134201-8225q-mhg0bliedhj97b","http://shopee.co.th/product/1212650027/47052040515","摩托车配件","手机支架","IVCN202608175847","'277197081588","相似款：https://detail.1688.com/offer/714076694567.html?fromkv=cbuPcPlugin:imageSearchDrawerCard&spm=a2639h.29135425.offerlist.i51&source=action%23offerItem%3Borigin%23cf.shopee.co.th&amug_biz=oneself&amug_fl_src=awakeId_982","P1","'08-20","'47052040515","4.93","","20-40美金","20-40单","高价品"
"1","后刹车线 AEROX 155 AEROX OLD LEXI 原装 YGP 代码 B65 可用于 VARIO 安装","后刹车线 AEROX 155 AEROX OLD LEXI 原装 YGP 代码 B65 可用于 VARIO 安装","4.9","https://cf.shopee.ph/file/id-11134207-7r98v-lzfvmk0zo8a0dd","http://shopee.ph/product/1097646573/27559382497","摩托车零配件","电缆和管材","IVCN202608175693","'246479892316","https://detail.1688.com/offer/832060279515.html?fromkv=cbuPcPlugin:imageSearchDrawerCard&spm=a2639h.29135425.offerlist.i2&source=action%23offerItem%3Borigin%23shopee.ph&amug_biz=oneself&amug_fl_src=awakeId_982","P1","'08-20","'27559382497","4.9","","20-40美金","20-40单","高价品"
"1","Musion吸汗超酷头盔头套吸汗高弹户外运动帽","碳*2","4.85","https://cf.shopee.com.my/file/cn-11134207-7ras8-map0f2sja8915e","http://shopee.com.my/product/329275579/23225444295","摩托车头盔及配件","","IVCN202608170857","'275523139245","https://detail.1688.com/offer/632783211771.html?spm=a26352.b28411319.offerlist.21.e7331e62UNtHE8","P1","'08-20","'23225444295","4.85","","20-40美金","20-40单","中价品"
"1","RCB GRIP PACKAGE 55hg 和 Handlebar Jalu RCB HG55 黑色握把套装 & CNCN FLOWER 车把支架 通用 适用于所有类型的 MIO 摩托车 SCOOPY FINO GENIO NMAX PCX AEROX VARIO LEXY FREEGO 等 [ SR ]","Hg55 和银花","4.8","https://cf.shopee.ph/file/sg-11134201-8258k-mftarh3yfabz84","http://shopee.ph/product/1361888385/27192907548","摩托车配件","其他的","IVCN202608176095","'108762514691","相似款：https://detail.1688.com/offer/1064816149587.html?fromkv=cbuPcPlugin:imageSearchDrawerCard&spm=a2639h.29135425.offerlist.i0&source=action%23offerItem%3Borigin%23cf.shopee.ph&amug_biz=oneself&amug_fl_src=awakeId_982","P0","'08-20","'27192907548","4.8","","20-40美金","20-40单","高价品"
"1","CRF KLX WR150 TRAIL TS 150 DIABLO 防水摩托车罩","黑色,XXL","4.77","https://cf.shopee.ph/file/id-11134207-7r98u-lp7oygem0z9ve5","http://shopee.ph/product/954767005/24303365948","摩托车配件","封面","IVCN202608176521","'148463199773","","P0","'08-20","'24303365948","4.77","","20-40美金","20-40单","高价品"
"1","MAKOTO XRM 125 化油器总成 零件号 9003-0612","MAKOTO XRM 125 化油器总成 零件号 9003-0612","4.76","https://cf.shopee.ph/file/ph-11134207-81ztf-mfdgjj99q80d8d","http://shopee.ph/product/282322300/24943087877","摩托车零配件","燃油系统","IVCN202608171471","'233994853848","https://detail.1688.com/offer/684864703977.html?kj_agent_plugin=aliprice&fromkv=xytTrace:0","P1","'08-20","'24943087877","4.76","","20-40美金","20-40单","高价品"
"1","CVT油箱轴承6202黄铜Nmax Mio M3 2DP","CVT油箱轴承6202黄铜Nmax Mio M3 2DP","4.76","https://cf.shopee.ph/file/id-11134207-7r992-lmmu3b3ke56330","http://shopee.ph/product/441584730/13293739632","摩托车零配件","传动系统、变速器和离合器","IVCN202608176557","'125988227290","无同款","P1","'08-20","'13293739632","4.76","","20-40美金","20-40单","中价品"
"1","张紧器设定冲头 Yamaha Mio M3、Soul GT、Fino 125、Nmax、MX King (2BM 2PH/)","张紧器设定冲头 Yamaha Mio M3、Soul GT、Fino 125、Nmax、MX King (2BM 2PH/)","4.74","https://cf.shopee.ph/file/abd83e33a4d2f5a4ab1e3bee8bedb662","http://shopee.ph/product/344647910/7069981486","摩托车零配件","其他的","IVCN202608176105","'32537977438","https://detail.1688.com/offer/829722788185.html?kj_agent_plugin=aliprice&fromkv=xytTrace:0bbb04ba17581807175702918e0cc8&token=RYecbeF8nYKXmtBa5kYuEis4C%2BXSnLoLjYeOWhJrfrwBDgW3v0pPCBHhxqyZT7gJ","P1","'08-20","'7069981486","4.74","","20-40美金","20-40单","中价品"
"1","摩托车LED大灯灯泡T19 P15D H4原装LED大灯组件","H4（白+白）","4.73","https://cf.shopee.com.my/file/cn-11134207-7r98o-lzhbuce977g377","http://shopee.com.my/product/1331276931/28709319552","摩托车零配件","灯光","IVCN202608176537","'205346565192","https://detail.1688.com/offer/785455245014.html?fromkv=cbuPcPlugin:imageSearchDrawerCard&spm=a2639h.29135425.offerlist.i0&source=action%23offerItem%3Borigin%23cf.shopee.com.my&amug_biz=oneself&amug_fl_src=awakeId_982","P1","'08-20","'28709319552","4.73","","20-40美金","20-40单","低价品"
"1","TRC RACING 2活塞后轴向卡钳支架（220毫米碟刹盘）,适用于Sniper 150/155 8033","数控","4.7","https://cf.shopee.ph/file/ph-11134207-7r992-lovv0ia5ipyh64","http://shopee.ph/product/867675817/24752633374","摩托车零配件","车身及车架","IVCN202608170695","'235866310904","https://detail.1688.com/offer/806909331450.html?kj_agent_plugin=aliprice&fromkv=xytTrace:0","P1","'08-20","'24752633374","4.7","","20-40美金","20-40单","高价品"
"1","变速杆 变速杆 弯梁车 Dkt Ninja R RR SS Vixion Satria Fu CB CBR Sonic","黑色的","4.7","https://cf.shopee.ph/file/id-11134207-7rasm-m33p1lmh6l3hec","http://shopee.ph/product/441583209/24464548753","摩托车零配件","传动系统、变速器和离合器","IVCN202608175395","'39493336169","无同款","P1","'08-20","'24464548753","4.7","","20-40美金","20-40单","中价品"
"1","优质粉红色金属糖果色涂装,适用于摩托车和汽车车身","粉色糖果,P50 x L45","4.66","https://cf.shopee.ph/file/id-11134207-7r98v-lmcznppkqtup21","http://shopee.ph/product/1202216531/24817491671","摩托车配件","贴纸、标志和徽章","IVCN202608171425","'240430053831","无同款","P1","'08-20","'24817491671","4.66","","20-40美金","20-40单","中价品"
"1","适用于 Brembo 和 RCB E2 E3 刹车总泵刹车灯开关（左/右）","放","4.65","https://cf.shopee.ph/file/cn-11134207-7ras8-m79kc498s2oi58","http://shopee.ph/product/973442095/25592573782","摩托车零配件","制动系统","IVCN202608176361","'242866475110","相似款：https://detail.1688.com/offer/912733475015.html?spm=a26352.b28411319.offerlist.39.11901e62xRC1o9","P1","'08-20","'25592573782","4.65","","20-40美金","20-40单","中价品"
"1","7色LED摩托车灯,USB充电,可充电LED闪光灯,摩托车警示灯,无人机飞行器灯,31种模式","买一送三","4.6","https://cf.shopee.ph/file/cn-11134207-820l4-mla3a4r516gzb4","http://shopee.ph/product/1279625023/55905886233","摩托车零配件","灯光","IVCN202608175887","'262426883327","https://detail.1688.com/offer/670559189556.html?fromkv=cbuPcPlugin:imageSearchDrawerCard&spm=a2639h.29135425.offerlist.i0&source=action%23offerItem%3Borigin%23cf.shopee.ph&amug_biz=oneself&amug_fl_src=awakeId_982","P1","'08-20","'55905886233","4.6","","20-40美金","20-40单","低价品"
"1","排气罩 合适的排气护罩 vr speed Racing 合适的 mio BEAT nex vario 150/125 mio m3 nmax old 等。","VR Old Shield","4.6","https://cf.shopee.ph/file/id-11134207-7ra0o-mb7qnmd9ut14c2","http://shopee.ph/product/1142282278/27092732447","摩托车零配件","其他的","IVCN202608173981","'281906025136","相似款：https://detail.1688.com/offer/810332680752.html?kj_agent_plugin=aliprice&fromkv=xytTrace:2146938717757008926056834e0dbc&token=tVFeKRAtJn6lvi7%2BMxrblLnS5C%2B27JppXW4tVnr%2B9D1befzS1gHmsBVaHKu%2FwXXq","P0","'08-20","'27092732447","4.6","","20-40美金","20-40单","高价品"
"1","化油器 Bg328 Pro 338 Eco348 Sum328 T328 割草机 草坪修剪机 Bg328k T328","B","4.59","https://cf.shopee.com.my/file/cn-11134207-7r98o-lwnweci43tc51c","http://shopee.com.my/product/158191997/6192994502","摩托车零配件","燃油系统","IVCN202608175263","'205181960201","相似款：https://detail.1688.com/offer/685065733438.html?kj_agent_plugin=aliprice&fromkv=xytTrace:0bf8994c17581802480786952e0e5d&token=FLyuFL0nJ0M5abSewRpkknPL9TAs3L%2Bx7%2FFrwUWBH1l3QJJkFt3tg5XbCIXcCfZY","P1","'08-20","'6192994502","4.59","","20-40美金","20-40单","中价品"
"1","尊贵亚克力镀铬徽标 2 件装 内含 2 个高级 3D 汽车摩托车标志贴纸","2个/Sili2银","4.51","https://cf.shopee.ph/file/id-11134207-7ra0l-mdudpxqldtede7","http://shopee.ph/product/447020831/27790439851","摩托车配件","贴纸、标志和徽章","IVCN202608175587","'248795036475","无同款","P1","'08-20","'27790439851","4.51","","20-40美金","20-40单","中价品"
"1","XYZ 衬套垫片卡钳径向忍者 R RR SS F1ZR FIZ Force 1 SATRIA HIU DUMBA MX KING 旧款全新全数控加工","银色（2 件）,10 毫米","4.5","https://cf.shopee.ph/file/id-11134207-7rbkd-maatgmll8fk410","http://shopee.ph/product/915846258/26035328332","摩托车零配件","制动系统","IVCN202608175893","'258324866897","相似款：https://detail.1688.com/offer/615597192852.html?kj_agent_plugin=aliprice&fromkv=xytTrace:1","P0","'08-20","'26035328332","4.5","","20-40美金","20-40单","低价品"
"1","Handfat 手把套 DAYTONA 公路赛车黑色原装通用摩托车配件 把手握把 摩托车","Handfat 手把套 DAYTONA 公路赛车黑色原装通用摩托车配件 把手握把 摩托车","4.5","https://cf.shopee.ph/file/8ee41cebf2c980ac2e3687594957780b","http://shopee.ph/product/954767974/23125074881","摩托车配件","其他的","IVCN202608175933","'230981384275","相似款：https://detail.1688.com/offer/1027696751111.html","P0","'08-20","'23125074881","4.5","","20-40美金","20-40单","高价品"
"1","MOTOF旋转风扇罩 BINTANG 通用CNC铝合金组合 BINTANG 适用于所有MIO摩托车 SCOOPY FIZ R VESPA RX KINGBEAT（免费螺栓+贴纸）","粉色组合,AKR 星形旋转器","4.48","https://cf.shopee.ph/file/sg-11134201-7rcel-ltpsql1em48i41","http://shopee.ph/product/1202218916/25322470774","摩托车配件","其他的","IVCN202608175091","'195010336122","相似款：https://detail.1688.com/offer/972534911387.html?spm=a26352.b28411319/2508.0.0.5b7f1e62X5KTxn&cosite=-&tracelog=p4p&_p_isad=1&clickid=189ec899f18e4da899589df35b76e029&sessionid=3a83819a7dbe8d64ef5f2c4aed184df5","P1","'08-20","'25322470774","4.48","","20-40美金","20-40单","中价品"
"1","适用于 WAVE-110i、125i、DREAM SUPERCUP、MSX-125、Whale、ZOR-X、CLICK-125、PCX 150、CRF 250、CBR150、CBR250、EASTARSPEED 的 MAP 传感器 (TPS)。","适用于 WAVE-110i、125i、DREAM SUPERCUP、MSX-125、Whale、ZOR-X、CLICK-125、PCX 150、CRF 250、CBR150、CBR250、EASTARSPEED 的 MAP 传感器 (TPS)。","4.43","https://cf.shopee.co.th/file/sg-11134201-7reou-m84s3iiy5xgn1d","http://shopee.co.th/product/266224940/27980926006","摩托车零配件","点火和发动机部件","IVCN202608175157","'177063783792","相似款：https://detail.1688.com/offer/912719460926.html?kj_agent_plugin=aliprice&fromkv=xytTrace:0","P1","'08-20","'27980926006","4.43","","20-40美金","20-40单","中价品"
"1","批发10套滑块 mio j fino mio m3 xride soul gt 125 54p","批发10套滑块 mio j fino mio m3 xride soul gt 125 54p","4.35","https://cf.shopee.ph/file/sg-11134201-823p3-mpa6mj87gljf2f","http://shopee.ph/product/858640891/25944074500","摩托车零配件","其他的","IVCN202608176225","'243190794199","https://detail.1688.com/offer/986634589680.html?spm=a26352.b28411319.offerlist.1.37bb1e62fRrvtY","P1","'08-20","'25944074500","4.35","","20-40美金","20-40单","中价品"
"1","离合器片 离合器衬片/ Satria FU 150 SGP","离合器片 离合器衬片/ Satria FU 150 SGP","4.3","https://cf.shopee.ph/file/913bb632e521e7abf7302998f8a7170f","http://shopee.ph/product/344663007/3667081889","摩托车零配件","传动系统、变速器和离合器","IVCN202608170535","'32205709779","无同款","P0","'08-20","'3667081889","4.3","","20-40美金","20-40单","中价品"
"1","适用于 2023 款 CRF 150 / KLX 150 / WR 155 的激光 LED 碳纤维尾灯","CRF 150","4.25","https://cf.shopee.ph/file/id-11134207-7r98o-lkovhj66xnajc3","http://shopee.ph/product/332212779/21792153863","摩托车零配件","灯光","IVCN202608171983","'231940385666","相似款：https://detail.1688.com/offer/1037358474911.html?spm=a26352.b28411319/2508.0.0","P0","'08-20","'21792153863","4.25","","20-40美金","20-40单","高价品"
"1","适用于 Supra X、Supra 110、Kharisma Blade、Revo、Supra X 125 Fi 的前刹车卡钳安装支架,大尺寸刹车盘,300mm","超级X","4.21","https://cf.shopee.ph/file/id-11134207-8224s-mi10hucwfkzl9c","http://shopee.ph/product/1424825059/40610240658","摩托车零配件","制动系统","IVCN202608171679","'285860040619","相似款：https://detail.1688.com/offer/857162553173.html?kj_agent_plugin=aliprice&fromkv=xytTrace%3A0&tracelog=cps&clickid=40b31a1c93b63b70d31164f50b4bd42e&targetUrl=https%3A%2F%2Fs.click.1688.com%2Ft%3Fe%3DA6FEAF87A2FCFBDD05C1BD6ABB449CE46147FC88EA630CBAC31FEFBD3966EDE4DF88C915D5486E33D1003E749B3EAAA5861098A75E16F4D226600F2847DABD1A5F0FFA4FF39BCCC320D4625E68D0D47AF6FEC9241CC79F982F2298161E9E1CDC8B3890FE097C62A05D5BF1FDC637F7E4018F7BB552BAC6AD66BA430C43EDF0E07EEF6D6099BA67CE089F770C23C101B720F128732269DAABCFA8EBC24F0898614BE22D9A29B4C944E1343FBFB85A7D75DE146EEED071A5D0B571E1729620331C3BE773A6764DB91BE8D4D18B114414808488AAB52ABD363F41EE10B5AD39909B147731ED7963DA382DCB41D5A269FA40%26cbu_cps_trace_flag%3Dwrite","P1","'08-20","'40610240658","4.21","","20-40美金","20-40单","低价品"
"1","适用于 Mio i 125/Nmax 155/Aerox/Sniper 150/LC135 的 2 个座椅锁弹簧,通用摩托车锁配件","2个","4.16","https://cf.shopee.ph/file/cn-11134207-820l4-mimoefzz8nia0e","http://shopee.ph/product/989754302/23849851726","摩托车配件","锁具与安防","IVCN202608171111","'214470685294","相似款：https://detail.1688.com/offer/671673302394.html?kj_agent_plugin=aliprice&fromkv=xytTrace:0","P1","'08-20","'23849851726","4.16","","20-40美金","20-40单","低价品"
"1","Mio 张紧器橡胶 Mio Mio 运动型张紧器舌","Mio 张紧器橡胶 Mio Mio 运动型张紧器舌","4.14","https://cf.shopee.ph/file/id-11134207-7r991-lxc43kipt5l68d","http://shopee.ph/product/727598051/21745626572","摩托车零配件","其他的","IVCN202608172603","'145765360441","无同款","P1","'08-20","'21745626572","4.14","","20-40美金","20-40单","低价品"
"2","摩托车喷嘴 10个/20个装 化油器主喷嘴和怠速喷嘴 适用于 PWK (KOSO OKO) PE (NSR KX80 KX100 KX125) PZ (CG125-250 TXM125 155 250 ATC200X AKT150) CVK(5mm) 化油器维修套件","D-JET","4.04","https://cf.shopee.ph/file/5d2dd51d95141fdb372bda53239934b0","http://shopee.ph/product/139042172/2695977252","摩托车零配件","燃油系统","#N/A","'94427911130","相似款：https://detail.1688.com/offer/609638211049.html?fromkv=cbuPcPlugin:imageSearchDrawerCard&spm=a2639h.29135425.offerlist.i8&source=action%23offerItem%3Borigin%23shopee.ph&amug_biz=oneself&amug_fl_src=awakeId_982","P1","'08-20","'2695977252","4.04","","20-40美金","20-40单","中价品"
"1","滑轮飞球卡扣 125/125i/150i/Vario 150 K36 滚轮组 2212A-K36-T00","滑轮飞球卡扣 125/125i/150i/Vario 150 K36 滚轮组 2212A-K36-T00","4","https://cf.shopee.ph/file/sg-11134201-81zw7-mj2ed0ueyry8dc","http://shopee.ph/product/1027085186/44052763242","摩托车零配件","传动系统、变速器和离合器","IVCN202608173991","'290227473501","https://detail.1688.com/offer/693176550990.html?fromkv=cbuPcPlugin:imageSearchDrawerCard&spm=a2639h.29135425.offerlist.i10&source=action%23offerItem%3Borigin%23shopee.ph&amug_biz=oneself&amug_fl_src=awakeId_982","P0","'08-20","'44052763242","4","","20-40美金","20-40单","低价品"
"1","MESIN Win - Engine Cover BEAT Fi Esp Smooth Starter K25 Set Scoopy Fi Esp Vario Pop Spacy 110 Fi Shroud In Ex 2014 - 2015","MESIN Win - Engine Cover BEAT Fi Esp Smooth Starter K25 Set Scoopy Fi Esp Vario Pop Spacy 110 Fi Shroud In Ex 2014 - 2015","4","https://cf.shopee.ph/file/sg-11134201-7rfh8-m9qmonsrrnoic3","http://shopee.ph/product/1361876529/29076261967","摩托车零配件","车身及车架","IVCN202608175723","'252643288009","相似款：https://detail.1688.com/offer/44237613583.html?spm=a26352.b28411319/2508.0.0.78621e62zCJF9E","P0","'08-20","'29076261967","4","","20-40美金","20-40单","中价品"
"1","手把套 手把套 粗手把套 Daytona Superstock SS3 SS-3 黑色八角形 通用型 所有摩托车 原装 5240","手把套 手把套 粗手把套 Daytona Superstock SS3 SS-3 黑色八角形 通用型 所有摩托车 原装 5240","4","https://cf.shopee.ph/file/id-11134207-7r98u-lwv9mefoz0z0d0","http://shopee.ph/product/345950271/26003725881","摩托车配件","其他的","IVCN202608175299","'98947682335","","P0","'08-20","'26003725881","4","","20-40美金","20-40单","高价品"
"1","DAYTONA Lapinus Fibers 2 大活塞刹车片,适用于原装 Brembo P2 卡钳","DAYTONA Lapinus Fibers 2 大活塞刹车片,适用于原装 Brembo P2 卡钳","4","https://cf.shopee.ph/file/id-11134207-23020-4fq3zg6jufnv03","http://shopee.ph/product/954767974/23625075481","摩托车零配件","制动系统","IVCN202608176309","'183874038817","相似款：https://detail.1688.com/offer/715286479011.html?kj_agent_plugin=aliprice&fromkv=xytTrace:0","P0","'08-20","'23625075481","4","","20-40美金","20-40单","高价品"
"1","Mio M3 2PH 张紧器设置 Mio M3 2PH","Mio M3 2PH 张紧器设置 Mio M3 2PH","4","https://cf.shopee.ph/file/id-11134201-7r98o-lx11yjdheh7w15","http://shopee.ph/product/727598051/15367028716","摩托车零配件","其他的","IVCN202608173995","'87257814825","https://detail.1688.com/offer/617310567709.html?spm=a26352.b28411319.offerlist.15.41981e62Ndzy9V","P0","'08-20","'15367028716","4","","20-40美金","20-40单","低价品"
"1","Uni Art Yamaha Ego Solariz 篮 Bakul 高品质","Uni Art Yamaha Ego Solariz 篮 Bakul 高品质","4","https://cf.shopee.ph/file/0b8155429475dfe5cfad0b9668cad50d","http://shopee.ph/product/727964259/14071173938","摩托车配件","盒子和箱子","IVCN202608176329","'153586200147","","P0","'08-20","'14071173938","4","","20-40美金","20-40单","高价品"
"1","EURO PARTS 160 STYLO ABS CBS ISS 挡泥板 + 不锈钢徽标 PNP","VARIO160 +EMBHRC 2","3.95","https://cf.shopee.ph/file/id-11134207-7rasj-m3al7o87tvfcfd","http://shopee.ph/product/1024537391/25032426218","摩托车配件","贴纸、标志和徽章","IVCN202608175009","'39784747131","相似款：https://detail.1688.com/offer/1012036109783.html?spm=a26352.b28411319/2508.0.0","P1","'08-20","'25032426218","3.95","","20-40美金","20-40单","高价品"
"1","AEROX 新款碳纤维亮面盲领带 AEROX 新款 2021-2024 盲领带 碳纤维国际象棋变体","BBP 碳纤维螺栓连接件,AEROX 新款 2021-2024","3.91","https://cf.shopee.ph/file/id-11134207-822wn-mnmp7lmag8auaf","http://shopee.ph/product/348865888/46459694294","摩托车零配件","车身及车架","IVCN202608176257","'340856045961","相似款：https://detail.1688.com/offer/952788453934.html?fromkv=cbuPcPlugin:imageSearchDrawerCard&spm=a2639h.29135425.offerlist.i12&source=action%23offerItem%3Borigin%23shopee.ph&amug_biz=oneself&amug_fl_src=awakeId_982","P1","'08-20","'46459694294","3.91","","40-60美金","40-60单","高价品"
"1","2个迷你通用摩托车LED转向信号灯 - 通用12V琥珀色闪光灯,适用于摩托车","抽烟","3.91","https://cf.shopee.ph/file/sg-11134201-8226r-mhu5w0tyuygzfa","http://shopee.ph/product/1338796527/46352592835","摩托车零配件","灯光","IVCN202608173853","'380248589491","https://detail.1688.com/offer/657590481437.html?fromkv=cbuPcPlugin:imageSearchDrawerCard&spm=a2639h.29135425.offerlist.i9&source=action%23offerItem%3Borigin%23cf.shopee.ph&amug_biz=oneself&amug_fl_src=awakeId_982","P1","'08-20","'46352592835","3.91","","20-40美金","20-40单","低价品"
"1","1 套螺母 Ring CVTORing MIO SPORTY SOUL GT M3 NOUVO","1 套螺母 Ring CVTORing MIO SPORTY SOUL GT M3 NOUVO","3.9","https://cf.shopee.ph/file/id-11134201-81zth-mrhaihydixolf1","http://shopee.ph/product/1202220397/29933112767","摩托车零配件","传动系统、变速器和离合器","IVCN202608176177","'198415719937","无同款","P1","'08-20","'29933112767","3.9","","20-40美金","20-40单","低价品"
"2","Wave后减震器（一对）,尺寸分别为330mm和340mm。适用于Wave 100、Wave 110i、Wave 125R、S、X、Dream Super Cup车型。原装款式,颜色美观,即装即用。","330毫米蓝色减震器。","3.9","https://cf.shopee.co.th/file/th-11134207-7r98x-lnl4ky4bya1z8c","http://shopee.co.th/product/641745778/19884378752","摩托车零配件","减震器、支柱和悬架","#N/A","'232230441495","https://detail.1688.com/offer/614751356438.html?kj_agent_plugin=aliprice&fromkv=xytTrace:7","P1","'08-20","'19884378752","3.9","","20-40美金","20-40单","中价品"
"1","传感器油温 Beat Fi v1v2v3 Scoopy Fi Zoomer Rs125fi Xrm125 Fi","传感器油温 Beat Fi v1v2v3 Scoopy Fi Zoomer Rs125fi Xrm125 Fi","3.82","https://cf.shopee.ph/file/sg-11134201-7rdxv-mc6azcs18dvyf4","http://shopee.ph/product/273700948/20808611707","摩托车零配件","燃油系统","IVCN202608175461","'173097390307","","P1","'08-20","'20808611707","3.82","","20-40美金","20-40单","低价品"
"1","川崎 35019-0562-6Z 后挡泥板 忍者 RR 新款 150 原装挡泥板","川崎 35019-0562-6Z 后挡泥板 忍者 RR 新款 150 原装挡泥板","3.82","https://cf.shopee.ph/file/e2d0f4818baf7a24313a035a29db4a4b","http://shopee.ph/product/358929188/20357859337","摩托车零配件","车身及车架","IVCN202608176383","'192919747657","相似款：https://detail.1688.com/offer/951780188475.html?kj_agent_plugin=aliprice&fromkv=xytTrace:0","P1","'08-20","'20357859337","3.82","","20-40美金","20-40单","中价品"
"1","轴承滑轮 Mio Sporty Mio Soul Nouvo 等。","轴承滑轮 Mio Sporty Mio Soul Nouvo 等。","3.82","https://cf.shopee.ph/file/id-11134207-7r98v-lmu2pf8j6o84f6","http://shopee.ph/product/441584730/13267832262","摩托车零配件","传动系统、变速器和离合器","IVCN202608173059","'133535831762","无同款","P1","'08-20","'13267832262","3.82","","20-40美金","20-40单","低价品"
"1","Manipol歧管进气化油器 PE 24/26/28/30/32/34","28","3.81","https://cf.shopee.ph/file/id-11134207-7r991-lvmun2srfqq953","http://shopee.ph/product/1315436539/29106226572","摩托车配件","其他的","IVCN202608175259","'256261470494","https://detail.1688.com/offer/574225228371.html?fromkv=cbuPcPlugin:imageSearchDrawerCard&spm=a2639h.29135425.offerlist.i1&source=action%23offerItem%3Borigin%23cf.shopee.ph&amug_biz=oneself&amug_fl_src=awakeId_982","P1","'08-20","'29106226572","3.81","","20-40美金","20-40单","中价品"
"1","铃木前后刹车开关组件 Spin Skywave Skydrive Hayate Nex 让我们来谈谈 Axelo SUPERSUZUKI","铃木前后刹车开关组件 Spin Skywave Skydrive Hayate Nex 让我们来谈谈 Axelo SUPERSUZUKI","3.81","https://cf.shopee.ph/file/id-11134207-7rase-m3i46s10l8t693","http://shopee.ph/product/1403497372/24339220393","摩托车零配件","制动系统","IVCN202608174665","'188044922354","https://detail.1688.com/offer/977062118080.html?https://detail.1688.com/offer/534277073966.html?","P1","'08-20","'24339220393","3.81","","20-40美金","20-40单","低价品"
"1","适用于PCX160、PCX150（2014-2020）和PCX（2021-2023）的怠速调节器。直接替换,无需改装。","PCX150 2014-2020 黑色","3.78","https://cf.shopee.co.th/file/sg-11134201-820nn-mno4idqusd8k96","http://shopee.co.th/product/1049017713/22853778986","摩托车零配件","燃油系统","IVCN202608173167","'118997247535","https://detail.1688.com/offer/695595416174.html?kj_agent_plugin=aliprice&fromkv=xytTrace:0","P1","'08-20","'22853778986","3.78","","20-40美金","20-40单","低价品"
"1","Visor Helmet Move It And RXR 065（头盔示例见第一张和第二张照片）（NDR-5）","清除","3.77","https://cf.shopee.ph/file/id-11134207-7r98o-lrv5uidbe8fbf1","http://shopee.ph/product/586691088/27986094641","摩托车头盔及配件","","IVCN202608175029","'186068724628","相似款：https://detail.1688.com/offer/609556504916.html?kj_agent_plugin=aliprice&fromkv=xytTrace:210790e117554974904103542e0ff3&token=CZkwQZtMb7L5vPCOZeANW0Uj%2BTtT8YwyV0wqhu9wEoHtxVmQvqMG24KWdTxroJX8","P1","'08-20","'27986094641","3.77","","20-40美金","20-40单","中价品"
"1","化油器套装：包含20个主喷嘴和辅助喷嘴,以及扁平节气门/混沌盖。套装包含20个喷嘴（花形）和扁平节气门/混沌盖,品牌包括PWK、Koso和KSR。","X-JET（20个）","3.77","https://cf.shopee.vn/file/vn-11134207-7qukw-lgdgv0psorufd5","http://shopee.vn/product/991256640/18388399295","摩托车零配件","燃油系统","IVCN202608175443","'221567342279","https://detail.1688.com/offer/747416275506.html?spm=a26352.b28411319.offerlist.83.66b31e622tUT4Q","P1","'08-20","'18388399295","3.77","","20-40美金","20-40单","中价品"
"1","XYZ支架 AHM VND APIDO F1ZR FIZknalpot Force 1","黑多夫","3.74","https://cf.shopee.ph/file/id-11134207-7rase-m2t9mv5rsocb42","http://shopee.ph/product/915846258/27068157184","摩托车零配件","其他的","IVCN202608175339","'242067858019","无同款","P1","'08-20","'27068157184","3.74","","20-40美金","20-40单","低价品"
"1","刹车片套装 Vario Dispad/ BEAT BEAT Fi KZL KVB","刹车片套装 Vario Dispad/ BEAT BEAT Fi KZL KVB","3.73","https://cf.shopee.ph/file/cad9e545239419fd16b63bfdc2e350da","http://shopee.ph/product/344663007/7566973534","摩托车零配件","制动系统","IVCN202608174253","'62205707311","https://detail.1688.com/offer/755099053616.html?kj_agent_plugin=aliprice&fromkv=xytTrace:2146915b17455470505353021e1292&token=QWGD6Ab2eSlMEk3XTjsWhzoa0A21Q%2BQ%2Fk%2FWE0OCFg617h3hgCHcaNUi9v4LXAK43https://detail.1688.com/offer/730321685953.html?kj_agent_plugin=aliprice&fromkv=xytTrace%3A21088ae017455470317432131e1aef&token=D36nSao8Q%2BPw7oJxT73a52rttuplMRyjPjUh01o%2FmlTbpJqF8KUr1xg0GyZvs8Vr&tracelog=cps&clickid=da23361bb5a8a56d54d394ef58bcc3f7","P1","'08-20","'7566973534","3.73","","20-40美金","20-40单","中价品"
"1","YAMAHA 轴承 Laher 6809 Stater One Way sportyyamaha mio Mio Smile Soul CARBON nouvo fino","YAMAHA 轴承 Laher 6809 Stater One Way sportyyamaha mio Mio Smile Soul CARBON nouvo fino","3.7","https://cf.shopee.ph/file/id-11134207-7rbke-m8ozeqjr3vnfcd","http://shopee.ph/product/1063704776/41300309731","摩托车零配件","传动系统、变速器和离合器","IVCN202608175857","'285024965409","https://detail.1688.com/offer/872778030882.html?fromkv=cbuPcPlugin:imageSearchDrawerCard&spm=a2639h.29135425.offerlist.i0&source=action%23offerItem%3Borigin%23shopee.ph&amug_biz=oneself&amug_fl_src=awakeId_982","P1","'08-20","'41300309731","3.7","","20-40美金","20-40单","中价品"
"1","通用摩托车链条调节器链条张紧器改装滚轮自动链条张紧器调节器","红色的","3.67","https://cf.shopee.ph/file/cn-11134207-7ras8-m7uholgni8fv9a","http://shopee.ph/product/1005120457/26631025103","摩托车零配件","传动系统、变速器和离合器","IVCN202608175409","'177065795155","https://detail.1688.com/offer/585754750675.html?kj_agent_plugin=aliprice&fromkv=xytTrace:0","P1","'08-20","'26631025103","3.67","","20-40美金","20-40单","低价品"
"1","带LOGO的铝合金全CNC通用型散热器盖,含贴纸,适用于摩托车,金色、黑色、红色、蓝色、银色可选。","银","3.58","https://cf.shopee.com.my/file/cn-11134207-820l4-mgiw7ygohzwv9e","http://shopee.com.my/product/307970416/54900287599","摩托车配件","封面","IVCN202608175227","'320026323387","相似款：https://detail.1688.com/offer/975275090584.html?kj_agent_plugin=aliprice&fromkv=xytTrace%3A210702e017742563867005468e0e43&token=WWaTZ%2Fb3bUnj7rUpNz%2BAXL60pxeHHGvitvgjEIT5t5wEeMEA69RZ2GT4xEoAyNTk&tracelog=cps&clickid=1ad5a6bef397f5cd8af3b265ccdc5cd8&targetUrl=https%3A%2F%2Fs.click.1688.com%2Ft%3Fe%3DD2DC7A927D55C03D6511A0CCA913FD65D6FA062685DFF8F7D920A558D1D5758C4B369BE324A83E744B8F19128B0D93E33FB8088B45F57B9E47F28FD2CC0E231B18AD4F779334558760FEF997084D4D5331EB6FC8DBCADED4C6C8CEEEE21320CC4BD39EA2FE12E3B10C8F8B604B36B14B898A857D4DBC5009617703ACA70A0FB9599FB13A791FCCFB348394BC3CC3C62B9992F8828C4BE8920C5596196F24C1FD4E391BE49B9DE4695CB8C7A6732AED4C1ABB39AAF113049AE1EB289FD454E17A2A8A85F01AE8E79B140581A570B8BE69B2CBA09A630C2AB0219B1F761494AA6454595D2DFB4F3F6F9F8B58F76B6C5BF0%26cbu_cps_trace_flag%3Dwrite","P1","'08-20","'54900287599","3.58","","20-40美金","20-40单","低价品"
"1","PEN PIN PULLY MIO M3 MIO Z AEROX 155 LEXI NMAX N MAX SUPEROriginal","PEN PIN PULLY MIO M3 MIO Z AEROX 155 LEXI NMAX N MAX SUPEROriginal","3.58","https://cf.shopee.ph/file/id-11134207-81ztf-merdw9n24vsz57","http://shopee.ph/product/1403497372/41669243945","摩托车零配件","传动系统、变速器和离合器","IVCN202608175577","'198705110141","无同款","P1","'08-20","'41669243945","3.58","","20-40美金","20-40单","低价品"
"1","铃木橡胶气缸垫气缸盖罩老款Satria fuSUZUKI","铃木橡胶气缸垫气缸盖罩老款Satria fuSUZUKI","3.57","https://cf.shopee.ph/file/621cd362c1b6ac43bcc496ea1faf6455","http://shopee.ph/product/344647910/3667075265","摩托车零配件","其他的","IVCN202608175017","'22987981715","https://detail.1688.com/offer/902617660617.html?fromkv=cbuPcPlugin:imageSearchDrawerCard&spm=a2639h.29135425.offerlist.i11&source=action%23offerItem%3Borigin%23down-ph.img.susercontent.com&amug_biz=oneself&amug_fl_src=awakeId_982","P1","'08-20","'3667075265","3.57","","20-40美金","20-40单","中价品"
"1","Beat KVY化油器齿轮组齿轮总成","Beat KVY化油器齿轮组齿轮总成","3.57","https://cf.shopee.ph/file/ab6a08de654226d43c8982bcb69dc077","http://shopee.ph/product/555834879/12426593818","摩托车零配件","传动系统、变速器和离合器","IVCN202608174885","'113041372039","无同款","P1","'08-20","'12426593818","3.57","","20-40美金","20-40单","中价品"
"1","TTO 密封件 12.5*37*13.4 雅马哈 MX、Vixion、天蝎座","TTO 密封件 12.5*37*13.4 雅马哈 MX、Vixion、天蝎座","3.56","https://cf.shopee.ph/file/5a440f06d1be8e581827af14cfc34f22","http://shopee.ph/product/427715164/26004279012","摩托车零配件","其他的","IVCN202608171813","'137968938182","相似款：https://detail.1688.com/offer/748581962676.html?spm=a26352.b28411319.offerlist.2.40411e62SuhrNE","P1","'08-20","'26004279012","3.56","","20-40美金","20-40单","低价品"
"1","适用于 Vario 125/150 和 SMOKE 的全新透明镜片 - 摩托车挡风玻璃","清除","3.56","https://cf.shopee.ph/file/2c0b06075a90104bd1a70acd0eb31f18","http://shopee.ph/product/325621113/19232956490","摩托车配件","其他的","IVCN202608176501","'211697540025","相似款：https://detail.1688.com/offer/701461421976.html?spm=a26352.b28411319.offerlist.6.69101e6291oDcV","P1","'08-20","'19232956490","3.56","","20-40美金","20-40单","中价品"
"1","28厘米头盔装饰蝴蝶结女骑手头盔配件节日DIY丝带摩托车头盔配件贴纸","style-cc-1","3.55","https://cf.shopee.ph/file/cn-11134207-820l4-mmjpzgpp3j0v33","http://shopee.ph/product/344783815/45408116954","摩托车头盔及配件","","IVCN202608175821","'345719334568","相似款：https://detail.1688.com/offer/961741666577.html?spm=a26352.b28411319/2508.0.0","P0","'08-20","'45408116954","3.55","","20-40美金","20-40单","中价品"
"1","Mio Sporty Soul Fino 老款 5TL 化油器维修套件","Mio Sporty Soul Fino 老款 5TL 化油器维修套件","3.48","https://cf.shopee.ph/file/0298ef6636d15b62b909ce00a3212014","http://shopee.ph/product/344663007/6072825166","摩托车零配件","燃油系统","IVCN202608175551","'33015648623","无同款","P1","'08-20","'6072825166","3.48","","20-40美金","20-40单","中价品"
"1","KENADA RACING 回弹式前减震器 GIORNO 125 LEAD 125 WAVE DREAM SONIC PCX150 ADV 150 FORZA 250 300 减少前减震器内的油量","BZHT-WAVE-B-2PCS","3.46","https://cf.shopee.ph/file/sg-11134201-824hl-mezh5ezqgzyl44","http://shopee.ph/product/139042172/41720722293","摩托车零配件","燃油系统","IVCN202608175767","'266692772067","https://detail.1688.com/offer/998652936380.html?kj_agent_plugin=aliprice&fromkv=xytTrace:21080f7717669801308771163e1020&token=Go1Afx9RqI8qy79yu3f9%2Fk536mrwT3k93MP2gndAVGhjW8Od%2BLcdFO021U7CuIRy","P1","'08-20","'41720722293","3.46","","20-40美金","20-40单","低价品"
"1","MP11 MP15 二冲程化油器 CG430 CG520 43 47 49 50cc 汽油踏板车自行车割草机灌木切割机链锯配件化油器附件","15毫米","3.42","https://cf.shopee.ph/file/487d644b9853bf4ffb422463b39c2f5e","http://shopee.ph/product/923123335/22715285721","摩托车零配件","燃油系统","IVCN202608174979","'193651657862","相似款：https://detail.1688.com/offer/620021026112.html?kj_agent_plugin=aliprice&fromkv=xytTrace:0","P1","'08-20","'22715285721","3.42","","20-40美金","20-40单","中价品"
"1","PCX 150 老款 ADV 150 磁力风扇发动机风扇","PCX 150 老款 ADV 150 磁力风扇发动机风扇","3.41","https://cf.shopee.ph/file/id-11134207-7qul9-lhr65ba7r20gcb","http://shopee.ph/product/958239125/21380634823","摩托车零配件","传动系统、变速器和离合器","IVCN202608174681","'29387968770","无同款","P1","'08-20","'21380634823","3.41","","20-40美金","20-40单","中价品"
"1","2015款雅马哈MX King 150黑色条纹标准车身清单","2015款雅马哈MX King 150黑色条纹标准车身清单","3.4","https://cf.shopee.com.my/file/e3297998b0a9127cdbe80aac28939fd4","http://shopee.com.my/product/243110479/5428674194","摩托车配件","贴纸、标志和徽章","IVCN202608175223","'22058103917","相似款：https://detail.1688.com/offer/702191741129.html?fromkv=cbuPcPlugin:imageSearchDrawerCard&spm=a2639h.29135425.offerlist.i0&source=action%23offerItem%3Borigin%23shopee.com.my&amug_biz=oneself&amug_fl_src=awakeId_982","P1","'08-20","'5428674194","3.4","","20-40美金","20-40单","中价品"
"1","雅马哈3D立体浮雕标志贴纸,柔性树脂材质,彩虹铬全息图颜色,6个装。","全息图","3.4","https://cf.shopee.ph/file/id-11134207-7ra0q-mdc3y9dvjvo865","http://shopee.ph/product/1024538854/46505624469","摩托车配件","贴纸、标志和徽章","IVCN202608175361","'405507344095","相似款：https://detail.1688.com/offer/768657967339.html?kj_agent_plugin=aliprice&fromkv=xytTrace:213f867c17785692788603779e0f11&token=2w6ilWoNpaoHSwi%2BDRP6qC%2BY3idVholTQI%2F4oImp3YdZJ8ybpxkJR6evgKVz4tQf","P1","'08-20","'46505624469","3.4","","20-40美金","20-40单","低价品"
"1","（1件）雅马哈 MIO 气门室盖 JUPITER Z/ VEGA CRYPTON BOYRENK RACING/","（1件）雅马哈 MIO 气门室盖 JUPITER Z/ VEGA CRYPTON BOYRENK RACING/","3.36","https://cf.shopee.ph/file/id-11134207-7rash-m3f3gfv6epdab7","http://shopee.ph/product/400930508/24693642240","摩托车零配件","其他的","IVCN202608170759","'248096740810","无同款","P1","'08-20","'24693642240","3.36","","20-40美金","20-40单","低价品"
"1","赛车赞助商贴纸内容 29 - 赞助商贴纸/摩托车贴纸 - Ipone HRC RCB Racertees Uma Racing","赛车赞助商贴纸内容 29 - 赞助商贴纸/摩托车贴纸 - Ipone HRC RCB Racertees Uma Racing","3.34","https://cf.shopee.ph/file/7aeaf830c6bad3bbf2b3cb97d4d54a8a","http://shopee.ph/product/352871497/14184742633","摩托车配件","贴纸、标志和徽章","IVCN202608175825","'172815439275","相似款：https://detail.1688.com/offer/696929211209.html?kj_agent_plugin=aliprice&fromkv=xytTrace:210790e117515284129003748e0fa5&token=CE2jalW3E5rkuRhbQMkrK%2B7Snk9iYCt2j1PzpvCE1o1OdmLnt1LfEx%2BveFLrHlWj","P1","'08-20","'14184742633","3.34","","20-40美金","20-40单","低价品"
"1","10根黑色燃油软管,适用于中国产4500/5200型45cc/52cc/58cc链锯,型号MT-9999,塑料燃油软管,工具配件","10根黑色燃油软管,适用于中国产4500/5200型45cc/52cc/58cc链锯,型号MT-9999,塑料燃油软管,工具配件","3.33","https://cf.shopee.ph/file/cn-11134211-7r98o-lqir6u0c5q8o79","http://shopee.ph/product/367074809/11058622741","摩托车零配件","燃油系统","IVCN202608175515","'85281994083","https://detail.1688.com/offer/562053738976.html?fromkv=cbuPcPlugin:imageSearchDrawerCard&spm=a2639h.29135425.offerlist.i3&source=action%23offerItem%3Borigin%23shopee.ph&amug_biz=oneself&amug_fl_src=awakeId_982","P1","'08-20","'11058622741","3.33","","20-40美金","20-40单","低价品"
"1","博世Piccolo摩托车喇叭12V","博世Piccolo摩托车喇叭12V","3.3","https://cf.shopee.ph/file/ph-11134207-7qul3-lhe63oobvkdia9","http://shopee.ph/product/962280353/22743941511","摩托车零配件","喇叭和配件","IVCN202608176431","'204328836605","https://detail.1688.com/offer/659540187937.html?spm=a26352.b28411319.offerlist.6.41801e62ZHJnWM&cosite=-&tracelog=p4p&_p_isad=1&clickid=39172584dec04a5d966cce5c4596755b&sessionid=1c43c172085442e2dfccb0bf34e92e2d","P0","'08-20","'22743941511","3.3","","40-60美金","40-60单","中价品"
"1","挡泥板 Vario 125 150 挡泥板挡泥板","清除","3.3","https://cf.shopee.ph/file/sg-11134201-22100-tmuqtg2thjivbf","http://shopee.ph/product/538699603/14394427227","摩托车配件","其他的","IVCN202608176571","'137021307489","无同款","P1","'08-20","'14394427227","3.3","","40-60美金","40-60单","低价品"
"1","适用于雅马哈 MIOI125/M3 扭矩驱动轴承套装 雅马哈原装 2PH-E7678-00 MotoNova","适用于雅马哈 MIOI125/M3 扭矩驱动轴承套装 雅马哈原装 2PH-E7678-00 MotoNova","3.27","https://cf.shopee.ph/file/sg-11134201-820m4-mo17mi7zi4ud69","http://shopee.ph/product/1564422089/46310250709","摩托车零配件","传动系统、变速器和离合器","IVCN202608176623","'430898559573","相似款：https://detail.1688.com/offer/585354544276.html?spm=a26352.b28411319/2508.0.0","P1","'08-20","'46310250709","3.27","","20-40美金","20-40单","低价品"
"1","TOMOL HAZARD BUTTON KYZ HAZARD TURN SIGNAL SWITCH VARIO 125 SEN BEAT FI HAZARD STREETBEAT","TOMOL HAZARD BUTTON KYZ HAZARD TURN SIGNAL SWITCH VARIO 125 SEN BEAT FI HAZARD STREETBEAT","3.27","https://cf.shopee.ph/file/id-11134207-8224y-ml7cjnb0ukn7f4","http://shopee.ph/product/319223977/23380423346","摩托车零配件","灯光","IVCN202608172593","'222030835920","相似款：https://detail.1688.com/offer/829621698947.html?kj_agent_plugin=aliprice&fromkv=xytTrace:0","P1","'08-20","'23380423346","3.27","","20-40美金","20-40单","低价品"
"1","Supra X 125 喷油伞阀组 Supra X 125 喷油 KYZ","Supra X 125 喷油伞阀组 Supra X 125 喷油 KYZ","3.21","https://cf.shopee.ph/file/id-11134207-81ztg-mqobxv7zhatqb9","http://shopee.ph/product/727598051/26900226245","摩托车零配件","其他的","IVCN202608173941","'138945183709","无同款","P1","'08-20","'26900226245","3.21","","20-40美金","20-40单","低价品"
"1","适用于 DAYTONA SuperStock、Super Stock、ADV 160 ABS、PCX 160 ABS、STYLO 160 ABS 的原装前后刹车片","适用于 DAYTONA SuperStock、Super Stock、ADV 160 ABS、PCX 160 ABS、STYLO 160 ABS 的原装前后刹车片","3.2","https://cf.shopee.ph/file/id-11134207-7r98o-lknazkwatt01bc","http://shopee.ph/product/954767974/43120578768","摩托车零配件","制动系统","IVCN202608171163","'276681790344","https://detail.1688.com/offer/756772744352.html?kj_agent_plugin=aliprice&fromkv=xytTrace%3A0&tracelog=cps&clickid=172b2a10c0ad2f999bfbab89eae19b6a&targetUrl=https%3A%2F%2Fs.click.1688.com%2Ft%3Fe%3DD2DC7A927D55C03D6511A0CCA913FD65D6FA062685DFF8F7D920A558D1D5758C4B369BE324A83E744B8F19128B0D93E33FB8088B45F57B9E47F28FD2CC0E231B18AD4F779334558760FEF997084D4D5331EB6FC8DBCADED4C6C8CEEEE21320CC4BD39EA2FE12E3B18285309CA0217BF144F447C1A9877969350B6787A645894C4E4DC50486166819348394BC3CC3C62B9992F8828C4BE89227BF7BF5FC97A2D556ADE00C04E0FC3A277A5274A5D045CE3E8ACA1B8E2A6C0E1BE0A278E420062282A10D6D04800EC972FC1871990C74C69EAC34F9957C4DAEFBFD07423276E66863077640F5C4F9A73D17E49D1CED7A32%26cbu_cps_trace_flag%3Dwrite","P0","'08-20","'43120578768","3.2","","20-40美金","20-40单","高价品"
"1","雅马哈 Aerox V3 V2 V1 NMAX Mio Sniper 前刹车卡钳螺栓 通用不锈钢螺栓","蓝色（2件）","3.2","https://cf.shopee.ph/file/cn-11134207-7ras8-m3owu3fymz8v85","http://shopee.ph/product/989754302/27270479383","摩托车零配件","制动系统","IVCN202608175503","'233579183021","https://detail.1688.com/offer/570960672905.html?kj_agent_plugin=aliprice&fromkv=xytTrace:0","P0","'08-20","'27270479383","3.2","","20-40美金","20-40单","中价品"
"1","Mio M3 2PH 阀门套件 Mio M3 2PH 阀门伞","Mio M3 2PH 阀门套件 Mio M3 2PH 阀门伞","3.19","https://cf.shopee.ph/file/id-11134201-7r98y-lx11rgp833h787","http://shopee.ph/product/727598051/21486146808","摩托车零配件","其他的","IVCN202608170867","'214736603534","相似款：https://detail.1688.com/offer/918500894105.html?spm=a26352.b28411319.offerlist.12.4b481e627Ekm23","P1","'08-20","'21486146808","3.19","","20-40美金","20-40单","低价品"
"1","原装雅马哈 Nmax New Aerox 6 针 CCU 插座","原装雅马哈 Nmax New Aerox 6 针 CCU 插座","3.18","https://cf.shopee.ph/file/id-11134207-7r98t-lqlaeqd27fnqac","http://shopee.ph/product/1672806393/40876352687","其他的","","IVCN202608174993","'262148990068","无同款","P1","'08-20","'40876352687","3.18","","20-40美金","20-40单","低价品"
"1","雅马哈 1 套启动轴 BOSH 曲柄凸台 Selahan BOSH + 密封件 / SIL + 卡簧运动雅马哈 Mio / Soul / GT / Mio J / M3 / Fino / Nouvo Old Mio","雅马哈 1 套启动轴 BOSH 曲柄凸台 Selahan BOSH + 密封件 / SIL + 卡簧运动雅马哈 Mio / Soul / GT / Mio J / M3 / Fino / Nouvo Old Mio","3.17","https://cf.shopee.ph/file/id-11134207-81zto-mqrslws1h5oia4","http://shopee.ph/product/1202220397/29807165717","摩托车零配件","其他的","IVCN202608176599","'138004135727","无同款","P1","'08-20","'29807165717","3.17","","20-40美金","20-40单","低价品"
"1","D2激光聚光灯安装支架,适用于Nmax Turbo、Neo Techmax、Nmax Old、Nmax New、Aerox Old和Aerox New,全CNC材质","D2激光聚光灯安装支架,适用于Nmax Turbo、Neo Techmax、Nmax Old、Nmax New、Aerox Old和Aerox New,全CNC材质","3.15","https://cf.shopee.ph/file/id-11134207-7rasg-m52bxanb3hm0dd","http://shopee.ph/product/337710101/27673629043","摩托车零配件","灯光","IVCN202608176421","'185725268331","无同款","P1","'08-20","'27673629043","3.15","","20-40美金","20-40单","中价品"
"1","适用于 Xrm125 Fi RS125 Fi Beat Fi V1 V2 V3、Scoopy Fi、Zoomer、RS125fi Xrm125 Fi (37750-K16-A21) 的油温传感器","适用于 Xrm125 Fi RS125 Fi Beat Fi V1 V2 V3、Scoopy Fi、Zoomer、RS125fi Xrm125 Fi (37750-K16-A21) 的油温传感器","3.13","https://cf.shopee.ph/file/sg-11134201-7rdyb-m02gssu8b8z268","http://shopee.ph/product/139042172/28110990354","摩托车零配件","其他的","IVCN202608175869","'246575869888","相似款：https://detail.1688.com/offer/988665667374.html?fromkv=cbuPcPlugin:imageSearchDrawerCard&spm=a2639h.29135425.offerlist.i1&source=action%23offerItem%3Borigin%23shopee.ph&amug_biz=oneself&amug_fl_src=awakeId_982","P1","'08-20","'28110990354","3.13","","20-40美金","20-40单","低价品"
"1","离合器铆钉安装跟踪器","离合器铆钉安装跟踪器","3.11","https://cf.shopee.ph/file/id-11134207-7r98z-lw6eqqrum2wea6","http://shopee.ph/product/1268405547/26151871547","摩托车零配件","传动系统、变速器和离合器","IVCN202608174995","'255962901634","无同款","P1","'08-20","'26151871547","3.11","","20-40美金","20-40单","高价品"
"1","橡胶转向灯 vixion byson OLD scorpion R25 3C1","橡胶转向灯 vixion byson OLD scorpion R25 3C1","3.08","https://cf.shopee.ph/file/5a26cb6585367eb6dae845fe9bdfe198","http://shopee.ph/product/328838439/27217045664","摩托车零配件","灯光","IVCN202608175597","'236998344915","相似款：https://detail.1688.com/offer/674725174869.html?spm=a26352.b28411319/2508.0.0.38e21e620mDE2a&cosite=-&tracelog=p4p&_p_isad=1&clickid=c882553606a94a7fb15b2843b068bae1&sessionid=57c1194451093764852703848cad5f51","P1","'08-20","'27217045664","3.08","","20-40美金","20-40单","低价品"
"1","1 件摩托车通用 PU 皮革复古咖啡赛车座椅平鞍垫黑色/棕色","黑人","3.08","https://cf.shopee.ph/file/ph-11134207-81zth-mipnbbjv8bnr12","http://shopee.ph/product/857950199/20280473105","摩托车配件","座椅和座椅套","IVCN202608176139","'98719935639","https://detail.1688.com/offer/576696992075.html?kj_agent_plugin=aliprice&fromkv=xytTrace:0https://detail.1688.com/offer/620853917908.html?kj_agent_plugin=aliprice&fromkv=xytTrace:0","P1","'08-20","'20280473105","3.08","","20-40美金","20-40单","高价品"
"1","Tma~（现货）适用于 CFMoto CF500 500cc CF600 600cc X5 X6 X8 ATV UTV 的前刹车片（2 片装）","Tma~（现货）适用于 CFMoto CF500 500cc CF600 600cc X5 X6 X8 ATV UTV 的前刹车片（2 片装）","3.02","https://cf.shopee.co.th/file/sg-11134201-7qvdn-lgamrmstuhdged","http://shopee.co.th/product/600720775/20180775382","摩托车零配件","制动系统","IVCN202608171509","'221701722779","https://detail.1688.com/offer/756772744352.html?fromkv=cbuPcPlugin:imageSearchDrawerCard&spm=a2639h.29135425.offerlist.i2&source=action%23offerItem%3Borigin%23shopee.co.th&amug_biz=oneself&amug_fl_src=awakeId_982","P1","'08-20","'20180775382","3.02","","20-40美金","20-40单","低价品"
"1","通用鼻罩 | 适用于所有类型全盔的橡胶鼻罩,包括 INK KYT Kargloss Shoei KBC || 头盔导流板","通用型鼻托","3.01","https://cf.shopee.ph/file/id-11134207-7r98y-lsr7hfm1tmp34e","http://shopee.ph/product/322580011/43822707475","摩托车头盔及配件","","IVCN202608175289","'281845002292","相似款：https://detail.1688.com/offer/1015943412983.html?fromkv=cbuPcPlugin:imageSearchDrawerCard&spm=a2639h.29135425.offerlist.i7&source=action%23offerItem%3Borigin%23shopee.ph&amug_biz=oneself&amug_fl_src=awakeId_982","P1","'08-20","'43822707475","3.01","","20-40美金","20-40单","低价品"
"1","越野摩托车赛车发动机气门 xrm110 wave100 Mio Sporty 24/28 26/30 (5mm 轻量化) 24/28mm","发动机气门 BIG,24/28","46.13","https://cf.shopee.ph/file/ph-11134207-7rasl-m51ootzdc30j17","http://shopee.ph/product/169498636/9371553230","摩托车零配件","其他的","IVCN202608172855","'185724429049","无同款","P1","'08-20","'9371553230","","","","","高价品"
"1","摩托车前大灯总成 Mio i 125 原装正品 / mio125 (本地)","前照灯总成","42.49","https://cf.shopee.ph/file/ph-11134207-7rasj-m71xau18ntlhf6","http://shopee.ph/product/47842422/7695780518","摩托车零配件","灯光","IVCN202608176009","'129269475644","https://detail.1688.com/offer/895093142880.html?kj_agent_plugin=aliprice&fromkv=xytTrace:0","P1","'08-20","'7695780518","","","","","高价品"
"1","Aerox 新款前盖,nvx v2 碳纤维凯夫拉","斜纹布","137.1","https://cf.shopee.com.my/file/id-11134207-8224u-mkghy12kucqwa2","http://shopee.com.my/product/1489705621/48155972228","摩托车零配件","车身及车架","IVCN202608172877","'390539689250","相似款：https://detail.1688.com/offer/896823502462.html?spm=a26352.b28411319/2508.0.0","P1","'08-20","'48155972228","","","","","高价品"
"1","Vespa Lx s gts sprint primavera 侧架。Vespa 摩托车配件 侧包","黑色的","30.19","https://cf.shopee.com.my/file/id-11134207-7rbk9-mau00onin3pu69","http://shopee.com.my/product/1161558287/42654042359","摩托车配件","盒子和箱子","IVCN202608175999","'234285388487","无同款","P1","'08-20","'42654042359","","","","","高价品"
"1","TMX/TMS/XL/SNIPER150 离合器减震器套装 (HPI) (原厂件号：04915-437-P00)","TMX/TMS/XL/SNIPER150 离合器减震器套装 (HPI) (原厂件号：04915-437-P00)","3.79","https://cf.shopee.ph/file/ph-11134207-7rasb-m9uz7d1yg2sz83","http://shopee.ph/product/312071229/3358420046","摩托车零配件","传动系统、变速器和离合器","IVCN202608175669","'71463525880","无同款","P1","'08-20","'3358420046","","","","","低价品"
"1","适用于 Mio Sporty、Mio Soul、Jupiter MX 5TL 的右上刹车总泵","适用于 Mio Sporty、Mio Soul、Jupiter MX 5TL 的右上刹车总泵","10.39","https://cf.shopee.ph/file/id-11134207-7qul0-lj6s1dopdtsx24","http://shopee.ph/product/441584730/2985764485","摩托车零配件","制动系统","IVCN202608172925","'93907661402","相似款：https://detail.1688.com/offer/625777669444.html?kj_agent_plugin=aliprice&fromkv=xytTrace:0","P1","'08-20","'2985764485","","","","","高价品"
"1","适用于雅马哈 Mio 运动型 Smile Mio Soul 化油器、Fino 化油器、Xeon 化油器的摩托车前后刹车手柄套装","一套","5.19","https://cf.shopee.ph/file/id-11134207-7r98r-lyv2omccu294ae","http://shopee.ph/product/915841389/29607728020","摩托车零配件","制动系统","IVCN202608175985","'89621397095","https://detail.1688.com/offer/996890279976.html?kj_agent_plugin=aliprice&fromkv=xytTrace:0b0fdc4f17847144489943783e0c1a&token=ai0acNVKAjhAG3MO97eJTp3AO328wkKH7KoGtmy1NPHNxnGt7Y57hGSDVEB%2Bc5gG","P1","'08-20","'29607728020","","","","","中价品"
"1","摩托车支架 PG1 雅马哈中心支架 (DSEC-06414)","摩托车支架 PG1 雅马哈中心支架 (DSEC-06414)","13.52","https://cf.shopee.ph/file/ph-11134207-81zto-mdzfs41122v7ff","http://shopee.ph/product/125116170/27804158116","摩托车零配件","车身及车架","IVCN202608175989","'256114251175","相似款：https://detail.1688.com/offer/677748577280.html?kj_agent_plugin=aliprice&fromkv=xytTrace:0bb405a417687888607095170e10ea&token=k%2ByDKnXHK3Orel6F%2FEgOOmmGuThW%2FV%2FZ42%2F3t8XGsNFif0Lt5ymhSK7EGCKrAUu6","P1","'08-20","'27804158116","","","","","高价品"
"1","Klx 反向脚踏安装脚踏板","持有者","49.31","https://cf.shopee.ph/file/id-11134207-8224z-mgi4r9aigsuhcb","http://shopee.ph/product/817232638/26462752429","摩托车零配件","车身及车架","IVCN202608175997","'360053708672","无同款","P1","'08-20","'26462752429","","","","","高价品"
"1","MESIN 发动机护罩套装 车架发动机护罩 CRF 150L 缸体保护器","MESIN 发动机护罩套装 车架发动机护罩 CRF 150L 缸体保护器","9.04","https://cf.shopee.ph/file/id-11134207-7r98y-lx9hvgs3d9d868","http://shopee.ph/product/1002342480/26304409871","摩托车零配件","车身及车架","IVCN202608176007","'207626622648","https://detail.1688.com/offer/1008453493445.html?kj_agent_plugin=aliprice&fromkv=xytTrace:2133d7d417842788792278165e0cad&token=FSqwjEWChGNUfNjyaxR7joACq4%2FwbXp4%2Bv%2Bs%2FMFcl5t9e22%2FGLytyq8UgWNdNermhttps://detail.1688.com/offer/986744466161.html?kj_agent_plugin=aliprice&fromkv=xytTrace:210702e017842789634072863e0e06&token=c7skAB3p7lGs%2BP19M7p%2B8Bs0migXLB0meuElHvPaKV8OMd%2FWhuR0NrqxyconrfYq","P1","'08-20","'26304409871","","","","","高价品"
"1","INSMART 1对 DC8V-85V LED射灯,小型驾驶灯,白光+黄光,通用高品质摩托车LED雾灯（白光+黄光）","新款 100W（黄+白）","23.5","https://cf.shopee.co.th/file/cn-11134207-7r98o-lo6lbe0axubrb1","http://shopee.co.th/product/983514436/22768648535","摩托车零配件","灯光","IVCN202608176031","'137678266131","相似款：https://detail.1688.com/offer/821259363941.html?kj_agent_plugin=aliprice&fromkv=xytTrace:0","P0","'08-20","'22768648535","","","","","高价品"
"1","HIFAST摩托车护膝护肘四件套不锈钢骑行防摔防护装备","HIFAST摩托车护膝护肘四件套不锈钢骑行防摔防护装备","10.05","https://cf.shopee.ph/file/cn-11134207-7qukw-lk4xyz62y10d79","http://shopee.ph/product/1001377018/22675819716","其他的","","IVCN202608172927","'128699370607","https://detail.1688.com/offer/523160534731.html?fromkv=cbuPcPlugin:imageSearchDrawerCard&spm=a2639h.29135425.offerlist.i0&source=action%23offerItem%3Borigin%23shopee.ph&amug_biz=oneself&amug_fl_src=awakeId_982","P1","'08-20","'22675819716","","","","","中价品"
"1","摇臂阀 PLATUK 套件 2DP YANAHA NMAX 155 AEROX 155 LEXY 155","摇臂阀 PLATUK 套件 2DP YANAHA NMAX 155 AEROX 155 LEXY 155","52.43","https://cf.shopee.ph/file/158c2e41e08a6d06fa601831a30ba4f7","http://shopee.ph/product/345943626/20521694811","摩托车零配件","其他的","IVCN202608172859","'181143833722","https://detail.1688.com/offer/857298144091.html?spm=a26352.b28411319/2508.0.0","P1","'08-20","'20521694811","","","","","高价品"
"1","RS100 双人座椅组件（塑料框架）","RS100 双人座椅组件（塑料框架）","4.73","https://cf.shopee.ph/file/8e413f5001e1afd60720a7a50afbd830","http://shopee.ph/product/57447045/16360107983","摩托车零配件","车身及车架","IVCN202608172919","'162356859617","相似款：https://detail.1688.com/offer/733361664367.html?kj_agent_plugin=aliprice&fromkv=xytTrace:0","P1","'08-20","'16360107983","","","","","高价品"
"1","CVT 盖板,Nouvo Nuvo 轴板 Yamaha 5lw-E5191-00 原装","CVT 盖板,Nouvo Nuvo 轴板 Yamaha 5lw-E5191-00 原装","4.01","https://cf.shopee.ph/file/e9ace295e76c4ae132b743c9ac010b58","http://shopee.ph/product/344748360/12527592395","摩托车配件","其他的","IVCN202608175987","'27763404316","相似款：https://detail.1688.com/offer/1046744821084.html?fromkv=cbuPcPlugin:imageSearchDrawerCard&spm=a2639h.29135425.offerlist.i22&source=action%23offerItem%3Borigin%23shopee.ph&amug_biz=oneself&amug_fl_src=awakeId_982","P1","'08-20","'12527592395","","","","","中价品"
"1","（每单限购一袋,丢失概不负责）骆驼牌内胎,按袋出售,17英寸轮辋尺寸,规格有185x17、200x17、225x17、250x17、275x17。","275-17（50股）","9.02","https://cf.shopee.co.th/file/2e56354d10d1789a93e79541fc9e66a1","http://shopee.co.th/product/836025/10934591107","摩托车零配件","轮胎及配件","IVCN202608176013","'231707697203","相似款：https://detail.1688.com/offer/642783309389.html?spm=a26352.13672862.offerlist.9.169015a7HkAVMu&offerId=642783309389&sortType=&pageId=&abBizDataType=cbuOffer&trace_log=normal&uuid=abd6bce945a94bf3bfa1ac18dde5dbba&skuId=4628169065919&forcePC=1767517454383","P0","'08-20","'10934591107","","","","","高价品"
"0","","","","","","","","","","","","","","","","","",""
"0","","","","","","","","","","","","","","","","","",""
"0","","","","","","","","","","","","","","","","","",""
"0","","","","","","","","","","","","","","","","","",""
"0","","","","","","","","","","","","","","","","","",""
"0","","","","","","","","","","","","","","","","","",""
"0","","","","","","","","","","","","","","","","","",""
"0","","","","","","","","","","","","","","","","","",""
"0","","","","","","","","","","","","","","","","","",""
"0","","","","","","","","","","","","","","","","","",""
"0","","","","","","","","","","","","","","","","","",""
"0","","","","","","","","","","","","","","","","","",""
"0","","","","","","","","","","","","","","","","","",""
"0","","","","","","","","","","","","","","","","","",""
"0","","","","","","","","","","","","","","","","","",""
"0","","","","","","","","","","","","","","","","","",""
"0","","","","","","","","","","","","","","","","","",""
"0","","","","","","","","","","","","","","","","","",""
"0","","","","","","","","","","","","","","","","","",""
"0","","","","","","","","","","","","","","","","","",""
"0","","","","","","","","","","","","","","","","","",""
"0","","","","","","","","","","","","","","","","","",""
"0","","","","","","","","","","","","","","","","","",""
"0","","","","","","","","","","","","","","","","","",""
"0","","","","","","","","","","","","","","","","","",""
"0","","","","","","","","","","","","","","","","","",""
"0","","","","","","","","","","","","","","","","","",""
"0","","","","","","","","","","","","","","","","","",""
"0","","","","","","","","","","","","","","","","","",""
"0","","","","","","","","","","","","","","","","","",""
"0","","","","","","","","","","","","","","","","","",""
"0","","","","","","","","","","","","","","","","","",""
"0","","","","","","","","","","","","","","","","","",""
"0","","","","","","","","","","","","","","","","","",""
"0","","","","","","","","","","","","","","","","","",""
"0","","","","","","","","","","","","","","","","","",""
"0","","","","","","","","","","","","","","","","","",""
"0","","","","","","","","","","","","","","","","","",""
"0","","","","","","","","","","","","","","","","","",""
"0","","","","","","","","","","","","","","","","","",""
"0","","","","","","","","","","","","","","","","","",""
"0","","","","","","","","","","","","","","","","","",""
"0","","","","","","","","","","","","","","","","","",""
"0","","","","","","","","","","","","","","","","","",""
"0","","","","","","","","","","","","","","","","","",""
"0","","","","","","","","","","","","","","","","","",""
"0","","","","","","","","","","","","","","","","","",""
"0","","","","","","","","","","","","","","","","","",""
"0","","","","","","","","","","","","","","","","","",""
"0","","","","","","","","","","","","","","","","","",""
"0","","","","","","","","","","","","","","","","","",""
"0","","","","","","","","","","","","","","","","","",""
"0","","","","","","","","","","","","","","","","","",""
"0","","","","","","","","","","","","","","","","","",""
"0","","","","","","","","","","","","","","","","","",""
"0","","","","","","","","","","","","","","","","","",""
"0","","","","","","","","","","","","","","","","","",""
"0","","","","","","","","","","","","","","","","","",""
"0","","","","","","","","","","","","","","","","","",""
"0","","","","","","","","","","","","","","","","","",""
"0","","","","","","","","","","","","","","","","","",""
"0","","","","","","","","","","","","","","","","","",""
"0","","","","","","","","","","","","","","","","","",""
"0","","","","","","","","","","","","","","","","","",""
"0","","","","","","","","","","","","","","","","","",""
"0","","","","","","","","","","","","","","","","","",""
"0","","","","","","","","","","","","","","","","","",""
"0","","","","","","","","","","","","","","","","","",""
"0","","","","","","","","","","","","","","","","","",""
"0","","","","","","","","","","","","","","","","","",""
"0","","","","","","","","","","","","","","","","","",""
"0","","","","","","","","","","","","","","","","","",""
"0","","","","","","","","","","","","","","","","","",""
"0","","","","","","","","","","","","","","","","","",""
"0","","","","","","","","","","","","","","","","","",""
"0","","","","","","","","","","","","","","","","","",""
"0","","","","","","","","","","","","","","","","","",""
"0","","","","","","","","","","","","","","","","","",""
"0","","","","","","","","","","","","","","","","","",""
"0","","","","","","","","","","","","","","","","","",""
"0","","","","","","","","","","","","","","","","","",""
"0","","","","","","","","","","","","","","","","","",""
"0","","","","","","","","","","","","","","","","","",""
"0","","","","","","","","","","","","","","","","","",""
"0","","","","","","","","","","","","","","","","","",""
"0","","","","","","","","","","","","","","","","","",""
"0","","","","","","","","","","","","","","","","","",""
"0","","","","","","","","","","","","","","","","","",""
"0","","","","","","","","","","","","","","","","","",""
"0","","","","","","","","","","","","","","","","","",""
"0","","","","","","","","","","","","","","","","","",""
"0","","","","","","","","","","","","","","","","","",""
"0","","","","","","","","","","","","","","","","","",""
"0","","","","","","","","","","","","","","","","","",""
"0","","","","","","","","","","","","","","","","","",""
"0","","","","","","","","","","","","","","","","","",""
"0","","","","","","","","","","","","","","","","","",""
"0","","","","","","","","","","","","","","","","","",""
"0","","","","","","","","","","","","","","","","","",""
"0","","","","","","","","","","","","","","","","","",""
"0","","","","","","","","","","","","","","","","","",""
"0","","","","","","","","","","","","","","","","","",""
"0","","","","","","","","","","","","","","","","","",""
"0","","","","","","","","","","","","","","","","","",""
"0","","","","","","","","","","","","","","","","","",""
"0","","","","","","","","","","","","","","","","","",""
"0","","","","","","","","","","","","","","","","","",""
"0","","","","","","","","","","","","","","","","","",""
"0","","","","","","","","","","","","","","","","","",""
"0","","","","","","","","","","","","","","","","","",""
"0","","","","","","","","","","","","","","","","","",""
"0","","","","","","","","","","","","","","","","","",""
"0","","","","","","","","","","","","","","","","","",""
"0","","","","","","","","","","","","","","","","","",""
"0","","","","","","","","","","","","","","","","","",""
"0","","","","","","","","","","","","","","","","","",""
"0","","","","","","","","","","","","","","","","","",""
"0","","","","","","","","","","","","","","","","","",""
"0","","","","","","","","","","","","","","","","","",""
"0","","","","","","","","","","","","","","","","","",""
"0","","","","","","","","","","","","","","","","","",""
"0","","","","","","","","","","","","","","","","","",""
"0","","","","","","","","","","","","","","","","","",""
"0","","","","","","","","","","","","","","","","","",""
"0","","","","","","","","","","","","","","","","","",""
"0","","","","","","","","","","","","","","","","","",""
"0","","","","","","","","","","","","","","","","","",""
"0","","","","","","","","","","","","","","","","","",""
"0","","","","","","","","","","","","","","","","","",""
"0","","","","","","","","","","","","","","","","","",""
"0","","","","","","","","","","","","","","","","","",""
"0","","","","","","","","","","","","","","","","","",""
"0","","","","","","","","","","","","","","","","","",""
"0","","","","","","","","","","","","","","","","","",""
"0","","","","","","","","","","","","","","","","","",""
"0","","","","","","","","","","","","","","","","","",""
"0","","","","","","","","","","","","","","","","","",""
"0","","","","","","","","","","","","","","","","","",""
"0","","","","","","","","","","","","","","","","","",""
"0","","","","","","","","","","","","","","","","","",""
"0","","","","","","","","","","","","","","","","","",""
"0","","","","","","","","","","","","","","","","","",""
"0","","","","","","","","","","","","","","","","","",""
"0","","","","","","","","","","","","","","","","","",""
"0","","","","","","","","","","","","","","","","","",""
"0","","","","","","","","","","","","","","","","","",""
"0","","","","","","","","","","","","","","","","","",""
"0","","","","","","","","","","","","","","","","","",""
"0","","","","","","","","","","","","","","","","","",""
"0","","","","","","","","","","","","","","","","","",""
"0","","","","","","","","","","","","","","","","","",""
"0","","","","","","","","","","","","","","","","","",""
"0","","","","","","","","","","","","","","","","","",""
"0","","","","","","","","","","","","","","","","","",""
"0","","","","","","","","","","","","","","","","","",""
"0","","","","","","","","","","","","","","","","","",""
"0","","","","","","","","","","","","","","","","","",""
"0","","","","","","","","","","","","","","","","","",""
"0","","","","","","","","","","","","","","","","","",""
"0","","","","","","","","","","","","","","","","","",""
"0","","","","","","","","","","","","","","","","","",""
"0","","","","","","","","","","","","","","","","","",""
"0","","","","","","","","","","","","","","","","","",""
"0","","","","","","","","","","","","","","","","","",""
"0","","","","","","","","","","","","","","","","","",""
"0","","","","","","","","","","","","","","","","","",""
"0","","","","","","","","","","","","","","","","","",""
"0","","","","","","","","","","","","","","","","","",""
"0","","","","","","","","","","","","","","","","","",""
"0","","","","","","","","","","","","","","","","","",""
"0","","","","","","","","","","","","","","","","","",""
"0","","","","","","","","","","","","","","","","","",""
"0","","","","","","","","","","","","","","","","","",""
"0","","","","","","","","","","","","","","","","","",""
"0","","","","","","","","","","","","","","","","","",""
"0","","","","","","","","","","","","","","","","","",""
"0","","","","","","","","","","","","","","","","","",""
"0","","","","","","","","","","","","","","","","","",""
"0","","","","","","","","","","","","","","","","","",""
"0","","","","","","","","","","","","","","","","","",""
"0","","","","","","","","","","","","","","","","","",""
"0","","","","","","","","","","","","","","","","","",""
"0","","","","","","","","","","","","","","","","","",""
"0","","","","","","","","","","","","","","","","","",""
"0","","","","","","","","","","","","","","","","","",""
"0","","","","","","","","","","","","","","","","","",""
"0","","","","","","","","","","","","","","","","","",""
"0","","","","","","","","","","","","","","","","","",""
"0","","","","","","","","","","","","","","","","","",""
"0","","","","","","","","","","","","","","","","","",""
"0","","","","","","","","","","","","","","","","","",""
"0","","","","","","","","","","","","","","","","","",""
"0","","","","","","","","","","","","","","","","","",""
"0","","","","","","","","","","","","","","","","","",""
"0","","","","","","","","","","","","","","","","","",""
"0","","","","","","","","","","","","","","","","","",""
"0","","","","","","","","","","","","","","","","","",""
"0","","","","","","","","","","","","","","","","","",""
"0","","","","","","","","","","","","","","","","","",""
"0","","","","","","","","","","","","","","","","","",""
"0","","","","","","","","","","","","","","","","","",""
"0","","","","","","","","","","","","","","","","","",""
"0","","","","","","","","","","","","","","","","","",""
"0","","","","","","","","","","","","","","","","","",""
"0","","","","","","","","","","","","","","","","","",""
"0","","","","","","","","","","","","","","","","","",""
"0","","","","","","","","","","","","","","","","","",""
"0","","","","","","","","","","","","","","","","","",""
"0","","","","","","","","","","","","","","","","","",""
"0","","","","","","","","","","","","","","","","","",""
"0","","","","","","","","","","","","","","","","","",""
"0","","","","","","","","","","","","","","","","","",""
"0","","","","","","","","","","","","","","","","","",""
"0","","","","","","","","","","","","","","","","","",""
"0","","","","","","","","","","","","","","","","","",""
"0","","","","","","","","","","","","","","","","","",""
"0","","","","","","","","","","","","","","","","","",""
"0","","","","","","","","","","","","","","","","","",""
"0","","","","","","","","","","","","","","","","","",""
"0","","","","","","","","","","","","","","","","","",""
"0","","","","","","","","","","","","","","","","","",""
"0","","","","","","","","","","","","","","","","","",""
"0","","","","","","","","","","","","","","","","","",""
"0","","","","","","","","","","","","","","","","","",""
"0","","","","","","","","","","","","","","","","","",""
"0","","","","","","","","","","","","","","","","","",""
"0","","","","","","","","","","","","","","","","","",""
"0","","","","","","","","","","","","","","","","","",""
"0","","","","","","","","","","","","","","","","","",""
"0","","","","","","","","","","","","","","","","","",""
"0","","","","","","","","","","","","","","","","","",""
"0","","","","","","","","","","","","","","","","","",""
"0","","","","","","","","","","","","","","","","","",""
"0","","","","","","","","","","","","","","","","","",""
"0","","","","","","","","","","","","","","","","","",""
"0","","","","","","","","","","","","","","","","","",""
"0","","","","","","","","","","","","","","","","","",""
"0","","","","","","","","","","","","","","","","","",""
"0","","","","","","","","","","","","","","","","","",""
"0","","","","","","","","","","","","","","","","","",""
"0","","","","","","","","","","","","","","","","","",""
"0","","","","","","","","","","","","","","","","","",""
"0","","","","","","","","","","","","","","","","","",""
"0","","","","","","","","","","","","","","","","","",""
"0","","","","","","","","","","","","","","","","","",""
"0","","","","","","","","","","","","","","","","","",""
"0","","","","","","","","","","","","","","","","","",""
"0","","","","","","","","","","","","","","","","","",""
"0","","","","","","","","","","","","","","","","","",""
"0","","","","","","","","","","","","","","","","","",""
"0","","","","","","","","","","","","","","","","","",""
"0","","","","","","","","","","","","","","","","","",""
"0","","","","","","","","","","","","","","","","","",""
"0","","","","","","","","","","","","","","","","","",""
"0","","","","","","","","","","","","","","","","","",""
"0","","","","","","","","","","","","","","","","","",""
"0","","","","","","","","","","","","","","","","","",""
"0","","","","","","","","","","","","","","","","","",""
"0","","","","","","","","","","","","","","","","","",""
"0","","","","","","","","","","","","","","","","","",""
"0","","","","","","","","","","","","","","","","","",""
"0","","","","","","","","","","","","","","","","","",""
"0","","","","","","","","","","","","","","","","","",""
"0","","","","","","","","","","","","","","","","","",""
"0","","","","","","","","","","","","","","","","","",""
"0","","","","","","","","","","","","","","","","","",""
"0","","","","","","","","","","","","","","","","","",""
"0","","","","","","","","","","","","","","","","","",""
"0","","","","","","","","","","","","","","","","","",""
"0","","","","","","","","","","","","","","","","","",""
"0","","","","","","","","","","","","","","","","","",""
"0","","","","","","","","","","","","","","","","","",""
"0","","","","","","","","","","","","","","","","","",""
"0","","","","","","","","","","","","","","","","","",""
"0","","","","","","","","","","","","","","","","","",""
"0","","","","","","","","","","","","","","","","","",""
"0","","","","","","","","","","","","","","","","","",""
"0","","","","","","","","","","","","","","","","","",""
"0","","","","","","","","","","","","","","","","","",""
"0","","","","","","","","","","","","","","","","","",""
"0","","","","","","","","","","","","","","","","","",""
"0","","","","","","","","","","","","","","","","","",""
"0","","","","","","","","","","","","","","","","","",""
"0","","","","","","","","","","","","","","","","","",""
"0","","","","","","","","","","","","","","","","","",""
"0","","","","","","","","","","","","","","","","","",""
"0","","","","","","","","","","","","","","","","","",""
"0","","","","","","","","","","","","","","","","","",""
"0","","","","","","","","","","","","","","","","","",""
"0","","","","","","","","","","","","","","","","","",""
"0","","","","","","","","","","","","","","","","","",""
"0","","","","","","","","","","","","","","","","","",""
"0","","","","","","","","","","","","","","","","","",""
"0","","","","","","","","","","","","","","","","","",""
"0","","","","","","","","","","","","","","","","","",""
"0","","","","","","","","","","","","","","","","","",""
"0","","","","","","","","","","","","","","","","","",""
"0","","","","","","","","","","","","","","","","","",""
"0","","","","","","","","","","","","","","","","","",""
"0","","","","","","","","","","","","","","","","","",""
"0","","","","","","","","","","","","","","","","","",""
"0","","","","","","","","","","","","","","","","","",""
"0","","","","","","","","","","","","","","","","","",""
"0","","","","","","","","","","","","","","","","","",""
"0","","","","","","","","","","","","","","","","","",""
"0","","","","","","","","","","","","","","","","","",""
"0","","","","","","","","","","","","","","","","","",""
"0","","","","","","","","","","","","","","","","","",""
"0","","","","","","","","","","","","","","","","","",""
"0","","","","","","","","","","","","","","","","","",""
"0","","","","","","","","","","","","","","","","","",""
"0","","","","","","","","","","","","","","","","","",""
"0","","","","","","","","","","","","","","","","","",""
"0","","","","","","","","","","","","","","","","","",""
"0","","","","","","","","","","","","","","","","","",""
"0","","","","","","","","","","","","","","","","","",""
"0","","","","","","","","","","","","","","","","","",""
"0","","","","","","","","","","","","","","","","","",""
"0","","","","","","","","","","","","","","","","","",""
"0","","","","","","","","","","","","","","","","","",""
"0","","","","","","","","","","","","","","","","","",""
"0","","","","","","","","","","","","","","","","","",""
"0","","","","","","","","","","","","","","","","","",""
"0","","","","","","","","","","","","","","","","","",""
"0","","","","","","","","","","","","","","","","","",""
"0","","","","","","","","","","","","","","","","","",""
"0","","","","","","","","","","","","","","","","","",""
"0","","","","","","","","","","","","","","","","","",""
"0","","","","","","","","","","","","","","","","","",""
"0","","","","","","","","","","","","","","","","","",""
"0","","","","","","","","","","","","","","","","","",""
"0","","","","","","","","","","","","","","","","","",""
"0","","","","","","","","","","","","","","","","","",""
"0","","","","","","","","","","","","","","","","","",""
"0","","","","","","","","","","","","","","","","","",""
"0","","","","","","","","","","","","","","","","","",""
"0","","","","","","","","","","","","","","","","","",""
"0","","","","","","","","","","","","","","","","","",""
"0","","","","","","","","","","","","","","","","","",""
"0","","","","","","","","","","","","","","","","","",""
"0","","","","","","","","","","","","","","","","","",""
"0","","","","","","","","","","","","","","","","","",""
"0","","","","","","","","","","","","","","","","","",""
"0","","","","","","","","","","","","","","","","","",""
"0","","","","","","","","","","","","","","","","","",""
"0","","","","","","","","","","","","","","","","","",""
"0","","","","","","","","","","","","","","","","","",""
"0","","","","","","","","","","","","","","","","","",""
"0","","","","","","","","","","","","","","","","","",""
"0","","","","","","","","","","","","","","","","","",""
"0","","","","","","","","","","","","","","","","","",""
"0","","","","","","","","","","","","","","","","","",""
"0","","","","","","","","","","","","","","","","","",""
"0","","","","","","","","","","","","","","","","","",""
"0","","","","","","","","","","","","","","","","","",""
"0","","","","","","","","","","","","","","","","","",""
"0","","","","","","","","","","","","","","","","","",""
"0","","","","","","","","","","","","","","","","","",""
"0","","","","","","","","","","","","","","","","","",""
"0","","","","","","","","","","","","","","","","","",""
"0","","","","","","","","","","","","","","","","","",""
"0","","","","","","","","","","","","","","","","","",""
"0","","","","","","","","","","","","","","","","","",""
"0","","","","","","","","","","","","","","","","","",""
"0","","","","","","","","","","","","","","","","","",""
"0","","","","","","","","","","","","","","","","","",""
"0","","","","","","","","","","","","","","","","","",""
"0","","","","","","","","","","","","","","","","","",""
"0","","","","","","","","","","","","","","","","","",""
"0","","","","","","","","","","","","","","","","","",""
"0","","","","","","","","","","","","","","","","","",""
"0","","","","","","","","","","","","","","","","","",""
"0","","","","","","","","","","","","","","","","","",""
"0","","","","","","","","","","","","","","","","","",""
"0","","","","","","","","","","","","","","","","","",""
"0","","","","","","","","","","","","","","","","","",""
"0","","","","","","","","","","","","","","","","","",""
"0","","","","","","","","","","","","","","","","","",""
"0","","","","","","","","","","","","","","","","","",""
"0","","","","","","","","","","","","","","","","","",""
"0","","","","","","","","","","","","","","","","","",""
"0","","","","","","","","","","","","","","","","","",""
"0","","","","","","","","","","","","","","","","","",""
"0","","","","","","","","","","","","","","","","","",""
"0","","","","","","","","","","","","","","","","","",""
"0","","","","","","","","","","","","","","","","","",""
"0","","","","","","","","","","","","","","","","","",""
"0","","","","","","","","","","","","","","","","","",""
"0","","","","","","","","","","","","","","","","","",""
"0","","","","","","","","","","","","","","","","","",""
"0","","","","","","","","","","","","","","","","","",""
"0","","","","","","","","","","","","","","","","","",""
"0","","","","","","","","","","","","","","","","","",""
"0","","","","","","","","","","","","","","","","","",""
"0","","","","","","","","","","","","","","","","","",""
"0","","","","","","","","","","","","","","","","","",""
"0","","","","","","","","","","","","","","","","","",""
"0","","","","","","","","","","","","","","","","","",""
"0","","","","","","","","","","","","","","","","","",""
"0","","","","","","","","","","","","","","","","","",""
"0","","","","","","","","","","","","","","","","","",""
"0","","","","","","","","","","","","","","","","","",""
"0","","","","","","","","","","","","","","","","","",""
"0","","","","","","","","","","","","","","","","","",""
"0","","","","","","","","","","","","","","","","","",""
"0","","","","","","","","","","","","","","","","","",""
"0","","","","","","","","","","","","","","","","","",""
"0","","","","","","","","","","","","","","","","","",""
"0","","","","","","","","","","","","","","","","","",""
"0","","","","","","","","","","","","","","","","","",""
"0","","","","","","","","","","","","","","","","","",""
"0","","","","","","","","","","","","","","","","","",""
"0","","","","","","","","","","","","","","","","","",""
"0","","","","","","","","","","","","","","","","","",""
"0","","","","","","","","","","","","","","","","","",""
"0","","","","","","","","","","","","","","","","","",""
"0","","","","","","","","","","","","","","","","","",""
"0","","","","","","","","","","","","","","","","","",""
"0","","","","","","","","","","","","","","","","","",""
"0","","","","","","","","","","","","","","","","","",""
"0","","","","","","","","","","","","","","","","","",""
"0","","","","","","","","","","","","","","","","","",""
"0","","","","","","","","","","","","","","","","","",""
"0","","","","","","","","","","","","","","","","","",""
"0","","","","","","","","","","","","","","","","","",""
"0","","","","","","","","","","","","","","","","","",""
"0","","","","","","","","","","","","","","","","","",""
"0","","","","","","","","","","","","","","","","","",""
"0","","","","","","","","","","","","","","","","","",""
"0","","","","","","","","","","","","","","","","","",""
"0","","","","","","","","","","","","","","","","","",""
"0","","","","","","","","","","","","","","","","","",""
"0","","","","","","","","","","","","","","","","","",""
"0","","","","","","","","","","","","","","","","","",""
"0","","","","","","","","","","","","","","","","","",""
"0","","","","","","","","","","","","","","","","","",""
"0","","","","","","","","","","","","","","","","","",""
"0","","","","","","","","","","","","","","","","","",""
"0","","","","","","","","","","","","","","","","","",""
"0","","","","","","","","","","","","","","","","","",""
"0","","","","","","","","","","","","","","","","","",""
"0","","","","","","","","","","","","","","","","","",""
"0","","","","","","","","","","","","","","","","","",""
"0","","","","","","","","","","","","","","","","","",""
"0","","","","","","","","","","","","","","","","","",""
"0","","","","","","","","","","","","","","","","","",""
"0","","","","","","","","","","","","","","","","","",""
"0","","","","","","","","","","","","","","","","","",""
"0","","","","","","","","","","","","","","","","","",""
"0","","","","","","","","","","","","","","","","","",""
"0","","","","","","","","","","","","","","","","","",""
"0","","","","","","","","","","","","","","","","","",""
"0","","","","","","","","","","","","","","","","","",""
"0","","","","","","","","","","","","","","","","","",""
"0","","","","","","","","","","","","","","","","","",""
"0","","","","","","","","","","","","","","","","","",""
"0","","","","","","","","","","","","","","","","","",""
"0","","","","","","","","","","","","","","","","","",""
"0","","","","","","","","","","","","","","","","","",""
"0","","","","","","","","","","","","","","","","","",""
"0","","","","","","","","","","","","","","","","","",""
"0","","","","","","","","","","","","","","","","","",""
"0","","","","","","","","","","","","","","","","","",""
"0","","","","","","","","","","","","","","","","","",""
"0","","","","","","","","","","","","","","","","","",""
"0","","","","","","","","","","","","","","","","","",""
"0","","","","","","","","","","","","","","","","","",""
"0","","","","","","","","","","","","","","","","","",""
"0","","","","","","","","","","","","","","","","","",""
"0","","","","","","","","","","","","","","","","","",""
"0","","","","","","","","","","","","","","","","","",""
"0","","","","","","","","","","","","","","","","","",""
"0","","","","","","","","","","","","","","","","","",""
"0","","","","","","","","","","","","","","","","","",""
"0","","","","","","","","","","","","","","","","","",""
"0","","","","","","","","","","","","","","","","","",""
"0","","","","","","","","","","","","","","","","","",""
"0","","","","","","","","","","","","","","","","","",""
"0","","","","","","","","","","","","","","","","","",""
"0","","","","","","","","","","","","","","","","","",""
"0","","","","","","","","","","","","","","","","","",""
"0","","","","","","","","","","","","","","","","","",""
"0","","","","","","","","","","","","","","","","","",""
"0","","","","","","","","","","","","","","","","","",""
"0","","","","","","","","","","","","","","","","","",""
"0","","","","","","","","","","","","","","","","","",""
"0","","","","","","","","","","","","","","","","","",""
"0","","","","","","","","","","","","","","","","","",""
"0","","","","","","","","","","","","","","","","","",""
"0","","","","","","","","","","","","","","","","","",""
"0","","","","","","","","","","","","","","","","","",""
"0","","","","","","","","","","","","","","","","","",""
"0","","","","","","","","","","","","","","","","","",""
"0","","","","","","","","","","","","","","","","","",""
"0","","","","","","","","","","","","","","","","","",""
"0","","","","","","","","","","","","","","","","","",""
"0","","","","","","","","","","","","","","","","","",""
"0","","","","","","","","","","","","","","","","","",""
"0","","","","","","","","","","","","","","","","","",""
"0","","","","","","","","","","","","","","","","","",""
"0","","","","","","","","","","","","","","","","","",""
"0","","","","","","","","","","","","","","","","","",""
"0","","","","","","","","","","","","","","","","","",""
"0","","","","","","","","","","","","","","","","","",""
"0","","","","","","","","","","","","","","","","","",""
"0","","","","","","","","","","","","","","","","","",""
"0","","","","","","","","","","","","","","","","","",""
"0","","","","","","","","","","","","","","","","","",""
"0","","","","","","","","","","","","","","","","","",""
"0","","","","","","","","","","","","","","","","","",""
"0","","","","","","","","","","","","","","","","","",""
"0","","","","","","","","","","","","","","","","","",""
"0","","","","","","","","","","","","","","","","","",""
"0","","","","","","","","","","","","","","","","","",""
"0","","","","","","","","","","","","","","","","","",""
"0","","","","","","","","","","","","","","","","","",""
"0","","","","","","","","","","","","","","","","","",""
"0","","","","","","","","","","","","","","","","","",""
"0","","","","","","","","","","","","","","","","","",""
"0","","","","","","","","","","","","","","","","","",""
"0","","","","","","","","","","","","","","","","","",""
"0","","","","","","","","","","","","","","","","","",""
"0","","","","","","","","","","","","","","","","","",""
"0","","","","","","","","","","","","","","","","","",""
"0","","","","","","","","","","","","","","","","","",""
"0","","","","","","","","","","","","","","","","","",""
"0","","","","","","","","","","","","","","","","","",""
"0","","","","","","","","","","","","","","","","","",""
"0","","","","","","","","","","","","","","","","","",""
"0","","","","","","","","","","","","","","","","","",""
"0","","","","","","","","","","","","","","","","","",""
"0","","","","","","","","","","","","","","","","","",""
"0","","","","","","","","","","","","","","","","","",""
"0","","","","","","","","","","","","","","","","","",""
"0","","","","","","","","","","","","","","","","","",""
"0","","","","","","","","","","","","","","","","","",""
"0","","","","","","","","","","","","","","","","","",""
"0","","","","","","","","","","","","","","","","","",""
"0","","","","","","","","","","","","","","","","","",""
"0","","","","","","","","","","","","","","","","","",""
"0","","","","","","","","","","","","","","","","","",""
"0","","","","","","","","","","","","","","","","","",""
"0","","","","","","","","","","","","","","","","","",""
"0","","","","","","","","","","","","","","","","","",""
"0","","","","","","","","","","","","","","","","","",""
"0","","","","","","","","","","","","","","","","","",""
"0","","","","","","","","","","","","","","","","","",""
"0","","","","","","","","","","","","","","","","","",""
"0","","","","","","","","","","","","","","","","","",""
"0","","","","","","","","","","","","","","","","","",""
"0","","","","","","","","","","","","","","","","","",""
"0","","","","","","","","","","","","","","","","","",""
"0","","","","","","","","","","","","","","","","","",""
"0","","","","","","","","","","","","","","","","","",""
"0","","","","","","","","","","","","","","","","","",""
"0","","","","","","","","","","","","","","","","","",""
"0","","","","","","","","","","","","","","","","","",""
"0","","","","","","","","","","","","","","","","","",""
"0","","","","","","","","","","","","","","","","","",""
"0","","","","","","","","","","","","","","","","","",""
"0","","","","","","","","","","","","","","","","","",""
"0","","","","","","","","","","","","","","","","","",""
"0","","","","","","","","","","","","","","","","","",""
"0","","","","","","","","","","","","","","","","","",""
"0","","","","","","","","","","","","","","","","","",""
"0","","","","","","","","","","","","","","","","","",""
"0","","","","","","","","","","","","","","","","","",""
"0","","","","","","","","","","","","","","","","","",""
"0","","","","","","","","","","","","","","","","","",""
"0","","","","","","","","","","","","","","","","","",""
"0","","","","","","","","","","","","","","","","","",""
"0","","","","","","","","","","","","","","","","","",""
"0","","","","","","","","","","","","","","","","","",""
"0","","","","","","","","","","","","","","","","","",""
"0","","","","","","","","","","","","","","","","","",""
"0","","","","","","","","","","","","","","","","","",""
"0","","","","","","","","","","","","","","","","","",""
"0","","","","","","","","","","","","","","","","","",""
"0","","","","","","","","","","","","","","","","","",""
"0","","","","","","","","","","","","","","","","","",""
"0","","","","","","","","","","","","","","","","","",""
"0","","","","","","","","","","","","","","","","","",""
"0","","","","","","","","","","","","","","","","","",""
"0","","","","","","","","","","","","","","","","","",""
"0","","","","","","","","","","","","","","","","","",""
"0","","","","","","","","","","","","","","","","","",""
"0","","","","","","","","","","","","","","","","","",""
"0","","","","","","","","","","","","","","","","","",""
"0","","","","","","","","","","","","","","","","","",""
"0","","","","","","","","","","","","","","","","","",""
"0","","","","","","","","","","","","","","","","","",""
"0","","","","","","","","","","","","","","","","","",""
"0","","","","","","","","","","","","","","","","","",""
"0","","","","","","","","","","","","","","","","","",""
"0","","","","","","","","","","","","","","","","","",""
"0","","","","","","","","","","","","","","","","","",""
"0","","","","","","","","","","","","","","","","","",""
"0","","","","","","","","","","","","","","","","","",""
"0","","","","","","","","","","","","","","","","","",""
"0","","","","","","","","","","","","","","","","","",""
"0","","","","","","","","","","","","","","","","","",""
"0","","","","","","","","","","","","","","","","","",""
"0","","","","","","","","","","","","","","","","","",""
"0","","","","","","","","","","","","","","","","","",""
"0","","","","","","","","","","","","","","","","","",""
"0","","","","","","","","","","","","","","","","","",""
"0","","","","","","","","","","","","","","","","","",""
"0","","","","","","","","","","","","","","","","","",""
"0","","","","","","","","","","","","","","","","","",""
"0","","","","","","","","","","","","","","","","","",""
"0","","","","","","","","","","","","","","","","","",""
"0","","","","","","","","","","","","","","","","","",""
"0","","","","","","","","","","","","","","","","","",""
"0","","","","","","","","","","","","","","","","","",""
"0","","","","","","","","","","","","","","","","","",""
"0","","","","","","","","","","","","","","","","","",""
"0","","","","","","","","","","","","","","","","","",""
"0","","","","","","","","","","","","","","","","","",""
"0","","","","","","","","","","","","","","","","","",""
"0","","","","","","","","","","","","","","","","","",""
"0","","","","","","","","","","","","","","","","","",""
"0","","","","","","","","","","","","","","","","","",""
"0","","","","","","","","","","","","","","","","","",""
"0","","","","","","","","","","","","","","","","","",""
"0","","","","","","","","","","","","","","","","","",""
"0","","","","","","","","","","","","","","","","","",""
"0","","","","","","","","","","","","","","","","","",""
"0","","","","","","","","","","","","","","","","","",""
"0","","","","","","","","","","","","","","","","","",""
"0","","","","","","","","","","","","","","","","","",""
"0","","","","","","","","","","","","","","","","","",""
"0","","","","","","","","","","","","","","","","","",""
"0","","","","","","","","","","","","","","","","","",""
"0","","","","","","","","","","","","","","","","","",""
"0","","","","","","","","","","","","","","","","","",""
"0","","","","","","","","","","","","","","","","","",""
"0","","","","","","","","","","","","","","","","","",""
"0","","","","","","","","","","","","","","","","","",""
"0","","","","","","","","","","","","","","","","","",""
"0","","","","","","","","","","","","","","","","","",""
"0","","","","","","","","","","","","","","","","","",""
"0","","","","","","","","","","","","","","","","","",""
"0","","","","","","","","","","","","","","","","","",""
"0","","","","","","","","","","","","","","","","","",""
"0","","","","","","","","","","","","","","","","","",""
"0","","","","","","","","","","","","","","","","","",""
"0","","","","","","","","","","","","","","","","","",""
"0","","","","","","","","","","","","","","","","","",""
"0","","","","","","","","","","","","","","","","","",""
"0","","","","","","","","","","","","","","","","","",""
"0","","","","","","","","","","","","","","","","","",""
"0","","","","","","","","","","","","","","","","","",""
"0","","","","","","","","","","","","","","","","","",""
"0","","","","","","","","","","","","","","","","","",""
"0","","","","","","","","","","","","","","","","","",""
"0","","","","","","","","","","","","","","","","","",""
"0","","","","","","","","","","","","","","","","","",""
"0","","","","","","","","","","","","","","","","","",""
"0","","","","","","","","","","","","","","","","","",""
"0","","","","","","","","","","","","","","","","","",""
"0","","","","","","","","","","","","","","","","","",""
"0","","","","","","","","","","","","","","","","","",""
"0","","","","","","","","","","","","","","","","","",""
"0","","","","","","","","","","","","","","","","","",""
"0","","","","","","","","","","","","","","","","","",""
"0","","","","","","","","","","","","","","","","","",""
"0","","","","","","","","","","","","","","","","","",""
"0","","","","","","","","","","","","","","","","","",""
"0","","","","","","","","","","","","","","","","","",""
"0","","","","","","","","","","","","","","","","","",""
"0","","","","","","","","","","","","","","","","","",""
"0","","","","","","","","","","","","","","","","","",""
"0","","","","","","","","","","","","","","","","","",""
"0","","","","","","","","","","","","","","","","","",""
"0","","","","","","","","","","","","","","","","","",""
"0","","","","","","","","","","","","","","","","","",""
"0","","","","","","","","","","","","","","","","","",""
"0","","","","","","","","","","","","","","","","","",""
"0","","","","","","","","","","","","","","","","","",""
"0","","","","","","","","","","","","","","","","","",""
"0","","","","","","","","","","","","","","","","","",""
"0","","","","","","","","","","","","","","","","","",""
"0","","","","","","","","","","","","","","","","","",""
"0","","","","","","","","","","","","","","","","","",""
"0","","","","","","","","","","","","","","","","","",""
"0","","","","","","","","","","","","","","","","","",""
"0","","","","","","","","","","","","","","","","","",""
"0","","","","","","","","","","","","","","","","","",""
"0","","","","","","","","","","","","","","","","","",""
"0","","","","","","","","","","","","","","","","","",""
"0","","","","","","","","","","","","","","","","","",""
"0","","","","","","","","","","","","","","","","","",""
"0","","","","","","","","","","","","","","","","","",""
"0","","","","","","","","","","","","","","","","","",""
"0","","","","","","","","","","","","","","","","","",""
"0","","","","","","","","","","","","","","","","","",""
"0","","","","","","","","","","","","","","","","","",""
"0","","","","","","","","","","","","","","","","","",""
"0","","","","","","","","","","","","","","","","","",""
"0","","","","","","","","","","","","","","","","","",""
"0","","","","","","","","","","","","","","","","","",""
"0","","","","","","","","","","","","","","","","","",""
"0","","","","","","","","","","","","","","","","","",""
"0","","","","","","","","","","","","","","","","","",""
"0","","","","","","","","","","","","","","","","","",""
"0","","","","","","","","","","","","","","","","","",""
"0","","","","","","","","","","","","","","","","","",""
"0","","","","","","","","","","","","","","","","","",""
"0","","","","","","","","","","","","","","","","","",""
"0","","","","","","","","","","","","","","","","","",""
"0","","","","","","","","","","","","","","","","","",""
"0","","","","","","","","","","","","","","","","","",""
"0","","","","","","","","","","","","","","","","","",""
"0","","","","","","","","","","","","","","","","","",""
"0","","","","","","","","","","","","","","","","","",""
"0","","","","","","","","","","","","","","","","","",""
"0","","","","","","","","","","","","","","","","","",""
"0","","","","","","","","","","","","","","","","","",""
"0","","","","","","","","","","","","","","","","","",""
"0","","","","","","","","","","","","","","","","","",""
"0","","","","","","","","","","","","","","","","","",""
"0","","","","","","","","","","","","","","","","","",""
"0","","","","","","","","","","","","","","","","","",""
"0","","","","","","","","","","","","","","","","","",""
"0","","","","","","","","","","","","","","","","","",""
"0","","","","","","","","","","","","","","","","","",""
"0","","","","","","","","","","","","","","","","","",""
"0","","","","","","","","","","","","","","","","","",""
"0","","","","","","","","","","","","","","","","","",""
"0","","","","","","","","","","","","","","","","","",""
"0","","","","","","","","","","","","","","","","","",""
"0","","","","","","","","","","","","","","","","","",""
"0","","","","","","","","","","","","","","","","","",""
"0","","","","","","","","","","","","","","","","","",""
"0","","","","","","","","","","","","","","","","","",""
"0","","","","","","","","","","","","","","","","","",""
"0","","","","","","","","","","","","","","","","","",""
"0","","","","","","","","","","","","","","","","","",""
"0","","","","","","","","","","","","","","","","","",""
"0","","","","","","","","","","","","","","","","","",""
"0","","","","","","","","","","","","","","","","","",""
"0","","","","","","","","","","","","","","","","","",""
"0","","","","","","","","","","","","","","","","","",""
"0","","","","","","","","","","","","","","","","","",""
"0","","","","","","","","","","","","","","","","","",""
"0","","","","","","","","","","","","","","","","","",""
"0","","","","","","","","","","","","","","","","","",""
"0","","","","","","","","","","","","","","","","","",""
"0","","","","","","","","","","","","","","","","","",""
"0","","","","","","","","","","","","","","","","","",""
"0","","","","","","","","","","","","","","","","","",""
"0","","","","","","","","","","","","","","","","","",""
"0","","","","","","","","","","","","","","","","","",""
"0","","","","","","","","","","","","","","","","","",""
"0","","","","","","","","","","","","","","","","","",""
"0","","","","","","","","","","","","","","","","","",""
"0","","","","","","","","","","","","","","","","","",""
"0","","","","","","","","","","","","","","","","","",""
"0","","","","","","","","","","","","","","","","","",""
"0","","","","","","","","","","","","","","","","","",""
"0","","","","","","","","","","","","","","","","","",""
"0","","","","","","","","","","","","","","","","","",""
"0","","","","","","","","","","","","","","","","","",""
"0","","","","","","","","","","","","","","","","","",""
"0","","","","","","","","","","","","","","","","","",""
"0","","","","","","","","","","","","","","","","","",""
"0","","","","","","","","","","","","","","","","","",""
"0","","","","","","","","","","","","","","","","","",""
"0","","","","","","","","","","","","","","","","","",""
"0","","","","","","","","","","","","","","","","","",""
"0","","","","","","","","","","","","","","","","","",""
"0","","","","","","","","","","","","","","","","","",""
"0","","","","","","","","","","","","","","","","","",""
"0","","","","","","","","","","","","","","","","","",""
"0","","","","","","","","","","","","","","","","","",""
"0","","","","","","","","","","","","","","","","","",""
"0","","","","","","","","","","","","","","","","","",""
"0","","","","","","","","","","","","","","","","","",""
"0","","","","","","","","","","","","","","","","","",""
"0","","","","","","","","","","","","","","","","","",""
"0","","","","","","","","","","","","","","","","","",""
"0","","","","","","","","","","","","","","","","","",""
"0","","","","","","","","","","","","","","","","","",""
"0","","","","","","","","","","","","","","","","","",""
"0","","","","","","","","","","","","","","","","","",""
"0","","","","","","","","","","","","","","","","","",""
"0","","","","","","","","","","","","","","","","","",""
"0","","","","","","","","","","","","","","","","","",""
"0","","","","","","","","","","","","","","","","","",""
"0","","","","","","","","","","","","","","","","","",""
"0","","","","","","","","","","","","","","","","","",""
"0","","","","","","","","","","","","","","","","","",""
"0","","","","","","","","","","","","","","","","","",""
"0","","","","","","","","","","","","","","","","","",""
"0","","","","","","","","","","","","","","","","","",""
"0","","","","","","","","","","","","","","","","","",""
"0","","","","","","","","","","","","","","","","","",""
"0","","","","","","","","","","","","","","","","","",""
"0","","","","","","","","","","","","","","","","","",""
"0","","","","","","","","","","","","","","","","","",""
"0","","","","","","","","","","","","","","","","","",""
"0","","","","","","","","","","","","","","","","","",""
"0","","","","","","","","","","","","","","","","","",""
"0","","","","","","","","","","","","","","","","","",""
"0","","","","","","","","","","","","","","","","","",""
"0","","","","","","","","","","","","","","","","","",""
"0","","","","","","","","","","","","","","","","","",""
"0","","","","","","","","","","","","","","","","","",""
"0","","","","","","","","","","","","","","","","","",""
"0","","","","","","","","","","","","","","","","","",""
"0","","","","","","","","","","","","","","","","","",""
"0","","","","","","","","","","","","","","","","","",""
"0","","","","","","","","","","","","","","","","","",""
"0","","","","","","","","","","","","","","","","","",""
"0","","","","","","","","","","","","","","","","","",""
"0","","","","","","","","","","","","","","","","","",""
"0","","","","","","","","","","","","","","","","","",""
"0","","","","","","","","","","","","","","","","","",""
"0","","","","","","","","","","","","","","","","","",""
"0","","","","","","","","","","","","","","","","","",""
"0","","","","","","","","","","","","","","","","","",""
"0","","","","","","","","","","","","","","","","","",""
"0","","","","","","","","","","","","","","","","","",""
"0","","","","","","","","","","","","","","","","","",""
"0","","","","","","","","","","","","","","","","","",""
"0","","","","","","","","","","","","","","","","","",""
"0","","","","","","","","","","","","","","","","","",""
"0","","","","","","","","","","","","","","","","","",""
"0","","","","","","","","","","","","","","","","","",""
"0","","","","","","","","","","","","","","","","","",""
"0","","","","","","","","","","","","","","","","","",""
"0","","","","","","","","","","","","","","","","","",""
"0","","","","","","","","","","","","","","","","","",""
"0","","","","","","","","","","","","","","","","","",""
"0","","","","","","","","","","","","","","","","","",""
"0","","","","","","","","","","","","","","","","","",""
"0","","","","","","","","","","","","","","","","","",""
"0","","","","","","","","","","","","","","","","","",""
"0","","","","","","","","","","","","","","","","","",""
"0","","","","","","","","","","","","","","","","","",""
"0","","","","","","","","","","","","","","","","","",""
"0","","","","","","","","","","","","","","","","","",""
"0","","","","","","","","","","","","","","","","","",""
"0","","","","","","","","","","","","","","","","","",""
"0","","","","","","","","","","","","","","","","","",""
"0","","","","","","","","","","","","","","","","","",""
"0","","","","","","","","","","","","","","","","","",""
"0","","","","","","","","","","","","","","","","","",""
"0","","","","","","","","","","","","","","","","","",""
"0","","","","","","","","","","","","","","","","","",""
"0","","","","","","","","","","","","","","","","","",""
"0","","","","","","","","","","","","","","","","","",""
"0","","","","","","","","","","","","","","","","","",""
"0","","","","","","","","","","","","","","","","","",""
"0","","","","","","","","","","","","","","","","","",""
"0","","","","","","","","","","","","","","","","","",""
"0","","","","","","","","","","","","","","","","","",""
"0","","","","","","","","","","","","","","","","","",""
"0","","","","","","","","","","","","","","","","","",""
"0","","","","","","","","","","","","","","","","","",""
"0","","","","","","","","","","","","","","","","","",""
"0","","","","","","","","","","","","","","","","","",""
"0","","","","","","","","","","","","","","","","","",""
"0","","","","","","","","","","","","","","","","","",""
"0","","","","","","","","","","","","","","","","","",""
"0","","","","","","","","","","","","","","","","","",""
"0","","","","","","","","","","","","","","","","","",""
"0","","","","","","","","","","","","","","","","","",""
"0","","","","","","","","","","","","","","","","","",""
"0","","","","","","","","","","","","","","","","","",""
"0","","","","","","","","","","","","","","","","","",""
"0","","","","","","","","","","","","","","","","","",""
"0","","","","","","","","","","","","","","","","","",""
"0","","","","","","","","","","","","","","","","","",""
"0","","","","","","","","","","","","","","","","","",""
"0","","","","","","","","","","","","","","","","","",""
"0","","","","","","","","","","","","","","","","","",""
"0","","","","","","","","","","","","","","","","","",""
"0","","","","","","","","","","","","","","","","","",""
"0","","","","","","","","","","","","","","","","","",""
"0","","","","","","","","","","","","","","","","","",""
"0","","","","","","","","","","","","","","","","","",""
"0","","","","","","","","","","","","","","","","","",""
"0","","","","","","","","","","","","","","","","","",""
"0","","","","","","","","","","","","","","","","","",""
"0","","","","","","","","","","","","","","","","","",""
"0","","","","","","","","","","","","","","","","","",""
"0","","","","","","","","","","","","","","","","","",""
"0","","","","","","","","","","","","","","","","","",""
"0","","","","","","","","","","","","","","","","","",""
"0","","","","","","","","","","","","","","","","","",""
"0","","","","","","","","","","","","","","","","","",""
"0","","","","","","","","","","","","","","","","","",""
"0","","","","","","","","","","","","","","","","","",""
"0","","","","","","","","","","","","","","","","","",""
"0","","","","","","","","","","","","","","","","","",""
"0","","","","","","","","","","","","","","","","","",""
"0","","","","","","","","","","","","","","","","","",""
"0","","","","","","","","","","","","","","","","","",""
"0","","","","","","","","","","","","","","","","","",""
"0","","","","","","","","","","","","","","","","","",""
"0","","","","","","","","","","","","","","","","","",""
"0","","","","","","","","","","","","","","","","","",""
"0","","","","","","","","","","","","","","","","","",""
"0","","","","","","","","","","","","","","","","","",""
"0","","","","","","","","","","","","","","","","","",""
"0","","","","","","","","","","","","","","","","","",""
"0","","","","","","","","","","","","","","","","","",""
"0","","","","","","","","","","","","","","","","","",""
"0","","","","","","","","","","","","","","","","","",""
"0","","","","","","","","","","","","","","","","","",""
"0","","","","","","","","","","","","","","","","","",""
"0","","","","","","","","","","","","","","","","","",""
"0","","","","","","","","","","","","","","","","","",""
"0","","","","","","","","","","","","","","","","","",""
"0","","","","","","","","","","","","","","","","","",""
"0","","","","","","","","","","","","","","","","","",""
"0","","","","","","","","","","","","","","","","","",""
"0","","","","","","","","","","","","","","","","","",""
"0","","","","","","","","","","","","","","","","","",""
"0","","","","","","","","","","","","","","","","","",""
"0","","","","","","","","","","","","","","","","","",""
"0","","","","","","","","","","","","","","","","","",""
"0","","","","","","","","","","","","","","","","","",""
"0","","","","","","","","","","","","","","","","","",""
"0","","","","","","","","","","","","","","","","","",""
"0","","","","","","","","","","","","","","","","","",""
"0","","","","","","","","","","","","","","","","","",""
"0","","","","","","","","","","","","","","","","","",""
"0","","","","","","","","","","","","","","","","","",""
"0","","","","","","","","","","","","","","","","","",""
"0","","","","","","","","","","","","","","","","","",""
"0","","","","","","","","","","","","","","","","","",""
"0","","","","","","","","","","","","","","","","","",""
"0","","","","","","","","","","","","","","","","","",""
"0","","","","","","","","","","","","","","","","","",""
"0","","","","","","","","","","","","","","","","","",""
"0","","","","","","","","","","","","","","","","","",""
"0","","","","","","","","","","","","","","","","","",""
"0","","","","","","","","","","","","","","","","","",""
"0","","","","","","","","","","","","","","","","","",""
"0","","","","","","","","","","","","","","","","","",""
"0","","","","","","","","","","","","","","","","","",""
"0","","","","","","","","","","","","","","","","","",""
"0","","","","","","","","","","","","","","","","","",""
"0","","","","","","","","","","","","","","","","","",""
"0","","","","","","","","","","","","","","","","","",""
"0","","","","","","","","","","","","","","","","","",""
"0","","","","","","","","","","","","","","","","","",""
"0","","","","","","","","","","","","","","","","","",""
"0","","","","","","","","","","","","","","","","","",""
"0","","","","","","","","","","","","","","","","","",""
"0","","","","","","","","","","","","","","","","","",""
"0","","","","","","","","","","","","","","","","","",""
"0","","","","","","","","","","","","","","","","","",""
"0","","","","","","","","","","","","","","","","","",""
"0","","","","","","","","","","","","","","","","","",""
"0","","","","","","","","","","","","","","","","","",""
"0","","","","","","","","","","","","","","","","","",""
"0","","","","","","","","","","","","","","","","","",""
"0","","","","","","","","","","","","","","","","","",""
"0","","","","","","","","","","","","","","","","","",""
"0","","","","","","","","","","","","","","","","","",""
"0","","","","","","","","","","","","","","","","","",""
"0","","","","","","","","","","","","","","","","","",""
"0","","","","","","","","","","","","","","","","","",""
"0","","","","","","","","","","","","","","","","","",""
"0","","","","","","","","","","","","","","","","","",""
"0","","","","","","","","","","","","","","","","","",""
"0","","","","","","","","","","","","","","","","","",""
"0","","","","","","","","","","","","","","","","","",""
"0","","","","","","","","","","","","","","","","","",""
"0","","","","","","","","","","","","","","","","","",""
"0","","","","","","","","","","","","","","","","","",""
"0","","","","","","","","","","","","","","","","","",""
"0","","","","","","","","","","","","","","","","","",""
"0","","","","","","","","","","","","","","","","","",""
"0","","","","","","","","","","","","","","","","","",""
"0","","","","","","","","","","","","","","","","","",""
"0","","","","","","","","","","","","","","","","","",""
"0","","","","","","","","","","","","","","","","","",""
"0","","","","","","","","","","","","","","","","","",""
"0","","","","","","","","","","","","","","","","","",""
"0","","","","","","","","","","","","","","","","","",""
"0","","","","","","","","","","","","","","","","","",""
"0","","","","","","","","","","","","","","","","","",""
"0","","","","","","","","","","","","","","","","","",""
"0","","","","","","","","","","","","","","","","","",""
"0","","","","","","","","","","","","","","","","","",""
"0","","","","","","","","","","","","","","","","","",""
"0","","","","","","","","","","","","","","","","","",""
"0","","","","","","","","","","","","","","","","","",""
"0","","","","","","","","","","","","","","","","","",""
"0","","","","","","","","","","","","","","","","","",""
"0","","","","","","","","","","","","","","","","","",""
"0","","","","","","","","","","","","","","","","","",""
"0","","","","","","","","","","","","","","","","","",""
"0","","","","","","","","","","","","","","","","","",""
"0","","","","","","","","","","","","","","","","","",""
"0","","","","","","","","","","","","","","","","","",""
"0","","","","","","","","","","","","","","","","","",""
"0","","","","","","","","","","","","","","","","","",""
"0","","","","","","","","","","","","","","","","","",""
"0","","","","","","","","","","","","","","","","","",""
"0","","","","","","","","","","","","","","","","","",""
"0","","","","","","","","","","","","","","","","","",""
"0","","","","","","","","","","","","","","","","","",""
"0","","","","","","","","","","","","","","","","","",""
"0","","","","","","","","","","","","","","","","","",""
"0","","","","","","","","","","","","","","","","","",""
"0","","","","","","","","","","","","","","","","","",""
"0","","","","","","","","","","","","","","","","","",""
"0","","","","","","","","","","","","","","","","","",""
"0","","","","","","","","","","","","","","","","","",""
"0","","","","","","","","","","","","","","","","","",""
"0","","","","","","","","","","","","","","","","","",""
"0","","","","","","","","","","","","","","","","","",""
"0","","","","","","","","","","","","","","","","","",""
"0","","","","","","","","","","","","","","","","","",""
"0","","","","","","","","","","","","","","","","","",""
"0","","","","","","","","","","","","","","","","","",""
"0","","","","","","","","","","","","","","","","","",""
"0","","","","","","","","","","","","","","","","","",""
"0","","","","","","","","","","","","","","","","","",""
"0","","","","","","","","","","","","","","","","","",""
"0","","","","","","","","","","","","","","","","","",""
"0","","","","","","","","","","","","","","","","","",""
"0","","","","","","","","","","","","","","","","","",""
"0","","","","","","","","","","","","","","","","","",""
"0","","","","","","","","","","","","","","","","","",""
"0","","","","","","","","","","","","","","","","","",""
"0","","","","","","","","","","","","","","","","","",""
"0","","","","","","","","","","","","","","","","","",""
"0","","","","","","","","","","","","","","","","","",""
"0","","","","","","","","","","","","","","","","","",""
"0","","","","","","","","","","","","","","","","","",""
"0","","","","","","","","","","","","","","","","","",""
"0","","","","","","","","","","","","","","","","","",""
"0","","","","","","","","","","","","","","","","","",""
"0","","","","","","","","","","","","","","","","","",""
"0","","","","","","","","","","","","","","","","","",""
"0","","","","","","","","","","","","","","","","","",""
"0","","","","","","","","","","","","","","","","","",""
"0","","","","","","","","","","","","","","","","","",""
"0","","","","","","","","","","","","","","","","","",""
"0","","","","","","","","","","","","","","","","","",""
"0","","","","","","","","","","","","","","","","","",""
"0","","","","","","","","","","","","","","","","","",""
"0","","","","","","","","","","","","","","","","","",""
"0","","","","","","","","","","","","","","","","","",""
"0","","","","","","","","","","","","","","","","","",""
"0","","","","","","","","","","","","","","","","","",""
"0","","","","","","","","","","","","","","","","","",""
"0","","","","","","","","","","","","","","","","","",""
"0","","","","","","","","","","","","","","","","","",""
"0","","","","","","","","","","","","","","","","","",""
"0","","","","","","","","","","","","","","","","","",""
"0","","","","","","","","","","","","","","","","","",""
"0","","","","","","","","","","","","","","","","","",""
"0","","","","","","","","","","","","","","","","","",""
"0","","","","","","","","","","","","","","","","","",""
"0","","","","","","","","","","","","","","","","","",""
"0","","","","","","","","","","","","","","","","","",""
"0","","","","","","","","","","","","","","","","","",""
"0","","","","","","","","","","","","","","","","","",""
"0","","","","","","","","","","","","","","","","","",""
"0","","","","","","","","","","","","","","","","","",""
"0","","","","","","","","","","","","","","","","","",""
"0","","","","","","","","","","","","","","","","","",""
"0","","","","","","","","","","","","","","","","","",""
"0","","","","","","","","","","","","","","","","","",""
"0","","","","","","","","","","","","","","","","","",""
"0","","","","","","","","","","","","","","","","","",""
"0","","","","","","","","","","","","","","","","","",""
"0","","","","","","","","","","","","","","","","","",""
"0","","","","","","","","","","","","","","","","","",""
"0","","","","","","","","","","","","","","","","","",""
"0","","","","","","","","","","","","","","","","","",""
"0","","","","","","","","","","","","","","","","","",""
"0","","","","","","","","","","","","","","","","","",""
"0","","","","","","","","","","","","","","","","","",""
"0","","","","","","","","","","","","","","","","","",""
"0","","","","","","","","","","","","","","","","","",""
"0","","","","","","","","","","","","","","","","","",""
"0","","","","","","","","","","","","","","","","","",""
"0","","","","","","","","","","","","","","","","","",""
"0","","","","","","","","","","","","","","","","","",""
"0","","","","","","","","","","","","","","","","","",""
"0","","","","","","","","","","","","","","","","","",""
"0","","","","","","","","","","","","","","","","","",""
"0","","","","","","","","","","","","","","","","","",""
"0","","","","","","","","","","","","","","","","","",""
"0","","","","","","","","","","","","","","","","","",""
"0","","","","","","","","","","","","","","","","","",""
"0","","","","","","","","","","","","","","","","","",""
"0","","","","","","","","","","","","","","","","","",""
"0","","","","","","","","","","","","","","","","","",""
"0","","","","","","","","","","","","","","","","","",""
"0","","","","","","","","","","","","","","","","","",""
"0","","","","","","","","","","","","","","","","","",""
"0","","","","","","","","","","","","","","","","","",""
"0","","","","","","","","","","","","","","","","","",""
"0","","","","","","","","","","","","","","","","","",""
"0","","","","","","","","","","","","","","","","","",""
"0","","","","","","","","","","","","","","","","","",""
"0","","","","","","","","","","","","","","","","","",""
"0","","","","","","","","","","","","","","","","","",""
"0","","","","","","","","","","","","","","","","","",""
"0","","","","","","","","","","","","","","","","","",""
"0","","","","","","","","","","","","","","","","","",""
"0","","","","","","","","","","","","","","","","","",""
"0","","","","","","","","","","","","","","","","","",""
"0","","","","","","","","","","","","","","","","","",""
"0","","","","","","","","","","","","","","","","","",""
"0","","","","","","","","","","","","","","","","","",""
"0","","","","","","","","","","","","","","","","","",""
"0","","","","","","","","","","","","","","","","","",""
"0","","","","","","","","","","","","","","","","","",""
"0","","","","","","","","","","","","","","","","","",""
"0","","","","","","","","","","","","","","","","","",""
"0","","","","","","","","","","","","","","","","","",""
"0","","","","","","","","","","","","","","","","","",""
"0","","","","","","","","","","","","","","","","","",""
"0","","","","","","","","","","","","","","","","","",""
"0","","","","","","","","","","","","","","","","","",""
"0","","","","","","","","","","","","","","","","","",""
"0","","","","","","","","","","","","","","","","","",""
"0","","","","","","","","","","","","","","","","","",""
"0","","","","","","","","","","","","","","","","","",""
"0","","","","","","","","","","","","","","","","","",""
"0","","","","","","","","","","","","","","","","","",""
"0","","","","","","","","","","","","","","","","","",""
"0","","","","","","","","","","","","","","","","","",""
"0","","","","","","","","","","","","","","","","","",""
"0","","","","","","","","","","","","","","","","","",""
"0","","","","","","","","","","","","","","","","","",""
"0","","","","","","","","","","","","","","","","","",""
"0","","","","","","","","","","","","","","","","","",""
"0","","","","","","","","","","","","","","","","","",""
"0","","","","","","","","","","","","","","","","","",""
"0","","","","","","","","","","","","","","","","","",""
"0","","","","","","","","","","","","","","","","","",""
"0","","","","","","","","","","","","","","","","","",""
"0","","","","","","","","","","","","","","","","","",""
"0","","","","","","","","","","","","","","","","","",""
"0","","","","","","","","","","","","","","","","","",""
"0","","","","","","","","","","","","","","","","","",""
"0","","","","","","","","","","","","","","","","","",""
"0","","","","","","","","","","","","","","","","","",""
"0","","","","","","","","","","","","","","","","","",""
"0","","","","","","","","","","","","","","","","","",""
"0","","","","","","","","","","","","","","","","","",""
"0","","","","","","","","","","","","","","","","","",""
"0","","","","","","","","","","","","","","","","","",""
"0","","","","","","","","","","","","","","","","","",""
"0","","","","","","","","","","","","","","","","","",""
"0","","","","","","","","","","","","","","","","","",""
"0","","","","","","","","","","","","","","","","","",""
"0","","","","","","","","","","","","","","","","","",""
"0","","","","","","","","","","","","","","","","","",""
"0","","","","","","","","","","","","","","","","","",""
"0","","","","","","","","","","","","","","","","","",""
"0","","","","","","","","","","","","","","","","","",""
"0","","","","","","","","","","","","","","","","","",""
"0","","","","","","","","","","","","","","","","","",""
"0","","","","","","","","","","","","","","","","","",""
"0","","","","","","","","","","","","","","","","","",""
"0","","","","","","","","","","","","","","","","","",""
"0","","","","","","","","","","","","","","","","","",""
"0","","","","","","","","","","","","","","","","","",""
"0","","","","","","","","","","","","","","","","","",""
"0","","","","","","","","","","","","","","","","","",""
"0","","","","","","","","","","","","","","","","","",""
"0","","","","","","","","","","","","","","","","","",""
"0","","","","","","","","","","","","","","","","","",""
"0","","","","","","","","","","","","","","","","","",""
"0","","","","","","","","","","","","","","","","","",""
"0","","","","","","","","","","","","","","","","","",""
"0","","","","","","","","","","","","","","","","","",""
"0","","","","","","","","","","","","","","","","","",""
"0","","","","","","","","","","","","","","","","","",""
"0","","","","","","","","","","","","","","","","","",""
"0","","","","","","","","","","","","","","","","","",""
"0","","","","","","","","","","","","","","","","","",""
"0","","","","","","","","","","","","","","","","","",""
"0","","","","","","","","","","","","","","","","","",""
"0","","","","","","","","","","","","","","","","","",""
"0","","","","","","","","","","","","","","","","","",""
"0","","","","","","","","","","","","","","","","","",""
"0","","","","","","","","","","","","","","","","","",""
"0","","","","","","","","","","","","","","","","","",""
"0","","","","","","","","","","","","","","","","","",""
"0","","","","","","","","","","","","","","","","","",""
"0","","","","","","","","","","","","","","","","","",""
"0","","","","","","","","","","","","","","","","","",""
"0","","","","","","","","","","","","","","","","","",""
"0","","","","","","","","","","","","","","","","","",""
"0","","","","","","","","","","","","","","","","","",""
"0","","","","","","","","","","","","","","","","","",""
"0","","","","","","","","","","","","","","","","","",""
"0","","","","","","","","","","","","","","","","","",""
"0","","","","","","","","","","","","","","","","","",""
"0","","","","","","","","","","","","","","","","","",""
"0","","","","","","","","","","","","","","","","","",""
"0","","","","","","","","","","","","","","","","","",""
"0","","","","","","","","","","","","","","","","","",""
"0","","","","","","","","","","","","","","","","","",""
"0","","","","","","","","","","","","","","","","","",""
"0","","","","","","","","","","","","","","","","","",""
"0","","","","","","","","","","","","","","","","","",""
"0","","","","","","","","","","","","","","","","","",""
"0","","","","","","","","","","","","","","","","","",""
"0","","","","","","","","","","","","","","","","","",""
"0","","","","","","","","","","","","","","","","","",""
"0","","","","","","","","","","","","","","","","","",""
"0","","","","","","","","","","","","","","","","","",""
"0","","","","","","","","","","","","","","","","","",""
"0","","","","","","","","","","","","","","","","","",""
"0","","","","","","","","","","","","","","","","","",""
"0","","","","","","","","","","","","","","","","","",""
"0","","","","","","","","","","","","","","","","","",""
"0","","","","","","","","","","","","","","","","","",""
"0","","","","","","","","","","","","","","","","","",""
"0","","","","","","","","","","","","","","","","","",""
"0","","","","","","","","","","","","","","","","","",""
"0","","","","","","","","","","","","","","","","","",""
"0","","","","","","","","","","","","","","","","","",""
"0","","","","","","","","","","","","","","","","","",""
"0","","","","","","","","","","","","","","","","","",""
"0","","","","","","","","","","","","","","","","","",""
"0","","","","","","","","","","","","","","","","","",""
"0","","","","","","","","","","","","","","","","","",""
"0","","","","","","","","","","","","","","","","","",""
"0","","","","","","","","","","","","","","","","","",""
"0","","","","","","","","","","","","","","","","","",""
"0","","","","","","","","","","","","","","","","","",""
"0","","","","","","","","","","","","","","","","","",""
"0","","","","","","","","","","","","","","","","","",""
"0","","","","","","","","","","","","","","","","","",""
"0","","","","","","","","","","","","","","","","","",""
"0","","","","","","","","","","","","","","","","","",""
"0","","","","","","","","","","","","","","","","","",""
"0","","","","","","","","","","","","","","","","","",""
"0","","","","","","","","","","","","","","","","","",""
"0","","","","","","","","","","","","","","","","","",""
"0","","","","","","","","","","","","","","","","","",""
"0","","","","","","","","","","","","","","","","","",""
"0","","","","","","","","","","","","","","","","","",""
"0","","","","","","","","","","","","","","","","","",""
"0","","","","","","","","","","","","","","","","","",""
"0","","","","","","","","","","","","","","","","","",""
"0","","","","","","","","","","","","","","","","","",""
"0","","","","","","","","","","","","","","","","","",""
"0","","","","","","","","","","","","","","","","","",""
"0","","","","","","","","","","","","","","","","","",""
"0","","","","","","","","","","","","","","","","","",""
"0","","","","","","","","","","","","","","","","","",""
"0","","","","","","","","","","","","","","","","","",""
"0","","","","","","","","","","","","","","","","","",""
"0","","","","","","","","","","","","","","","","","",""
"0","","","","","","","","","","","","","","","","","",""
"0","","","","","","","","","","","","","","","","","",""
"0","","","","","","","","","","","","","","","","","",""
"0","","","","","","","","","","","","","","","","","",""
"0","","","","","","","","","","","","","","","","","",""
"0","","","","","","","","","","","","","","","","","",""
"0","","","","","","","","","","","","","","","","","",""
"0","","","","","","","","","","","","","","","","","",""
"0","","","","","","","","","","","","","","","","","",""
"0","","","","","","","","","","","","","","","","","",""
"0","","","","","","","","","","","","","","","","","",""
"0","","","","","","","","","","","","","","","","","",""
"0","","","","","","","","","","","","","","","","","",""
"0","","","","","","","","","","","","","","","","","",""
"0","","","","","","","","","","","","","","","","","",""
"0","","","","","","","","","","","","","","","","","",""
"0","","","","","","","","","","","","","","","","","",""
"0","","","","","","","","","","","","","","","","","",""
"0","","","","","","","","","","","","","","","","","",""
"0","","","","","","","","","","","","","","","","","",""
"0","","","","","","","","","","","","","","","","","",""
"0","","","","","","","","","","","","","","","","","",""
"0","","","","","","","","","","","","","","","","","",""
"0","","","","","","","","","","","","","","","","","",""
"0","","","","","","","","","","","","","","","","","",""
"0","","","","","","","","","","","","","","","","","",""
"0","","","","","","","","","","","","","","","","","",""
"0","","","","","","","","","","","","","","","","","",""
"0","","","","","","","","","","","","","","","","","",""
"0","","","","","","","","","","","","","","","","","",""
"0","","","","","","","","","","","","","","","","","",""
"0","","","","","","","","","","","","","","","","","",""
"0","","","","","","","","","","","","","","","","","",""
"0","","","","","","","","","","","","","","","","","",""
"0","","","","","","","","","","","","","","","","","",""
"0","","","","","","","","","","","","","","","","","",""
"0","","","","","","","","","","","","","","","","","",""
"0","","","","","","","","","","","","","","","","","",""
"0","","","","","","","","","","","","","","","","","",""
"0","","","","","","","","","","","","","","","","","",""
"0","","","","","","","","","","","","","","","","","",""
"0","","","","","","","","","","","","","","","","","",""
"0","","","","","","","","","","","","","","","","","",""
"0","","","","","","","","","","","","","","","","","",""
"0","","","","","","","","","","","","","","","","","",""
"0","","","","","","","","","","","","","","","","","",""
"0","","","","","","","","","","","","","","","","","",""
"0","","","","","","","","","","","","","","","","","",""
"0","","","","","","","","","","","","","","","","","",""
"0","","","","","","","","","","","","","","","","","",""
"0","","","","","","","","","","","","","","","","","",""
"0","","","","","","","","","","","","","","","","","",""
"0","","","","","","","","","","","","","","","","","",""
"0","","","","","","","","","","","","","","","","","",""
"0","","","","","","","","","","","","","","","","","",""
"0","","","","","","","","","","","","","","","","","",""
"0","","","","","","","","","","","","","","","","","",""
"0","","","","","","","","","","","","","","","","","",""
"0","","","","","","","","","","","","","","","","","",""
"0","","","","","","","","","","","","","","","","","",""
"0","","","","","","","","","","","","","","","","","",""
"0","","","","","","","","","","","","","","","","","",""
"0","","","","","","","","","","","","","","","","","",""
"0","","","","","","","","","","","","","","","","","",""
"0","","","","","","","","","","","","","","","","","",""
"0","","","","","","","","","","","","","","","","","",""
"0","","","","","","","","","","","","","","","","","",""
"0","","","","","","","","","","","","","","","","","",""
"0","","","","","","","","","","","","","","","","","",""
"0","","","","","","","","","","","","","","","","","",""
"0","","","","","","","","","","","","","","","","","",""
"0","","","","","","","","","","","","","","","","","",""
"0","","","","","","","","","","","","","","","","","",""
"0","","","","","","","","","","","","","","","","","",""
"0","","","","","","","","","","","","","","","","","",""
"0","","","","","","","","","","","","","","","","","",""
"0","","","","","","","","","","","","","","","","","",""
"0","","","","","","","","","","","","","","","","","",""
"0","","","","","","","","","","","","","","","","","",""
"0","","","","","","","","","","","","","","","","","",""
"0","","","","","","","","","","","","","","","","","",""
"0","","","","","","","","","","","","","","","","","",""
"0","","","","","","","","","","","","","","","","","",""
"0","","","","","","","","","","","","","","","","","",""
"0","","","","","","","","","","","","","","","","","",""
"0","","","","","","","","","","","","","","","","","",""
"0","","","","","","","","","","","","","","","","","",""
"0","","","","","","","","","","","","","","","","","",""
"0","","","","","","","","","","","","","","","","","",""
"0","","","","","","","","","","","","","","","","","",""
"0","","","","","","","","","","","","","","","","","",""
"0","","","","","","","","","","","","","","","","","",""
"0","","","","","","","","","","","","","","","","","",""
"0","","","","","","","","","","","","","","","","","",""
"0","","","","","","","","","","","","","","","","","",""
"0","","","","","","","","","","","","","","","","","",""
"0","","","","","","","","","","","","","","","","","",""
"0","","","","","","","","","","","","","","","","","",""
"0","","","","","","","","","","","","","","","","","",""
"0","","","","","","","","","","","","","","","","","",""
"0","","","","","","","","","","","","","","","","","",""
"0","","","","","","","","","","","","","","","","","",""
"0","","","","","","","","","","","","","","","","","",""
"0","","","","","","","","","","","","","","","","","",""
"0","","","","","","","","","","","","","","","","","",""
"0","","","","","","","","","","","","","","","","","",""
"0","","","","","","","","","","","","","","","","","",""
"0","","","","","","","","","","","","","","","","","",""
"0","","","","","","","","","","","","","","","","","",""
"0","","","","","","","","","","","","","","","","","",""
"0","","","","","","","","","","","","","","","","","",""
"0","","","","","","","","","","","","","","","","","",""
"0","","","","","","","","","","","","","","","","","",""
"0","","","","","","","","","","","","","","","","","",""
"0","","","","","","","","","","","","","","","","","",""
"0","","","","","","","","","","","","","","","","","",""
"0","","","","","","","","","","","","","","","","","",""
"0","","","","","","","","","","","","","","","","","",""
"0","","","","","","","","","","","","","","","","","",""
"0","","","","","","","","","","","","","","","","","",""
"0","","","","","","","","","","","","","","","","","",""
"0","","","","","","","","","","","","","","","","","",""
"0","","","","","","","","","","","","","","","","","",""
"0","","","","","","","","","","","","","","","","","",""
"0","","","","","","","","","","","","","","","","","",""
"0","","","","","","","","","","","","","","","","","",""
"0","","","","","","","","","","","","","","","","","",""
"0","","","","","","","","","","","","","","","","","",""
"0","","","","","","","","","","","","","","","","","",""
"0","","","","","","","","","","","","","","","","","",""
"0","","","","","","","","","","","","","","","","","",""
"0","","","","","","","","","","","","","","","","","",""
"0","","","","","","","","","","","","","","","","","",""
"0","","","","","","","","","","","","","","","","","",""
"0","","","","","","","","","","","","","","","","","",""
"0","","","","","","","","","","","","","","","","","",""
"0","","","","","","","","","","","","","","","","","",""
"0","","","","","","","","","","","","","","","","","",""
"0","","","","","","","","","","","","","","","","","",""
"0","","","","","","","","","","","","","","","","","",""
"0","","","","","","","","","","","","","","","","","",""
"0","","","","","","","","","","","","","","","","","",""
"0","","","","","","","","","","","","","","","","","",""
"0","","","","","","","","","","","","","","","","","",""
"0","","","","","","","","","","","","","","","","","",""
"0","","","","","","","","","","","","","","","","","",""
"0","","","","","","","","","","","","","","","","","",""
"0","","","","","","","","","","","","","","","","","",""
"0","","","","","","","","","","","","","","","","","",""
"0","","","","","","","","","","","","","","","","","",""
"0","","","","","","","","","","","","","","","","","",""
"0","","","","","","","","","","","","","","","","","",""
"0","","","","","","","","","","","","","","","","","",""
"0","","","","","","","","","","","","","","","","","",""
"0","","","","","","","","","","","","","","","","","",""
"0","","","","","","","","","","","","","","","","","",""
"0","","","","","","","","","","","","","","","","","",""
"0","","","","","","","","","","","","","","","","","",""
"0","","","","","","","","","","","","","","","","","",""
"0","","","","","","","","","","","","","","","","","",""
"0","","","","","","","","","","","","","","","","","",""
"0","","","","","","","","","","","","","","","","","",""
"0","","","","","","","","","","","","","","","","","",""
"0","","","","","","","","","","","","","","","","","",""
"0","","","","","","","","","","","","","","","","","",""
"0","","","","","","","","","","","","","","","","","",""
"0","","","","","","","","","","","","","","","","","",""
"0","","","","","","","","","","","","","","","","","",""
"0","","","","","","","","","","","","","","","","","",""
"0","","","","","","","","","","","","","","","","","",""
"0","","","","","","","","","","","","","","","","","",""
"0","","","","","","","","","","","","","","","","","",""
"0","","","","","","","","","","","","","","","","","",""
"0","","","","","","","","","","","","","","","","","",""
"0","","","","","","","","","","","","","","","","","",""
"0","","","","","","","","","","","","","","","","","",""
"0","","","","","","","","","","","","","","","","","",""
"0","","","","","","","","","","","","","","","","","",""
"0","","","","","","","","","","","","","","","","","",""
"0","","","","","","","","","","","","","","","","","",""
"0","","","","","","","","","","","","","","","","","",""
"0","","","","","","","","","","","","","","","","","",""
"0","","","","","","","","","","","","","","","","","",""
"0","","","","","","","","","","","","","","","","","",""
"0","","","","","","","","","","","","","","","","","",""
"0","","","","","","","","","","","","","","","","","",""
"0","","","","","","","","","","","","","","","","","",""
"0","","","","","","","","","","","","","","","","","",""
"0","","","","","","","","","","","","","","","","","",""
"0","","","","","","","","","","","","","","","","","",""
"0","","","","","","","","","","","","","","","","","",""
"0","","","","","","","","","","","","","","","","","",""
"0","","","","","","","","","","","","","","","","","",""
"0","","","","","","","","","","","","","","","","","",""
"0","","","","","","","","","","","","","","","","","",""
"0","","","","","","","","","","","","","","","","","",""
"0","","","","","","","","","","","","","","","","","",""
"0","","","","","","","","","","","","","","","","","",""
"0","","","","","","","","","","","","","","","","","",""
"0","","","","","","","","","","","","","","","","","",""
"0","","","","","","","","","","","","","","","","","",""
"0","","","","","","","","","","","","","","","","","",""
"0","","","","","","","","","","","","","","","","","",""
"0","","","","","","","","","","","","","","","","","",""
"0","","","","","","","","","","","","","","","","","",""
"0","","","","","","","","","","","","","","","","","",""
"0","","","","","","","","","","","","","","","","","",""
"0","","","","","","","","","","","","","","","","","",""
"0","","","","","","","","","","","","","","","","","",""
"0","","","","","","","","","","","","","","","","","",""
"0","","","","","","","","","","","","","","","","","",""
"0","","","","","","","","","","","","","","","","","",""
"0","","","","","","","","","","","","","","","","","",""
"0","","","","","","","","","","","","","","","","","",""
"0","","","","","","","","","","","","","","","","","",""
"0","","","","","","","","","","","","","","","","","",""
"0","","","","","","","","","","","","","","","","","",""
"0","","","","","","","","","","","","","","","","","",""
"0","","","","","","","","","","","","","","","","","",""
"0","","","","","","","","","","","","","","","","","",""
"0","","","","","","","","","","","","","","","","","",""
"0","","","","","","","","","","","","","","","","","",""
"0","","","","","","","","","","","","","","","","","",""
"0","","","","","","","","","","","","","","","","","",""
"0","","","","","","","","","","","","","","","","","",""
"0","","","","","","","","","","","","","","","","","",""
"0","","","","","","","","","","","","","","","","","",""
"0","","","","","","","","","","","","","","","","","",""
"0","","","","","","","","","","","","","","","","","",""
"0","","","","","","","","","","","","","","","","","",""
"0","","","","","","","","","","","","","","","","","",""
"0","","","","","","","","","","","","","","","","","",""
"0","","","","","","","","","","","","","","","","","",""
"0","","","","","","","","","","","","","","","","","",""
"0","","","","","","","","","","","","","","","","","",""
"0","","","","","","","","","","","","","","","","","",""
"0","","","","","","","","","","","","","","","","","",""
"0","","","","","","","","","","","","","","","","","",""
"0","","","","","","","","","","","","","","","","","",""
"0","","","","","","","","","","","","","","","","","",""
"0","","","","","","","","","","","","","","","","","",""
"0","","","","","","","","","","","","","","","","","",""
"0","","","","","","","","","","","","","","","","","",""
"0","","","","","","","","","","","","","","","","","",""
"0","","","","","","","","","","","","","","","","","",""
"0","","","","","","","","","","","","","","","","","",""
"0","","","","","","","","","","","","","","","","","",""
"0","","","","","","","","","","","","","","","","","",""
"0","","","","","","","","","","","","","","","","","",""
"0","","","","","","","","","","","","","","","","","",""
"0","","","","","","","","","","","","","","","","","",""
"0","","","","","","","","","","","","","","","","","",""
"0","","","","","","","","","","","","","","","","","",""
"0","","","","","","","","","","","","","","","","","",""
"0","","","","","","","","","","","","","","","","","",""
"0","","","","","","","","","","","","","","","","","",""
"0","","","","","","","","","","","","","","","","","",""
"0","","","","","","","","","","","","","","","","","",""
"0","","","","","","","","","","","","","","","","","",""
"0","","","","","","","","","","","","","","","","","",""
"0","","","","","","","","","","","","","","","","","",""
"0","","","","","","","","","","","","","","","","","",""
"0","","","","","","","","","","","","","","","","","",""
"0","","","","","","","","","","","","","","","","","",""
"0","","","","","","","","","","","","","","","","","",""
"0","","","","","","","","","","","","","","","","","",""
"0","","","","","","","","","","","","","","","","","",""
"0","","","","","","","","","","","","","","","","","",""
"0","","","","","","","","","","","","","","","","","",""
"0","","","","","","","","","","","","","","","","","",""
"0","","","","","","","","","","","","","","","","","",""
"0","","","","","","","","","","","","","","","","","",""
"0","","","","","","","","","","","","","","","","","",""
"0","","","","","","","","","","","","","","","","","",""
"0","","","","","","","","","","","","","","","","","",""
"0","","","","","","","","","","","","","","","","","",""
"0","","","","","","","","","","","","","","","","","",""
"0","","","","","","","","","","","","","","","","","",""
"0","","","","","","","","","","","","","","","","","",""
"0","","","","","","","","","","","","","","","","","",""
"0","","","","","","","","","","","","","","","","","",""
"0","","","","","","","","","","","","","","","","","",""
"0","","","","","","","","","","","","","","","","","",""
"0","","","","","","","","","","","","","","","","","",""
"0","","","","","","","","","","","","","","","","","",""
"0","","","","","","","","","","","","","","","","","",""
"0","","","","","","","","","","","","","","","","","",""
"0","","","","","","","","","","","","","","","","","",""
"0","","","","","","","","","","","","","","","","","",""
"0","","","","","","","","","","","","","","","","","",""
"0","","","","","","","","","","","","","","","","","",""
"0","","","","","","","","","","","","","","","","","",""
"0","","","","","","","","","","","","","","","","","",""
"0","","","","","","","","","","","","","","","","","",""
"0","","","","","","","","","","","","","","","","","",""
"0","","","","","","","","","","","","","","","","","",""
"0","","","","","","","","","","","","","","","","","",""
"0","","","","","","","","","","","","","","","","","",""
"0","","","","","","","","","","","","","","","","","",""
"0","","","","","","","","","","","","","","","","","",""
"0","","","","","","","","","","","","","","","","","",""
"0","","","","","","","","","","","","","","","","","",""
"0","","","","","","","","","","","","","","","","","",""
"0","","","","","","","","","","","","","","","","","",""
"0","","","","","","","","","","","","","","","","","",""
"0","","","","","","","","","","","","","","","","","",""
"0","","","","","","","","","","","","","","","","","",""
"0","","","","","","","","","","","","","","","","","",""
"0","","","","","","","","","","","","","","","","","",""
"0","","","","","","","","","","","","","","","","","",""
"0","","","","","","","","","","","","","","","","","",""
"0","","","","","","","","","","","","","","","","","",""
"0","","","","","","","","","","","","","","","","","",""
"0","","","","","","","","","","","","","","","","","",""
"0","","","","","","","","","","","","","","","","","",""
"0","","","","","","","","","","","","","","","","","",""
"0","","","","","","","","","","","","","","","","","",""
"0","","","","","","","","","","","","","","","","","",""
"0","","","","","","","","","","","","","","","","","",""
"0","","","","","","","","","","","","","","","","","",""
"0","","","","","","","","","","","","","","","","","",""
"0","","","","","","","","","","","","","","","","","",""
"0","","","","","","","","","","","","","","","","","",""
"0","","","","","","","","","","","","","","","","","",""
"0","","","","","","","","","","","","","","","","","",""
"0","","","","","","","","","","","","","","","","","",""
"0","","","","","","","","","","","","","","","","","",""
"0","","","","","","","","","","","","","","","","","",""
"0","","","","","","","","","","","","","","","","","",""
"0","","","","","","","","","","","","","","","","","",""
"0","","","","","","","","","","","","","","","","","",""
"0","","","","","","","","","","","","","","","","","",""
"0","","","","","","","","","","","","","","","","","",""
"0","","","","","","","","","","","","","","","","","",""
"0","","","","","","","","","","","","","","","","","",""
"0","","","","","","","","","","","","","","","","","",""
"0","","","","","","","","","","","","","","","","","",""
"0","","","","","","","","","","","","","","","","","",""
"0","","","","","","","","","","","","","","","","","",""
"0","","","","","","","","","","","","","","","","","",""
"0","","","","","","","","","","","","","","","","","",""
"0","","","","","","","","","","","","","","","","","",""
"0","","","","","","","","","","","","","","","","","",""
"0","","","","","","","","","","","","","","","","","",""
"0","","","","","","","","","","","","","","","","","",""
"0","","","","","","","","","","","","","","","","","",""
"0","","","","","","","","","","","","","","","","","",""
"0","","","","","","","","","","","","","","","","","",""
"0","","","","","","","","","","","","","","","","","",""
"0","","","","","","","","","","","","","","","","","",""
"0","","","","","","","","","","","","","","","","","",""
"0","","","","","","","","","","","","","","","","","",""
"0","","","","","","","","","","","","","","","","","",""
"0","","","","","","","","","","","","","","","","","",""
"0","","","","","","","","","","","","","","","","","",""
"0","","","","","","","","","","","","","","","","","",""
"0","","","","","","","","","","","","","","","","","",""
"0","","","","","","","","","","","","","","","","","",""
"0","","","","","","","","","","","","","","","","","",""
"0","","","","","","","","","","","","","","","","","",""
"0","","","","","","","","","","","","","","","","","",""
"0","","","","","","","","","","","","","","","","","",""
"0","","","","","","","","","","","","","","","","","",""
"0","","","","","","","","","","","","","","","","","",""
"0","","","","","","","","","","","","","","","","","",""
"0","","","","","","","","","","","","","","","","","",""
"0","","","","","","","","","","","","","","","","","",""
"0","","","","","","","","","","","","","","","","","",""
"0","","","","","","","","","","","","","","","","","",""
"0","","","","","","","","","","","","","","","","","",""
"0","","","","","","","","","","","","","","","","","",""
"0","","","","","","","","","","","","","","","","","",""
"0","","","","","","","","","","","","","","","","","",""
"0","","","","","","","","","","","","","","","","","",""
"0","","","","","","","","","","","","","","","","","",""
"0","","","","","","","","","","","","","","","","","",""
"0","","","","","","","","","","","","","","","","","",""
"0","","","","","","","","","","","","","","","","","",""
"0","","","","","","","","","","","","","","","","","",""
"0","","","","","","","","","","","","","","","","","",""
"0","","","","","","","","","","","","","","","","","",""
"0","","","","","","","","","","","","","","","","","",""
"0","","","","","","","","","","","","","","","","","",""
"0","","","","","","","","","","","","","","","","","",""
"0","","","","","","","","","","","","","","","","","",""
"0","","","","","","","","","","","","","","","","","",""
"0","","","","","","","","","","","","","","","","","",""
"0","","","","","","","","","","","","","","","","","",""
"0","","","","","","","","","","","","","","","","","",""
"0","","","","","","","","","","","","","","","","","",""
"0","","","","","","","","","","","","","","","","","",""
"0","","","","","","","","","","","","","","","","","",""
"0","","","","","","","","","","","","","","","","","",""
"0","","","","","","","","","","","","","","","","","",""
"0","","","","","","","","","","","","","","","","","",""
"0","","","","","","","","","","","","","","","","","",""
"0","","","","","","","","","","","","","","","","","",""
"0","","","","","","","","","","","","","","","","","",""
"0","","","","","","","","","","","","","","","","","",""
"0","","","","","","","","","","","","","","","","","",""
"0","","","","","","","","","","","","","","","","","",""
"0","","","","","","","","","","","","","","","","","",""
"0","","","","","","","","","","","","","","","","","",""
"0","","","","","","","","","","","","","","","","","",""
"0","","","","","","","","","","","","","","","","","",""
"0","","","","","","","","","","","","","","","","","",""
"0","","","","","","","","","","","","","","","","","",""
"0","","","","","","","","","","","","","","","","","",""
"0","","","","","","","","","","","","","","","","","",""
"0","","","","","","","","","","","","","","","","","",""
"0","","","","","","","","","","","","","","","","","",""
"0","","","","","","","","","","","","","","","","","",""
"0","","","","","","","","","","","","","","","","","",""
"0","","","","","","","","","","","","","","","","","",""
"0","","","","","","","","","","","","","","","","","",""
"0","","","","","","","","","","","","","","","","","",""
"0","","","","","","","","","","","","","","","","","",""
"0","","","","","","","","","","","","","","","","","",""
"0","","","","","","","","","","","","","","","","","",""
"0","","","","","","","","","","","","","","","","","",""
"0","","","","","","","","","","","","","","","","","",""
"0","","","","","","","","","","","","","","","","","",""
"0","","","","","","","","","","","","","","","","","",""
"0","","","","","","","","","","","","","","","","","",""
"0","","","","","","","","","","","","","","","","","",""
"0","","","","","","","","","","","","","","","","","",""
"0","","","","","","","","","","","","","","","","","",""
"0","","","","","","","","","","","","","","","","","",""
"0","","","","","","","","","","","","","","","","","",""
"0","","","","","","","","","","","","","","","","","",""
"0","","","","","","","","","","","","","","","","","",""
"0","","","","","","","","","","","","","","","","","",""
"0","","","","","","","","","","","","","","","","","",""
"0","","","","","","","","","","","","","","","","","",""
"0","","","","","","","","","","","","","","","","","",""
"0","","","","","","","","","","","","","","","","","",""
"0","","","","","","","","","","","","","","","","","",""
"0","","","","","","","","","","","","","","","","","",""
"0","","","","","","","","","","","","","","","","","",""
"0","","","","","","","","","","","","","","","","","",""
"0","","","","","","","","","","","","","","","","","",""
"0","","","","","","","","","","","","","","","","","",""
"0","","","","","","","","","","","","","","","","","",""
"0","","","","","","","","","","","","","","","","","",""
"0","","","","","","","","","","","","","","","","","",""
"0","","","","","","","","","","","","","","","","","",""
"0","","","","","","","","","","","","","","","","","",""
"0","","","","","","","","","","","","","","","","","",""
"0","","","","","","","","","","","","","","","","","",""
"0","","","","","","","","","","","","","","","","","",""
"0","","","","","","","","","","","","","","","","","",""
"0","","","","","","","","","","","","","","","","","",""
"0","","","","","","","","","","","","","","","","","",""
"0","","","","","","","","","","","","","","","","","",""
"0","","","","","","","","","","","","","","","","","",""
"0","","","","","","","","","","","","","","","","","",""
"0","","","","","","","","","","","","","","","","","",""
"0","","","","","","","","","","","","","","","","","",""
"0","","","","","","","","","","","","","","","","","",""
"0","","","","","","","","","","","","","","","","","",""
"0","","","","","","","","","","","","","","","","","",""
"0","","","","","","","","","","","","","","","","","",""
"0","","","","","","","","","","","","","","","","","",""
"0","","","","","","","","","","","","","","","","","",""
"0","","","","","","","","","","","","","","","","","",""
"0","","","","","","","","","","","","","","","","","",""
"0","","","","","","","","","","","","","","","","","",""
"0","","","","","","","","","","","","","","","","","",""
"0","","","","","","","","","","","","","","","","","",""
"0","","","","","","","","","","","","","","","","","",""
"0","","","","","","","","","","","","","","","","","",""
"0","","","","","","","","","","","","","","","","","",""
"0","","","","","","","","","","","","","","","","","",""
"0","","","","","","","","","","","","","","","","","",""
"0","","","","","","","","","","","","","","","","","",""
"0","","","","","","","","","","","","","","","","","",""
"0","","","","","","","","","","","","","","","","","",""
"0","","","","","","","","","","","","","","","","","",""
"0","","","","","","","","","","","","","","","","","",""
"0","","","","","","","","","","","","","","","","","",""
"0","","","","","","","","","","","","","","","","","",""
"0","","","","","","","","","","","","","","","","","",""
"0","","","","","","","","","","","","","","","","","",""
"0","","","","","","","","","","","","","","","","","",""
"0","","","","","","","","","","","","","","","","","",""
"0","","","","","","","","","","","","","","","","","",""
"0","","","","","","","","","","","","","","","","","",""
"0","","","","","","","","","","","","","","","","","",""
"0","","","","","","","","","","","","","","","","","",""
"0","","","","","","","","","","","","","","","","","",""
"0","","","","","","","","","","","","","","","","","",""
"0","","","","","","","","","","","","","","","","","",""
"0","","","","","","","","","","","","","","","","","",""
"0","","","","","","","","","","","","","","","","","",""
"0","","","","","","","","","","","","","","","","","",""
"0","","","","","","","","","","","","","","","","","",""
"0","","","","","","","","","","","","","","","","","",""
"0","","","","","","","","","","","","","","","","","",""
"0","","","","","","","","","","","","","","","","","",""
"0","","","","","","","","","","","","","","","","","",""
"0","","","","","","","","","","","","","","","","","",""
"0","","","","","","","","","","","","","","","","","",""
"0","","","","","","","","","","","","","","","","","",""
"0","","","","","","","","","","","","","","","","","",""
"0","","","","","","","","","","","","","","","","","",""
"0","","","","","","","","","","","","","","","","","",""
"0","","","","","","","","","","","","","","","","","",""
"0","","","","","","","","","","","","","","","","","",""
"0","","","","","","","","","","","","","","","","","",""
"0","","","","","","","","","","","","","","","","","",""
"0","","","","","","","","","","","","","","","","","",""
"0","","","","","","","","","","","","","","","","","",""
"0","","","","","","","","","","","","","","","","","",""
"0","","","","","","","","","","","","","","","","","",""
"0","","","","","","","","","","","","","","","","","",""
"0","","","","","","","","","","","","","","","","","",""
"0","","","","","","","","","","","","","","","","","",""
"0","","","","","","","","","","","","","","","","","",""
"0","","","","","","","","","","","","","","","","","",""
"0","","","","","","","","","","","","","","","","","",""
"0","","","","","","","","","","","","","","","","","",""
"0","","","","","","","","","","","","","","","","","",""
"0","","","","","","","","","","","","","","","","","",""
"0","","","","","","","","","","","","","","","","","",""
"0","","","","","","","","","","","","","","","","","",""
"0","","","","","","","","","","","","","","","","","",""
"0","","","","","","","","","","","","","","","","","",""
"0","","","","","","","","","","","","","","","","","",""
"0","","","","","","","","","","","","","","","","","",""
"0","","","","","","","","","","","","","","","","","",""
"0","","","","","","","","","","","","","","","","","",""
"0","","","","","","","","","","","","","","","","","",""
"0","","","","","","","","","","","","","","","","","",""
"0","","","","","","","","","","","","","","","","","",""
"0","","","","","","","","","","","","","","","","","",""
"0","","","","","","","","","","","","","","","","","",""
"0","","","","","","","","","","","","","","","","","",""
"0","","","","","","","","","","","","","","","","","",""
"0","","","","","","","","","","","","","","","","","",""
"0","","","","","","","","","","","","","","","","","",""
"0","","","","","","","","","","","","","","","","","",""
"0","","","","","","","","","","","","","","","","","",""
"0","","","","","","","","","","","","","","","","","",""
"0","","","","","","","","","","","","","","","","","",""
"0","","","","","","","","","","","","","","","","","",""
"0","","","","","","","","","","","","","","","","","",""
"0","","","","","","","","","","","","","","","","","",""
"0","","","","","","","","","","","","","","","","","",""
"0","","","","","","","","","","","","","","","","","",""
"0","","","","","","","","","","","","","","","","","",""
"0","","","","","","","","","","","","","","","","","",""
"0","","","","","","","","","","","","","","","","","",""
"0","","","","","","","","","","","","","","","","","",""
"0","","","","","","","","","","","","","","","","","",""
"0","","","","","","","","","","","","","","","","","",""
"0","","","","","","","","","","","","","","","","","",""
"0","","","","","","","","","","","","","","","","","",""
"0","","","","","","","","","","","","","","","","","",""
"0","","","","","","","","","","","","","","","","","",""
"0","","","","","","","","","","","","","","","","","",""
"0","","","","","","","","","","","","","","","","","",""
"0","","","","","","","","","","","","","","","","","",""
"0","","","","","","","","","","","","","","","","","",""
"0","","","","","","","","","","","","","","","","","",""
"0","","","","","","","","","","","","","","","","","",""
"0","","","","","","","","","","","","","","","","","",""
"0","","","","","","","","","","","","","","","","","",""
"0","","","","","","","","","","","","","","","","","",""
"0","","","","","","","","","","","","","","","","","",""
"0","","","","","","","","","","","","","","","","","",""
"0","","","","","","","","","","","","","","","","","",""
"0","","","","","","","","","","","","","","","","","",""
"0","","","","","","","","","","","","","","","","","",""
"0","","","","","","","","","","","","","","","","","",""
"0","","","","","","","","","","","","","","","","","",""
"0","","","","","","","","","","","","","","","","","",""
"0","","","","","","","","","","","","","","","","","",""
"0","","","","","","","","","","","","","","","","","",""
"0","","","","","","","","","","","","","","","","","",""
"0","","","","","","","","","","","","","","","","","",""
"0","","","","","","","","","","","","","","","","","",""
"0","","","","","","","","","","","","","","","","","",""
"0","","","","","","","","","","","","","","","","","",""
"0","","","","","","","","","","","","","","","","","",""
"0","","","","","","","","","","","","","","","","","",""
"0","","","","","","","","","","","","","","","","","",""
"0","","","","","","","","","","","","","","","","","",""
"0","","","","","","","","","","","","","","","","","",""
"0","","","","","","","","","","","","","","","","","",""
"0","","","","","","","","","","","","","","","","","",""
"0","","","","","","","","","","","","","","","","","",""
"0","","","","","","","","","","","","","","","","","",""
"0","","","","","","","","","","","","","","","","","",""
"0","","","","","","","","","","","","","","","","","",""
"0","","","","","","","","","","","","","","","","","",""
"0","","","","","","","","","","","","","","","","","",""
"0","","","","","","","","","","","","","","","","","",""
"0","","","","","","","","","","","","","","","","","",""
"0","","","","","","","","","","","","","","","","","",""
"0","","","","","","","","","","","","","","","","","",""
"0","","","","","","","","","","","","","","","","","",""
"0","","","","","","","","","","","","","","","","","",""
"0","","","","","","","","","","","","","","","","","",""
"0","","","","","","","","","","","","","","","","","",""
"0","","","","","","","","","","","","","","","","","",""
"0","","","","","","","","","","","","","","","","","",""
"0","","","","","","","","","","","","","","","","","",""
"0","","","","","","","","","","","","","","","","","",""
"0","","","","","","","","","","","","","","","","","",""
"0","","","","","","","","","","","","","","","","","",""
"0","","","","","","","","","","","","","","","","","",""
"0","","","","","","","","","","","","","","","","","",""
"0","","","","","","","","","","","","","","","","","",""
"0","","","","","","","","","","","","","","","","","",""
"0","","","","","","","","","","","","","","","","","",""
"0","","","","","","","","","","","","","","","","","",""
"0","","","","","","","","","","","","","","","","","",""
"0","","","","","","","","","","","","","","","","","",""
"0","","","","","","","","","","","","","","","","","",""
"0","","","","","","","","","","","","","","","","","",""
"0","","","","","","","","","","","","","","","","","",""
"0","","","","","","","","","","","","","","","","","",""
"0","","","","","","","","","","","","","","","","","",""
"0","","","","","","","","","","","","","","","","","",""
"0","","","","","","","","","","","","","","","","","",""
"0","","","","","","","","","","","","","","","","","",""
"0","","","","","","","","","","","","","","","","","",""
"0","","","","","","","","","","","","","","","","","",""
"0","","","","","","","","","","","","","","","","","",""
"0","","","","","","","","","","","","","","","","","",""
"0","","","","","","","","","","","","","","","","","",""
"0","","","","","","","","","","","","","","","","","",""
"0","","","","","","","","","","","","","","","","","",""
"0","","","","","","","","","","","","","","","","","",""
"0","","","","","","","","","","","","","","","","","",""
"0","","","","","","","","","","","","","","","","","",""
"0","","","","","","","","","","","","","","","","","",""
"0","","","","","","","","","","","","","","","","","",""
"0","","","","","","","","","","","","","","","","","",""
"0","","","","","","","","","","","","","","","","","",""
"0","","","","","","","","","","","","","","","","","",""
"0","","","","","","","","","","","","","","","","","",""
"0","","","","","","","","","","","","","","","","","",""
"0","","","","","","","","","","","","","","","","","",""
"0","","","","","","","","","","","","","","","","","",""
"0","","","","","","","","","","","","","","","","","",""
"0","","","","","","","","","","","","","","","","","",""
"0","","","","","","","","","","","","","","","","","",""
"0","","","","","","","","","","","","","","","","","",""
"0","","","","","","","","","","","","","","","","","",""
"0","","","","","","","","","","","","","","","","","",""
"0","","","","","","","","","","","","","","","","","",""
"0","","","","","","","","","","","","","","","","","",""
"0","","","","","","","","","","","","","","","","","",""
"0","","","","","","","","","","","","","","","","","",""
"0","","","","","","","","","","","","","","","","","",""
"0","","","","","","","","","","","","","","","","","",""
"0","","","","","","","","","","","","","","","","","",""
"0","","","","","","","","","","","","","","","","","",""
"0","","","","","","","","","","","","","","","","","",""
"0","","","","","","","","","","","","","","","","","",""
"0","","","","","","","","","","","","","","","","","",""
"0","","","","","","","","","","","","","","","","","",""
"0","","","","","","","","","","","","","","","","","",""
"0","","","","","","","","","","","","","","","","","",""
"0","","","","","","","","","","","","","","","","","",""
"0","","","","","","","","","","","","","","","","","",""
"0","","","","","","","","","","","","","","","","","",""
"0","","","","","","","","","","","","","","","","","",""
"0","","","","","","","","","","","","","","","","","",""
"0","","","","","","","","","","","","","","","","","",""
"0","","","","","","","","","","","","","","","","","",""
"0","","","","","","","","","","","","","","","","","",""
"0","","","","","","","","","","","","","","","","","",""
"0","","","","","","","","","","","","","","","","","",""
"0","","","","","","","","","","","","","","","","","",""
"0","","","","","","","","","","","","","","","","","",""
"0","","","","","","","","","","","","","","","","","",""
"0","","","","","","","","","","","","","","","","","",""
"0","","","","","","","","","","","","","","","","","",""
"0","","","","","","","","","","","","","","","","","",""
"0","","","","","","","","","","","","","","","","","",""
"0","","","","","","","","","","","","","","","","","",""
"0","","","","","","","","","","","","","","","","","",""
"0","","","","","","","","","","","","","","","","","",""
"0","","","","","","","","","","","","","","","","","",""
"0","","","","","","","","","","","","","","","","","",""
"0","","","","","","","","","","","","","","","","","",""
"0","","","","","","","","","","","","","","","","","",""
"0","","","","","","","","","","","","","","","","","",""
"0","","","","","","","","","","","","","","","","","",""
"0","","","","","","","","","","","","","","","","","",""
"0","","","","","","","","","","","","","","","","","",""
"0","","","","","","","","","","","","","","","","","",""
"0","","","","","","","","","","","","","","","","","",""
"0","","","","","","","","","","","","","","","","","",""
"0","","","","","","","","","","","","","","","","","",""
"0","","","","","","","","","","","","","","","","","",""
"0","","","","","","","","","","","","","","","","","",""
"0","","","","","","","","","","","","","","","","","",""
"0","","","","","","","","","","","","","","","","","",""
"0","","","","","","","","","","","","","","","","","",""
"0","","","","","","","","","","","","","","","","","",""
"0","","","","","","","","","","","","","","","","","",""
"0","","","","","","","","","","","","","","","","","",""
"0","","","","","","","","","","","","","","","","","",""
"0","","","","","","","","","","","","","","","","","",""
"0","","","","","","","","","","","","","","","","","",""
"0","","","","","","","","","","","","","","","","","",""
"0","","","","","","","","","","","","","","","","","",""
"0","","","","","","","","","","","","","","","","","",""
"0","","","","","","","","","","","","","","","","","",""
"0","","","","","","","","","","","","","","","","","",""
"0","","","","","","","","","","","","","","","","","",""
"0","","","","","","","","","","","","","","","","","",""
"0","","","","","","","","","","","","","","","","","",""
"0","","","","","","","","","","","","","","","","","",""
"0","","","","","","","","","","","","","","","","","",""
"0","","","","","","","","","","","","","","","","","",""
"0","","","","","","","","","","","","","","","","","",""
"0","","","","","","","","","","","","","","","","","",""
"0","","","","","","","","","","","","","","","","","",""
"0","","","","","","","","","","","","","","","","","",""
"0","","","","","","","","","","","","","","","","","",""
"0","","","","","","","","","","","","","","","","","",""
"0","","","","","","","","","","","","","","","","","",""
"0","","","","","","","","","","","","","","","","","",""
"0","","","","","","","","","","","","","","","","","",""
"0","","","","","","","","","","","","","","","","","",""
"0","","","","","","","","","","","","","","","","","",""
"0","","","","","","","","","","","","","","","","","",""
"0","","","","","","","","","","","","","","","","","",""
"0","","","","","","","","","","","","","","","","","",""
"0","","","","","","","","","","","","","","","","","",""
"0","","","","","","","","","","","","","","","","","",""
"0","","","","","","","","","","","","","","","","","",""
"0","","","","","","","","","","","","","","","","","",""
"0","","","","","","","","","","","","","","","","","",""
"0","","","","","","","","","","","","","","","","","",""
"0","","","","","","","","","","","","","","","","","",""
"0","","","","","","","","","","","","","","","","","",""
"0","","","","","","","","","","","","","","","","","",""
"0","","","","","","","","","","","","","","","","","",""
"0","","","","","","","","","","","","","","","","","",""
"0","","","","","","","","","","","","","","","","","",""
"0","","","","","","","","","","","","","","","","","",""
"0","","","","","","","","","","","","","","","","","",""
"0","","","","","","","","","","","","","","","","","",""
"0","","","","","","","","","","","","","","","","","",""
"0","","","","","","","","","","","","","","","","","",""
"0","","","","","","","","","","","","","","","","","",""
"0","","","","","","","","","","","","","","","","","",""
"0","","","","","","","","","","","","","","","","","",""
"0","","","","","","","","","","","","","","","","","",""
"0","","","","","","","","","","","","","","","","","",""
"0","","","","","","","","","","","","","","","","","",""
"0","","","","","","","","","","","","","","","","","",""
"0","","","","","","","","","","","","","","","","","",""
"0","","","","","","","","","","","","","","","","","",""
"0","","","","","","","","","","","","","","","","","",""
"0","","","","","","","","","","","","","","","","","",""
"0","","","","","","","","","","","","","","","","","",""
"0","","","","","","","","","","","","","","","","","",""
"0","","","","","","","","","","","","","","","","","",""
"0","","","","","","","","","","","","","","","","","",""
"0","","","","","","","","","","","","","","","","","",""
"0","","","","","","","","","","","","","","","","","",""
"0","","","","","","","","","","","","","","","","","",""
"0","","","","","","","","","","","","","","","","","",""
"0","","","","","","","","","","","","","","","","","",""
"0","","","","","","","","","","","","","","","","","",""
"0","","","","","","","","","","","","","","","","","",""
"0","","","","","","","","","","","","","","","","","",""
"0","","","","","","","","","","","","","","","","","",""
"0","","","","","","","","","","","","","","","","","",""
"0","","","","","","","","","","","","","","","","","",""
"0","","","","","","","","","","","","","","","","","",""
"0","","","","","","","","","","","","","","","","","",""
"0","","","","","","","","","","","","","","","","","",""
"0","","","","","","","","","","","","","","","","","",""
"0","","","","","","","","","","","","","","","","","",""
"0","","","","","","","","","","","","","","","","","",""
"0","","","","","","","","","","","","","","","","","",""
"0","","","","","","","","","","","","","","","","","",""
"0","","","","","","","","","","","","","","","","","",""
"0","","","","","","","","","","","","","","","","","",""
"0","","","","","","","","","","","","","","","","","",""
"0","","","","","","","","","","","","","","","","","",""
"0","","","","","","","","","","","","","","","","","",""
"0","","","","","","","","","","","","","","","","","",""
"0","","","","","","","","","","","","","","","","","",""
"0","","","","","","","","","","","","","","","","","",""
"0","","","","","","","","","","","","","","","","","",""
"0","","","","","","","","","","","","","","","","","",""
"0","","","","","","","","","","","","","","","","","",""
"0","","","","","","","","","","","","","","","","","",""
"0","","","","","","","","","","","","","","","","","",""
"0","","","","","","","","","","","","","","","","","",""
"0","","","","","","","","","","","","","","","","","",""
"0","","","","","","","","","","","","","","","","","",""
"0","","","","","","","","","","","","","","","","","",""
"0","","","","","","","","","","","","","","","","","",""
"0","","","","","","","","","","","","","","","","","",""
"0","","","","","","","","","","","","","","","","","",""
"0","","","","","","","","","","","","","","","","","",""
"0","","","","","","","","","","","","","","","","","",""
"0","","","","","","","","","","","","","","","","","",""
"0","","","","","","","","","","","","","","","","","",""
"0","","","","","","","","","","","","","","","","","",""
"0","","","","","","","","","","","","","","","","","",""
"0","","","","","","","","","","","","","","","","","",""
"0","","","","","","","","","","","","","","","","","",""
"0","","","","","","","","","","","","","","","","","",""
"0","","","","","","","","","","","","","","","","","",""
"0","","","","","","","","","","","","","","","","","",""
"0","","","","","","","","","","","","","","","","","",""
"0","","","","","","","","","","","","","","","","","",""
"0","","","","","","","","","","","","","","","","","",""
"0","","","","","","","","","","","","","","","","","",""
"0","","","","","","","","","","","","","","","","","",""
"0","","","","","","","","","","","","","","","","","",""
"0","","","","","","","","","","","","","","","","","",""
"0","","","","","","","","","","","","","","","","","",""
"0","","","","","","","","","","","","","","","","","",""
"0","","","","","","","","","","","","","","","","","",""
"0","","","","","","","","","","","","","","","","","",""
"0","","","","","","","","","","","","","","","","","",""
"0","","","","","","","","","","","","","","","","","",""
"0","","","","","","","","","","","","","","","","","",""
"0","","","","","","","","","","","","","","","","","",""
"0","","","","","","","","","","","","","","","","","",""
"0","","","","","","","","","","","","","","","","","",""
"0","","","","","","","","","","","","","","","","","",""
"0","","","","","","","","","","","","","","","","","",""
"0","","","","","","","","","","","","","","","","","",""
"0","","","","","","","","","","","","","","","","","",""
"0","","","","","","","","","","","","","","","","","",""
"0","","","","","","","","","","","","","","","","","",""
"0","","","","","","","","","","","","","","","","","",""
"0","","","","","","","","","","","","","","","","","",""
"0","","","","","","","","","","","","","","","","","",""
"0","","","","","","","","","","","","","","","","","",""
"0","","","","","","","","","","","","","","","","","",""
"0","","","","","","","","","","","","","","","","","",""
"0","","","","","","","","","","","","","","","","","",""
"0","","","","","","","","","","","","","","","","","",""
"0","","","","","","","","","","","","","","","","","",""
"0","","","","","","","","","","","","","","","","","",""
"0","","","","","","","","","","","","","","","","","",""
"0","","","","","","","","","","","","","","","","","",""
"0","","","","","","","","","","","","","","","","","",""
"0","","","","","","","","","","","","","","","","","",""
"0","","","","","","","","","","","","","","","","","",""
"0","","","","","","","","","","","","","","","","","",""
"0","","","","","","","","","","","","","","","","","",""
"0","","","","","","","","","","","","","","","","","",""
"0","","","","","","","","","","","","","","","","","",""
"0","","","","","","","","","","","","","","","","","",""
"0","","","","","","","","","","","","","","","","","",""
"0","","","","","","","","","","","","","","","","","",""
"0","","","","","","","","","","","","","","","","","",""
"0","","","","","","","","","","","","","","","","","",""
"0","","","","","","","","","","","","","","","","","",""
"0","","","","","","","","","","","","","","","","","",""
"0","","","","","","","","","","","","","","","","","",""
"0","","","","","","","","","","","","","","","","","",""
"0","","","","","","","","","","","","","","","","","",""
"0","","","","","","","","","","","","","","","","","",""
"0","","","","","","","","","","","","","","","","","",""
"0","","","","","","","","","","","","","","","","","",""
"0","","","","","","","","","","","","","","","","","",""
"0","","","","","","","","","","","","","","","","","",""
"0","","","","","","","","","","","","","","","","","",""
"0","","","","","","","","","","","","","","","","","",""
"0","","","","","","","","","","","","","","","","","",""
"0","","","","","","","","","","","","","","","","","",""
"0","","","","","","","","","","","","","","","","","",""
"0","","","","","","","","","","","","","","","","","",""
"0","","","","","","","","","","","","","","","","","",""
"0","","","","","","","","","","","","","","","","","",""
"0","","","","","","","","","","","","","","","","","",""
"0","","","","","","","","","","","","","","","","","",""
"0","","","","","","","","","","","","","","","","","",""
"0","","","","","","","","","","","","","","","","","",""
"0","","","","","","","","","","","","","","","","","",""
"0","","","","","","","","","","","","","","","","","",""
"0","","","","","","","","","","","","","","","","","",""
"0","","","","","","","","","","","","","","","","","",""
"0","","","","","","","","","","","","","","","","","",""
"0","","","","","","","","","","","","","","","","","",""
"0","","","","","","","","","","","","","","","","","",""
"0","","","","","","","","","","","","","","","","","",""
"0","","","","","","","","","","","","","","","","","",""
"0","","","","","","","","","","","","","","","","","",""
"0","","","","","","","","","","","","","","","","","",""
"0","","","","","","","","","","","","","","","","","",""
"0","","","","","","","","","","","","","","","","","",""
"0","","","","","","","","","","","","","","","","","",""
"0","","","","","","","","","","","","","","","","","",""
"0","","","","","","","","","","","","","","","","","",""
"0","","","","","","","","","","","","","","","","","",""
"0","","","","","","","","","","","","","","","","","",""
"0","","","","","","","","","","","","","","","","","",""
"0","","","","","","","","","","","","","","","","","",""
"0","","","","","","","","","","","","","","","","","",""
"0","","","","","","","","","","","","","","","","","",""
"0","","","","","","","","","","","","","","","","","",""
"0","","","","","","","","","","","","","","","","","",""
"0","","","","","","","","","","","","","","","","","",""
"0","","","","","","","","","","","","","","","","","",""
"0","","","","","","","","","","","","","","","","","",""
"0","","","","","","","","","","","","","","","","","",""
"0","","","","","","","","","","","","","","","","","",""
"0","","","","","","","","","","","","","","","","","",""
"0","","","","","","","","","","","","","","","","","",""
"0","","","","","","","","","","","","","","","","","",""
"0","","","","","","","","","","","","","","","","","",""
"0","","","","","","","","","","","","","","","","","",""
"0","","","","","","","","","","","","","","","","","",""
"0","","","","","","","","","","","","","","","","","",""
"0","","","","","","","","","","","","","","","","","",""
"0","","","","","","","","","","","","","","","","","",""
"0","","","","","","","","","","","","","","","","","",""
"0","","","","","","","","","","","","","","","","","",""
"0","","","","","","","","","","","","","","","","","",""
"0","","","","","","","","","","","","","","","","","",""
"0","","","","","","","","","","","","","","","","","",""
"0","","","","","","","","","","","","","","","","","",""
"0","","","","","","","","","","","","","","","","","",""
"0","","","","","","","","","","","","","","","","","",""
"0","","","","","","","","","","","","","","","","","",""
"0","","","","","","","","","","","","","","","","","",""
"0","","","","","","","","","","","","","","","","","",""
"0","","","","","","","","","","","","","","","","","",""
"0","","","","","","","","","","","","","","","","","",""
"0","","","","","","","","","","","","","","","","","",""
"0","","","","","","","","","","","","","","","","","",""
"0","","","","","","","","","","","","","","","","","",""
"0","","","","","","","","","","","","","","","","","",""
"0","","","","","","","","","","","","","","","","","",""
"0","","","","","","","","","","","","","","","","","",""
"0","","","","","","","","","","","","","","","","","",""
"0","","","","","","","","","","","","","","","","","",""
"0","","","","","","","","","","","","","","","","","",""
"0","","","","","","","","","","","","","","","","","",""
"0","","","","","","","","","","","","","","","","","",""
"0","","","","","","","","","","","","","","","","","",""
"0","","","","","","","","","","","","","","","","","",""
"0","","","","","","","","","","","","","","","","","",""
"0","","","","","","","","","","","","","","","","","",""
"0","","","","","","","","","","","","","","","","","",""
"0","","","","","","","","","","","","","","","","","",""
"0","","","","","","","","","","","","","","","","","",""
"0","","","","","","","","","","","","","","","","","",""
"0","","","","","","","","","","","","","","","","","",""
"0","","","","","","","","","","","","","","","","","",""
"0","","","","","","","","","","","","","","","","","",""
"0","","","","","","","","","","","","","","","","","",""
"0","","","","","","","","","","","","","","","","","",""
"0","","","","","","","","","","","","","","","","","",""
"0","","","","","","","","","","","","","","","","","",""
"0","","","","","","","","","","","","","","","","","",""
"0","","","","","","","","","","","","","","","","","",""
"0","","","","","","","","","","","","","","","","","",""
"0","","","","","","","","","","","","","","","","","",""
"0","","","","","","","","","","","","","","","","","",""
"0","","","","","","","","","","","","","","","","","",""
"0","","","","","","","","","","","","","","","","","",""
"0","","","","","","","","","","","","","","","","","",""
"0","","","","","","","","","","","","","","","","","",""
"0","","","","","","","","","","","","","","","","","",""
"0","","","","","","","","","","","","","","","","","",""
"0","","","","","","","","","","","","","","","","","",""
"0","","","","","","","","","","","","","","","","","",""
"0","","","","","","","","","","","","","","","","","",""
"0","","","","","","","","","","","","","","","","","",""
"0","","","","","","","","","","","","","","","","","",""
"0","","","","","","","","","","","","","","","","","",""
"0","","","","","","","","","","","","","","","","","",""
"0","","","","","","","","","","","","","","","","","",""
"0","","","","","","","","","","","","","","","","","",""
"0","","","","","","","","","","","","","","","","","",""
"0","","","","","","","","","","","","","","","","","",""
"0","","","","","","","","","","","","","","","","","",""
"0","","","","","","","","","","","","","","","","","",""
"0","","","","","","","","","","","","","","","","","",""
"0","","","","","","","","","","","","","","","","","",""
"0","","","","","","","","","","","","","","","","","",""
"0","","","","","","","","","","","","","","","","","",""
"0","","","","","","","","","","","","","","","","","",""
"0","","","","","","","","","","","","","","","","","",""
"0","","","","","","","","","","","","","","","","","",""
"0","","","","","","","","","","","","","","","","","",""
"0","","","","","","","","","","","","","","","","","",""
"0","","","","","","","","","","","","","","","","","",""
"0","","","","","","","","","","","","","","","","","",""
"0","","","","","","","","","","","","","","","","","",""
"0","","","","","","","","","","","","","","","","","",""
"0","","","","","","","","","","","","","","","","","",""
"0","","","","","","","","","","","","","","","","","",""
"0","","","","","","","","","","","","","","","","","",""
"0","","","","","","","","","","","","","","","","","",""
"0","","","","","","","","","","","","","","","","","",""
"0","","","","","","","","","","","","","","","","","",""
"0","","","","","","","","","","","","","","","","","",""
"0","","","","","","","","","","","","","","","","","",""
"0","","","","","","","","","","","","","","","","","",""
"0","","","","","","","","","","","","","","","","","",""
"0","","","","","","","","","","","","","","","","","",""
"0","","","","","","","","","","","","","","","","","",""
"0","","","","","","","","","","","","","","","","","",""
"0","","","","","","","","","","","","","","","","","",""
"0","","","","","","","","","","","","","","","","","",""
"0","","","","","","","","","","","","","","","","","",""
"0","","","","","","","","","","","","","","","","","",""
"0","","","","","","","","","","","","","","","","","",""
"0","","","","","","","","","","","","","","","","","",""
"0","","","","","","","","","","","","","","","","","",""
"0","","","","","","","","","","","","","","","","","",""
"0","","","","","","","","","","","","","","","","","",""
"0","","","","","","","","","","","","","","","","","",""
"0","","","","","","","","","","","","","","","","","",""
"0","","","","","","","","","","","","","","","","","",""
"0","","","","","","","","","","","","","","","","","",""
"0","","","","","","","","","","","","","","","","","",""
"0","","","","","","","","","","","","","","","","","",""
"0","","","","","","","","","","","","","","","","","",""
"0","","","","","","","","","","","","","","","","","",""
"0","","","","","","","","","","","","","","","","","",""
"0","","","","","","","","","","","","","","","","","",""
"0","","","","","","","","","","","","","","","","","",""
"0","","","","","","","","","","","","","","","","","",""
"0","","","","","","","","","","","","","","","","","",""
"0","","","","","","","","","","","","","","","","","",""
"0","","","","","","","","","","","","","","","","","",""
"0","","","","","","","","","","","","","","","","","",""
"0","","","","","","","","","","","","","","","","","",""
"0","","","","","","","","","","","","","","","","","",""
"0","","","","","","","","","","","","","","","","","",""
"0","","","","","","","","","","","","","","","","","",""
"0","","","","","","","","","","","","","","","","","",""
"0","","","","","","","","","","","","","","","","","",""
"0","","","","","","","","","","","","","","","","","",""
"0","","","","","","","","","","","","","","","","","",""
"0","","","","","","","","","","","","","","","","","",""
"0","","","","","","","","","","","","","","","","","",""
"0","","","","","","","","","","","","","","","","","",""
"0","","","","","","","","","","","","","","","","","",""
"0","","","","","","","","","","","","","","","","","",""
"0","","","","","","","","","","","","","","","","","",""
"0","","","","","","","","","","","","","","","","","",""
"0","","","","","","","","","","","","","","","","","",""
"0","","","","","","","","","","","","","","","","","",""
"0","","","","","","","","","","","","","","","","","",""
"0","","","","","","","","","","","","","","","","","",""
"0","","","","","","","","","","","","","","","","","",""
"0","","","","","","","","","","","","","","","","","",""
"0","","","","","","","","","","","","","","","","","",""
"0","","","","","","","","","","","","","","","","","",""
"0","","","","","","","","","","","","","","","","","",""
"0","","","","","","","","","","","","","","","","","",""
"0","","","","","","","","","","","","","","","","","",""
"0","","","","","","","","","","","","","","","","","",""
"0","","","","","","","","","","","","","","","","","",""
"0","","","","","","","","","","","","","","","","","",""
"0","","","","","","","","","","","","","","","","","",""
"0","","","","","","","","","","","","","","","","","",""
"0","","","","","","","","","","","","","","","","","",""
"0","","","","","","","","","","","","","","","","","",""
"0","","","","","","","","","","","","","","","","","",""
"0","","","","","","","","","","","","","","","","","",""
"0","","","","","","","","","","","","","","","","","",""
"0","","","","","","","","","","","","","","","","","",""
"0","","","","","","","","","","","","","","","","","",""
"0","","","","","","","","","","","","","","","","","",""
"0","","","","","","","","","","","","","","","","","",""
"0","","","","","","","","","","","","","","","","","",""
"0","","","","","","","","","","","","","","","","","",""
"0","","","","","","","","","","","","","","","","","",""
"0","","","","","","","","","","","","","","","","","",""
"0","","","","","","","","","","","","","","","","","",""
"0","","","","","","","","","","","","","","","","","",""
"0","","","","","","","","","","","","","","","","","",""
"0","","","","","","","","","","","","","","","","","",""
"0","","","","","","","","","","","","","","","","","",""
"0","","","","","","","","","","","","","","","","","",""
"0","","","","","","","","","","","","","","","","","",""
"0","","","","","","","","","","","","","","","","","",""
"0","","","","","","","","","","","","","","","","","",""
"0","","","","","","","","","","","","","","","","","",""
"0","","","","","","","","","","","","","","","","","",""
"0","","","","","","","","","","","","","","","","","",""
"0","","","","","","","","","","","","","","","","","",""
"0","","","","","","","","","","","","","","","","","",""
"0","","","","","","","","","","","","","","","","","",""
"0","","","","","","","","","","","","","","","","","",""
"0","","","","","","","","","","","","","","","","","",""
"0","","","","","","","","","","","","","","","","","",""
"0","","","","","","","","","","","","","","","","","",""
"0","","","","","","","","","","","","","","","","","",""
"0","","","","","","","","","","","","","","","","","",""
"0","","","","","","","","","","","","","","","","","",""
"0","","","","","","","","","","","","","","","","","",""
"0","","","","","","","","","","","","","","","","","",""
"0","","","","","","","","","","","","","","","","","",""
"0","","","","","","","","","","","","","","","","","",""
"0","","","","","","","","","","","","","","","","","",""
"0","","","","","","","","","","","","","","","","","",""
"0","","","","","","","","","","","","","","","","","",""
"0","","","","","","","","","","","","","","","","","",""
"0","","","","","","","","","","","","","","","","","",""
"0","","","","","","","","","","","","","","","","","",""
"0","","","","","","","","","","","","","","","","","",""
"0","","","","","","","","","","","","","","","","","",""
"0","","","","","","","","","","","","","","","","","",""
"0","","","","","","","","","","","","","","","","","",""
"0","","","","","","","","","","","","","","","","","",""
"0","","","","","","","","","","","","","","","","","",""
"0","","","","","","","","","","","","","","","","","",""
"0","","","","","","","","","","","","","","","","","",""
"0","","","","","","","","","","","","","","","","","",""
"0","","","","","","","","","","","","","","","","","",""
"0","","","","","","","","","","","","","","","","","",""
"0","","","","","","","","","","","","","","","","","",""
"0","","","","","","","","","","","","","","","","","",""
"0","","","","","","","","","","","","","","","","","",""
"0","","","","","","","","","","","","","","","","","",""
"0","","","","","","","","","","","","","","","","","",""
"0","","","","","","","","","","","","","","","","","",""
"0","","","","","","","","","","","","","","","","","",""
"0","","","","","","","","","","","","","","","","","",""
"0","","","","","","","","","","","","","","","","","",""
"0","","","","","","","","","","","","","","","","","",""
"0","","","","","","","","","","","","","","","","","",""
"0","","","","","","","","","","","","","","","","","",""
"0","","","","","","","","","","","","","","","","","",""
"0","","","","","","","","","","","","","","","","","",""
"0","","","","","","","","","","","","","","","","","",""
"0","","","","","","","","","","","","","","","","","",""
"0","","","","","","","","","","","","","","","","","",""
"0","","","","","","","","","","","","","","","","","",""
"0","","","","","","","","","","","","","","","","","",""
"0","","","","","","","","","","","","","","","","","",""
"0","","","","","","","","","","","","","","","","","",""
"0","","","","","","","","","","","","","","","","","",""
"0","","","","","","","","","","","","","","","","","",""
"0","","","","","","","","","","","","","","","","","",""
"0","","","","","","","","","","","","","","","","","",""
"0","","","","","","","","","","","","","","","","","",""
"0","","","","","","","","","","","","","","","","","",""
"0","","","","","","","","","","","","","","","","","",""
"0","","","","","","","","","","","","","","","","","",""
"0","","","","","","","","","","","","","","","","","",""
"0","","","","","","","","","","","","","","","","","",""
"0","","","","","","","","","","","","","","","","","",""
"0","","","","","","","","","","","","","","","","","",""
"0","","","","","","","","","","","","","","","","","",""
"0","","","","","","","","","","","","","","","","","",""
"0","","","","","","","","","","","","","","","","","",""
"0","","","","","","","","","","","","","","","","","",""
"0","","","","","","","","","","","","","","","","","",""
"0","","","","","","","","","","","","","","","","","",""
"0","","","","","","","","","","","","","","","","","",""
"0","","","","","","","","","","","","","","","","","",""
"0","","","","","","","","","","","","","","","","","",""
"0","","","","","","","","","","","","","","","","","",""
"0","","","","","","","","","","","","","","","","","",""
"0","","","","","","","","","","","","","","","","","",""
"0","","","","","","","","","","","","","","","","","",""
"0","","","","","","","","","","","","","","","","","",""
"0","","","","","","","","","","","","","","","","","",""
"0","","","","","","","","","","","","","","","","","",""
"0","","","","","","","","","","","","","","","","","",""
"0","","","","","","","","","","","","","","","","","",""
"0","","","","","","","","","","","","","","","","","",""
"0","","","","","","","","","","","","","","","","","",""
"0","","","","","","","","","","","","","","","","","",""
"0","","","","","","","","","","","","","","","","","",""
"0","","","","","","","","","","","","","","","","","",""
"0","","","","","","","","","","","","","","","","","",""
"0","","","","","","","","","","","","","","","","","",""
"0","","","","","","","","","","","","","","","","","",""
"0","","","","","","","","","","","","","","","","","",""
"0","","","","","","","","","","","","","","","","","",""
"0","","","","","","","","","","","","","","","","","",""
"0","","","","","","","","","","","","","","","","","",""
"0","","","","","","","","","","","","","","","","","",""
"0","","","","","","","","","","","","","","","","","",""
"0","","","","","","","","","","","","","","","","","",""
"0","","","","","","","","","","","","","","","","","",""
"0","","","","","","","","","","","","","","","","","",""
"0","","","","","","","","","","","","","","","","","",""
"0","","","","","","","","","","","","","","","","","",""
"0","","","","","","","","","","","","","","","","","",""
"0","","","","","","","","","","","","","","","","","",""
"0","","","","","","","","","","","","","","","","","",""
"0","","","","","","","","","","","","","","","","","",""
"0","","","","","","","","","","","","","","","","","",""
"0","","","","","","","","","","","","","","","","","",""
"0","","","","","","","","","","","","","","","","","",""
"0","","","","","","","","","","","","","","","","","",""
"0","","","","","","","","","","","","","","","","","",""
"0","","","","","","","","","","","","","","","","","",""
"0","","","","","","","","","","","","","","","","","",""
"0","","","","","","","","","","","","","","","","","",""
"0","","","","","","","","","","","","","","","","","",""
"0","","","","","","","","","","","","","","","","","",""
"0","","","","","","","","","","","","","","","","","",""
"0","","","","","","","","","","","","","","","","","",""
"0","","","","","","","","","","","","","","","","","",""
"0","","","","","","","","","","","","","","","","","",""
"0","","","","","","","","","","","","","","","","","",""
"0","","","","","","","","","","","","","","","","","",""
"0","","","","","","","","","","","","","","","","","",""
"0","","","","","","","","","","","","","","","","","",""
"0","","","","","","","","","","","","","","","","","",""
"0","","","","","","","","","","","","","","","","","",""
"0","","","","","","","","","","","","","","","","","",""
"0","","","","","","","","","","","","","","","","","",""
"0","","","","","","","","","","","","","","","","","",""
"0","","","","","","","","","","","","","","","","","",""
"0","","","","","","","","","","","","","","","","","",""
"0","","","","","","","","","","","","","","","","","",""
"0","","","","","","","","","","","","","","","","","",""
"0","","","","","","","","","","","","","","","","","",""
"0","","","","","","","","","","","","","","","","","",""
"0","","","","","","","","","","","","","","","","","",""
"0","","","","","","","","","","","","","","","","","",""
"0","","","","","","","","","","","","","","","","","",""
"0","","","","","","","","","","","","","","","","","",""
"0","","","","","","","","","","","","","","","","","",""
"0","","","","","","","","","","","","","","","","","",""
"0","","","","","","","","","","","","","","","","","",""
"0","","","","","","","","","","","","","","","","","",""
"0","","","","","","","","","","","","","","","","","",""
"0","","","","","","","","","","","","","","","","","",""
"0","","","","","","","","","","","","","","","","","",""
"0","","","","","","","","","","","","","","","","","",""
"0","","","","","","","","","","","","","","","","","",""
"0","","","","","","","","","","","","","","","","","",""
"0","","","","","","","","","","","","","","","","","",""
"0","","","","","","","","","","","","","","","","","",""
"0","","","","","","","","","","","","","","","","","",""
"0","","","","","","","","","","","","","","","","","",""
"0","","","","","","","","","","","","","","","","","",""
"0","","","","","","","","","","","","","","","","","",""
"0","","","","","","","","","","","","","","","","","",""
"0","","","","","","","","","","","","","","","","","",""
"0","","","","","","","","","","","","","","","","","",""
"0","","","","","","","","","","","","","","","","","",""
"0","","","","","","","","","","","","","","","","","",""
"0","","","","","","","","","","","","","","","","","",""
"0","","","","","","","","","","","","","","","","","",""
"0","","","","","","","","","","","","","","","","","",""
"0","","","","","","","","","","","","","","","","","",""
"0","","","","","","","","","","","","","","","","","",""
"0","","","","","","","","","","","","","","","","","",""
"0","","","","","","","","","","","","","","","","","",""
"0","","","","","","","","","","","","","","","","","",""
"0","","","","","","","","","","","","","","","","","",""
"0","","","","","","","","","","","","","","","","","",""
"0","","","","","","","","","","","","","","","","","",""
"0","","","","","","","","","","","","","","","","","",""
"0","","","","","","","","","","","","","","","","","",""
"0","","","","","","","","","","","","","","","","","",""
"0","","","","","","","","","","","","","","","","","",""
"0","","","","","","","","","","","","","","","","","",""
"0","","","","","","","","","","","","","","","","","",""
"0","","","","","","","","","","","","","","","","","",""
"0","","","","","","","","","","","","","","","","","",""
"0","","","","","","","","","","","","","","","","","",""
"0","","","","","","","","","","","","","","","","","",""
"0","","","","","","","","","","","","","","","","","",""
"0","","","","","","","","","","","","","","","","","",""
"0","","","","","","","","","","","","","","","","","",""
"0","","","","","","","","","","","","","","","","","",""
"0","","","","","","","","","","","","","","","","","",""
"0","","","","","","","","","","","","","","","","","",""
"0","","","","","","","","","","","","","","","","","",""
"0","","","","","","","","","","","","","","","","","",""
"0","","","","","","","","","","","","","","","","","",""
"0","","","","","","","","","","","","","","","","","",""
"0","","","","","","","","","","","","","","","","","",""
"0","","","","","","","","","","","","","","","","","",""
"0","","","","","","","","","","","","","","","","","",""
"0","","","","","","","","","","","","","","","","","",""
"0","","","","","","","","","","","","","","","","","",""
"0","","","","","","","","","","","","","","","","","",""
"0","","","","","","","","","","","","","","","","","",""
"0","","","","","","","","","","","","","","","","","",""
"0","","","","","","","","","","","","","","","","","",""
"0","","","","","","","","","","","","","","","","","",""
"0","","","","","","","","","","","","","","","","","",""
"0","","","","","","","","","","","","","","","","","",""
"0","","","","","","","","","","","","","","","","","",""
"0","","","","","","","","","","","","","","","","","",""
"0","","","","","","","","","","","","","","","","","",""
"0","","","","","","","","","","","","","","","","","",""
"0","","","","","","","","","","","","","","","","","",""
"0","","","","","","","","","","","","","","","","","",""
"0","","","","","","","","","","","","","","","","","",""
"0","","","","","","","","","","","","","","","","","",""
"0","","","","","","","","","","","","","","","","","",""
"0","","","","","","","","","","","","","","","","","",""
"0","","","","","","","","","","","","","","","","","",""
"0","","","","","","","","","","","","","","","","","",""
"0","","","","","","","","","","","","","","","","","",""
"0","","","","","","","","","","","","","","","","","",""
"0","","","","","","","","","","","","","","","","","",""
"0","","","","","","","","","","","","","","","","","",""
"0","","","","","","","","","","","","","","","","","",""
"0","","","","","","","","","","","","","","","","","",""
"0","","","","","","","","","","","","","","","","","",""
"0","","","","","","","","","","","","","","","","","",""
"0","","","","","","","","","","","","","","","","","",""
"0","","","","","","","","","","","","","","","","","",""
"0","","","","","","","","","","","","","","","","","",""
"0","","","","","","","","","","","","","","","","","",""
"0","","","","","","","","","","","","","","","","","",""
"0","","","","","","","","","","","","","","","","","",""
"0","","","","","","","","","","","","","","","","","",""
"0","","","","","","","","","","","","","","","","","",""
"0","","","","","","","","","","","","","","","","","",""
"0","","","","","","","","","","","","","","","","","",""
"0","","","","","","","","","","","","","","","","","",""
"0","","","","","","","","","","","","","","","","","",""
"0","","","","","","","","","","","","","","","","","",""
"0","","","","","","","","","","","","","","","","","",""
"0","","","","","","","","","","","","","","","","","",""
"0","","","","","","","","","","","","","","","","","",""
"0","","","","","","","","","","","","","","","","","",""
"0","","","","","","","","","","","","","","","","","",""
"0","","","","","","","","","","","","","","","","","",""
"0","","","","","","","","","","","","","","","","","",""
"0","","","","","","","","","","","","","","","","","",""
"0","","","","","","","","","","","","","","","","","",""
"0","","","","","","","","","","","","","","","","","",""
"0","","","","","","","","","","","","","","","","","",""
"0","","","","","","","","","","","","","","","","","",""
"0","","","","","","","","","","","","","","","","","",""
"0","","","","","","","","","","","","","","","","","",""
"0","","","","","","","","","","","","","","","","","",""
"0","","","","","","","","","","","","","","","","","",""
"0","","","","","","","","","","","","","","","","","",""
"0","","","","","","","","","","","","","","","","","",""
"0","","","","","","","","","","","","","","","","","",""
"0","","","","","","","","","","","","","","","","","",""
"0","","","","","","","","","","","","","","","","","",""
"0","","","","","","","","","","","","","","","","","",""
"0","","","","","","","","","","","","","","","","","",""
"0","","","","","","","","","","","","","","","","","",""
"0","","","","","","","","","","","","","","","","","",""
"0","","","","","","","","","","","","","","","","","",""
"0","","","","","","","","","","","","","","","","","",""
"0","","","","","","","","","","","","","","","","","",""
"0","","","","","","","","","","","","","","","","","",""
"0","","","","","","","","","","","","","","","","","",""
"0","","","","","","","","","","","","","","","","","",""
"0","","","","","","","","","","","","","","","","","",""
"0","","","","","","","","","","","","","","","","","",""
"0","","","","","","","","","","","","","","","","","",""
"0","","","","","","","","","","","","","","","","","",""
"0","","","","","","","","","","","","","","","","","",""
"0","","","","","","","","","","","","","","","","","",""
"0","","","","","","","","","","","","","","","","","",""
"0","","","","","","","","","","","","","","","","","",""
"0","","","","","","","","","","","","","","","","","",""
"0","","","","","","","","","","","","","","","","","",""
"0","","","","","","","","","","","","","","","","","",""
"0","","","","","","","","","","","","","","","","","",""
"0","","","","","","","","","","","","","","","","","",""
"0","","","","","","","","","","","","","","","","","",""
"0","","","","","","","","","","","","","","","","","",""
"0","","","","","","","","","","","","","","","","","",""
"0","","","","","","","","","","","","","","","","","",""
"0","","","","","","","","","","","","","","","","","",""
"0","","","","","","","","","","","","","","","","","",""
"0","","","","","","","","","","","","","","","","","",""
"0","","","","","","","","","","","","","","","","","",""
"0","","","","","","","","","","","","","","","","","",""
"0","","","","","","","","","","","","","","","","","",""
"0","","","","","","","","","","","","","","","","","",""
"0","","","","","","","","","","","","","","","","","",""
"0","","","","","","","","","","","","","","","","","",""
"0","","","","","","","","","","","","","","","","","",""
"0","","","","","","","","","","","","","","","","","",""
"0","","","","","","","","","","","","","","","","","",""
"0","","","","","","","","","","","","","","","","","",""
"0","","","","","","","","","","","","","","","","","",""
"0","","","","","","","","","","","","","","","","","",""
"0","","","","","","","","","","","","","","","","","",""
"0","","","","","","","","","","","","","","","","","",""
"0","","","","","","","","","","","","","","","","","",""
"0","","","","","","","","","","","","","","","","","",""
"0","","","","","","","","","","","","","","","","","",""
"0","","","","","","","","","","","","","","","","","",""
"0","","","","","","","","","","","","","","","","","",""
"0","","","","","","","","","","","","","","","","","",""
"0","","","","","","","","","","","","","","","","","",""
"0","","","","","","","","","","","","","","","","","",""
"0","","","","","","","","","","","","","","","","","",""
"0","","","","","","","","","","","","","","","","","",""
"0","","","","","","","","","","","","","","","","","",""
"0","","","","","","","","","","","","","","","","","",""
"0","","","","","","","","","","","","","","","","","",""
"0","","","","","","","","","","","","","","","","","",""
"0","","","","","","","","","","","","","","","","","",""
"0","","","","","","","","","","","","","","","","","",""
"0","","","","","","","","","","","","","","","","","",""
"0","","","","","","","","","","","","","","","","","",""
"0","","","","","","","","","","","","","","","","","",""
"0","","","","","","","","","","","","","","","","","",""
"0","","","","","","","","","","","","","","","","","",""
"0","","","","","","","","","","","","","","","","","",""
"0","","","","","","","","","","","","","","","","","",""
"0","","","","","","","","","","","","","","","","","",""
"0","","","","","","","","","","","","","","","","","",""
"0","","","","","","","","","","","","","","","","","",""
"0","","","","","","","","","","","","","","","","","",""
"0","","","","","","","","","","","","","","","","","",""
"0","","","","","","","","","","","","","","","","","",""
"0","","","","","","","","","","","","","","","","","",""
"0","","","","","","","","","","","","","","","","","",""
"0","","","","","","","","","","","","","","","","","",""
"0","","","","","","","","","","","","","","","","","",""
"0","","","","","","","","","","","","","","","","","",""
"0","","","","","","","","","","","","","","","","","",""
"0","","","","","","","","","","","","","","","","","",""
"0","","","","","","","","","","","","","","","","","",""
"0","","","","","","","","","","","","","","","","","",""
"0","","","","","","","","","","","","","","","","","",""
"0","","","","","","","","","","","","","","","","","",""
"0","","","","","","","","","","","","","","","","","",""
"0","","","","","","","","","","","","","","","","","",""
"0","","","","","","","","","","","","","","","","","",""
"0","","","","","","","","","","","","","","","","","",""
"0","","","","","","","","","","","","","","","","","",""
"0","","","","","","","","","","","","","","","","","",""
"0","","","","","","","","","","","","","","","","","",""
"0","","","","","","","","","","","","","","","","","",""
"0","","","","","","","","","","","","","","","","","",""
"0","","","","","","","","","","","","","","","","","",""
"0","","","","","","","","","","","","","","","","","",""
"0","","","","","","","","","","","","","","","","","",""
"0","","","","","","","","","","","","","","","","","",""
"0","","","","","","","","","","","","","","","","","",""
"0","","","","","","","","","","","","","","","","","",""
"0","","","","","","","","","","","","","","","","","",""
"0","","","","","","","","","","","","","","","","","",""
"0","","","","","","","","","","","","","","","","","",""
"0","","","","","","","","","","","","","","","","","",""
"0","","","","","","","","","","","","","","","","","",""
"0","","","","","","","","","","","","","","","","","",""
"0","","","","","","","","","","","","","","","","","",""
"0","","","","","","","","","","","","","","","","","",""
"0","","","","","","","","","","","","","","","","","",""
"0","","","","","","","","","","","","","","","","","",""
"0","","","","","","","","","","","","","","","","","",""
"0","","","","","","","","","","","","","","","","","",""
"0","","","","","","","","","","","","","","","","","",""
"0","","","","","","","","","","","","","","","","","",""
"0","","","","","","","","","","","","","","","","","",""
"0","","","","","","","","","","","","","","","","","",""
"0","","","","","","","","","","","","","","","","","",""
"0","","","","","","","","","","","","","","","","","",""
"0","","","","","","","","","","","","","","","","","",""
"0","","","","","","","","","","","","","","","","","",""
"0","","","","","","","","","","","","","","","","","",""
"0","","","","","","","","","","","","","","","","","",""
"0","","","","","","","","","","","","","","","","","",""
"0","","","","","","","","","","","","","","","","","",""
"0","","","","","","","","","","","","","","","","","",""
"0","","","","","","","","","","","","","","","","","",""
"0","","","","","","","","","","","","","","","","","",""
"0","","","","","","","","","","","","","","","","","",""
"0","","","","","","","","","","","","","","","","","",""
"0","","","","","","","","","","","","","","","","","",""
"0","","","","","","","","","","","","","","","","","",""
"0","","","","","","","","","","","","","","","","","",""
"0","","","","","","","","","","","","","","","","","",""
"0","","","","","","","","","","","","","","","","","",""
"0","","","","","","","","","","","","","","","","","",""
"0","","","","","","","","","","","","","","","","","",""
"0","","","","","","","","","","","","","","","","","",""
"0","","","","","","","","","","","","","","","","","",""
"0","","","","","","","","","","","","","","","","","",""
"0","","","","","","","","","","","","","","","","","",""
"0","","","","","","","","","","","","","","","","","",""
"0","","","","","","","","","","","","","","","","","",""
"0","","","","","","","","","","","","","","","","","",""
"0","","","","","","","","","","","","","","","","","",""
"0","","","","","","","","","","","","","","","","","",""
"0","","","","","","","","","","","","","","","","","",""
"0","","","","","","","","","","","","","","","","","",""
"0","","","","","","","","","","","","","","","","","",""
"0","","","","","","","","","","","","","","","","","",""
"0","","","","","","","","","","","","","","","","","",""
"0","","","","","","","","","","","","","","","","","",""
"0","","","","","","","","","","","","","","","","","",""
"0","","","","","","","","","","","","","","","","","",""
"0","","","","","","","","","","","","","","","","","",""
"0","","","","","","","","","","","","","","","","","",""
"0","","","","","","","","","","","","","","","","","",""
"0","","","","","","","","","","","","","","","","","",""
"0","","","","","","","","","","","","","","","","","",""
"0","","","","","","","","","","","","","","","","","",""
"0","","","","","","","","","","","","","","","","","",""
"0","","","","","","","","","","","","","","","","","",""
"0","","","","","","","","","","","","","","","","","",""
"0","","","","","","","","","","","","","","","","","",""
"0","","","","","","","","","","","","","","","","","",""
"0","","","","","","","","","","","","","","","","","",""
"0","","","","","","","","","","","","","","","","","",""
"0","","","","","","","","","","","","","","","","","",""
"0","","","","","","","","","","","","","","","","","",""
"0","","","","","","","","","","","","","","","","","",""
"0","","","","","","","","","","","","","","","","","",""
"0","","","","","","","","","","","","","","","","","",""
"0","","","","","","","","","","","","","","","","","",""
"0","","","","","","","","","","","","","","","","","",""
"0","","","","","","","","","","","","","","","","","",""
"0","","","","","","","","","","","","","","","","","",""
"0","","","","","","","","","","","","","","","","","",""
"0","","","","","","","","","","","","","","","","","",""
"0","","","","","","","","","","","","","","","","","",""
"0","","","","","","","","","","","","","","","","","",""
"0","","","","","","","","","","","","","","","","","",""
"0","","","","","","","","","","","","","","","","","",""
"0","","","","","","","","","","","","","","","","","",""
"0","","","","","","","","","","","","","","","","","",""
"0","","","","","","","","","","","","","","","","","",""
"0","","","","","","","","","","","","","","","","","",""
"0","","","","","","","","","","","","","","","","","",""
"0","","","","","","","","","","","","","","","","","",""
"0","","","","","","","","","","","","","","","","","",""
"0","","","","","","","","","","","","","","","","","",""
"0","","","","","","","","","","","","","","","","","",""
"0","","","","","","","","","","","","","","","","","",""
"0","","","","","","","","","","","","","","","","","",""
"0","","","","","","","","","","","","","","","","","",""
"0","","","","","","","","","","","","","","","","","",""
"0","","","","","","","","","","","","","","","","","",""
"0","","","","","","","","","","","","","","","","","",""
"0","","","","","","","","","","","","","","","","","",""
"0","","","","","","","","","","","","","","","","","",""
"0","","","","","","","","","","","","","","","","","",""
"0","","","","","","","","","","","","","","","","","",""
"0","","","","","","","","","","","","","","","","","",""
"0","","","","","","","","","","","","","","","","","",""
"0","","","","","","","","","","","","","","","","","",""
"0","","","","","","","","","","","","","","","","","",""
"0","","","","","","","","","","","","","","","","","",""
"0","","","","","","","","","","","","","","","","","",""
"0","","","","","","","","","","","","","","","","","",""
"0","","","","","","","","","","","","","","","","","",""
"0","","","","","","","","","","","","","","","","","",""
"0","","","","","","","","","","","","","","","","","",""
"0","","","","","","","","","","","","","","","","","",""
"0","","","","","","","","","","","","","","","","","",""
"0","","","","","","","","","","","","","","","","","",""
"0","","","","","","","","","","","","","","","","","",""
"0","","","","","","","","","","","","","","","","","",""
"0","","","","","","","","","","","","","","","","","",""
"0","","","","","","","","","","","","","","","","","",""
"0","","","","","","","","","","","","","","","","","",""
"0","","","","","","","","","","","","","","","","","",""
"0","","","","","","","","","","","","","","","","","",""
"0","","","","","","","","","","","","","","","","","",""
"0","","","","","","","","","","","","","","","","","",""
"0","","","","","","","","","","","","","","","","","",""
"0","","","","","","","","","","","","","","","","","",""
"0","","","","","","","","","","","","","","","","","",""
"0","","","","","","","","","","","","","","","","","",""
"0","","","","","","","","","","","","","","","","","",""
"0","","","","","","","","","","","","","","","","","",""
"0","","","","","","","","","","","","","","","","","",""
"0","","","","","","","","","","","","","","","","","",""
"0","","","","","","","","","","","","","","","","","",""
"0","","","","","","","","","","","","","","","","","",""
"0","","","","","","","","","","","","","","","","","",""
"0","","","","","","","","","","","","","","","","","",""
"0","","","","","","","","","","","","","","","","","",""
"0","","","","","","","","","","","","","","","","","",""
"0","","","","","","","","","","","","","","","","","",""
"0","","","","","","","","","","","","","","","","","",""
"0","","","","","","","","","","","","","","","","","",""
"0","","","","","","","","","","","","","","","","","",""
"0","","","","","","","","","","","","","","","","","",""
"0","","","","","","","","","","","","","","","","","",""
"0","","","","","","","","","","","","","","","","","",""
"0","","","","","","","","","","","","","","","","","",""
"0","","","","","","","","","","","","","","","","","",""
"0","","","","","","","","","","","","","","","","","",""
"0","","","","","","","","","","","","","","","","","",""
"0","","","","","","","","","","","","","","","","","",""
"0","","","","","","","","","","","","","","","","","",""
"0","","","","","","","","","","","","","","","","","",""
"0","","","","","","","","","","","","","","","","","",""
"0","","","","","","","","","","","","","","","","","",""
"0","","","","","","","","","","","","","","","","","",""
"0","","","","","","","","","","","","","","","","","",""
"0","","","","","","","","","","","","","","","","","",""
"0","","","","","","","","","","","","","","","","","",""
"0","","","","","","","","","","","","","","","","","",""
"0","","","","","","","","","","","","","","","","","",""
"0","","","","","","","","","","","","","","","","","",""
"0","","","","","","","","","","","","","","","","","",""
"0","","","","","","","","","","","","","","","","","",""
"0","","","","","","","","","","","","","","","","","",""
"0","","","","","","","","","","","","","","","","","",""
"0","","","","","","","","","","","","","","","","","",""
"0","","","","","","","","","","","","","","","","","",""
"0","","","","","","","","","","","","","","","","","",""
"0","","","","","","","","","","","","","","","","","",""
"0","","","","","","","","","","","","","","","","","",""
"0","","","","","","","","","","","","","","","","","",""
"0","","","","","","","","","","","","","","","","","",""
"0","","","","","","","","","","","","","","","","","",""
"0","","","","","","","","","","","","","","","","","",""
"0","","","","","","","","","","","","","","","","","",""
"0","","","","","","","","","","","","","","","","","",""
"0","","","","","","","","","","","","","","","","","",""
"0","","","","","","","","","","","","","","","","","",""
"0","","","","","","","","","","","","","","","","","",""
"0","","","","","","","","","","","","","","","","","",""
"0","","","","","","","","","","","","","","","","","",""
"0","","","","","","","","","","","","","","","","","",""
"0","","","","","","","","","","","","","","","","","",""
"0","","","","","","","","","","","","","","","","","",""
"0","","","","","","","","","","","","","","","","","",""
"0","","","","","","","","","","","","","","","","","",""
"0","","","","","","","","","","","","","","","","","",""
"0","","","","","","","","","","","","","","","","","",""
"0","","","","","","","","","","","","","","","","","",""
"0","","","","","","","","","","","","","","","","","",""
"0","","","","","","","","","","","","","","","","","",""
"0","","","","","","","","","","","","","","","","","",""
"0","","","","","","","","","","","","","","","","","",""
"0","","","","","","","","","","","","","","","","","",""
"0","","","","","","","","","","","","","","","","","",""
"0","","","","","","","","","","","","","","","","","",""
"0","","","","","","","","","","","","","","","","","",""
"0","","","","","","","","","","","","","","","","","",""
"0","","","","","","","","","","","","","","","","","",""
"0","","","","","","","","","","","","","","","","","",""
"0","","","","","","","","","","","","","","","","","",""
"0","","","","","","","","","","","","","","","","","",""
"0","","","","","","","","","","","","","","","","","",""
"0","","","","","","","","","","","","","","","","","",""
"0","","","","","","","","","","","","","","","","","",""
"0","","","","","","","","","","","","","","","","","",""
"0","","","","","","","","","","","","","","","","","",""
"0","","","","","","","","","","","","","","","","","",""
"0","","","","","","","","","","","","","","","","","",""
"0","","","","","","","","","","","","","","","","","",""
"0","","","","","","","","","","","","","","","","","",""
"0","","","","","","","","","","","","","","","","","",""
"0","","","","","","","","","","","","","","","","","",""
"0","","","","","","","","","","","","","","","","","",""
"0","","","","","","","","","","","","","","","","","",""
"0","","","","","","","","","","","","","","","","","",""
"0","","","","","","","","","","","","","","","","","",""
"0","","","","","","","","","","","","","","","","","",""
"0","","","","","","","","","","","","","","","","","",""
"0","","","","","","","","","","","","","","","","","",""
"0","","","","","","","","","","","","","","","","","",""
"0","","","","","","","","","","","","","","","","","",""
"0","","","","","","","","","","","","","","","","","",""
"0","","","","","","","","","","","","","","","","","",""
"0","","","","","","","","","","","","","","","","","",""
"0","","","","","","","","","","","","","","","","","",""
"0","","","","","","","","","","","","","","","","","",""
"0","","","","","","","","","","","","","","","","","",""
"0","","","","","","","","","","","","","","","","","",""
"0","","","","","","","","","","","","","","","","","",""
"0","","","","","","","","","","","","","","","","","",""
"0","","","","","","","","","","","","","","","","","",""
"0","","","","","","","","","","","","","","","","","",""
"0","","","","","","","","","","","","","","","","","",""
"0","","","","","","","","","","","","","","","","","",""
"0","","","","","","","","","","","","","","","","","",""
"0","","","","","","","","","","","","","","","","","",""
"0","","","","","","","","","","","","","","","","","",""
"0","","","","","","","","","","","","","","","","","",""
"0","","","","","","","","","","","","","","","","","",""
"0","","","","","","","","","","","","","","","","","",""
"0","","","","","","","","","","","","","","","","","",""
"0","","","","","","","","","","","","","","","","","",""
"0","","","","","","","","","","","","","","","","","",""
"0","","","","","","","","","","","","","","","","","",""
"0","","","","","","","","","","","","","","","","","",""
"0","","","","","","","","","","","","","","","","","",""
"0","","","","","","","","","","","","","","","","","",""
"0","","","","","","","","","","","","","","","","","",""
"0","","","","","","","","","","","","","","","","","",""
"0","","","","","","","","","","","","","","","","","",""
"0","","","","","","","","","","","","","","","","","",""
"0","","","","","","","","","","","","","","","","","",""
"0","","","","","","","","","","","","","","","","","",""
"0","","","","","","","","","","","","","","","","","",""
"0","","","","","","","","","","","","","","","","","",""
"0","","","","","","","","","","","","","","","","","",""
"0","","","","","","","","","","","","","","","","","",""
"0","","","","","","","","","","","","","","","","","",""
"0","","","","","","","","","","","","","","","","","",""
"0","","","","","","","","","","","","","","","","","",""
"0","","","","","","","","","","","","","","","","","",""
"0","","","","","","","","","","","","","","","","","",""
"0","","","","","","","","","","","","","","","","","",""
"0","","","","","","","","","","","","","","","","","",""
"0","","","","","","","","","","","","","","","","","",""
"0","","","","","","","","","","","","","","","","","",""
"0","","","","","","","","","","","","","","","","","",""
"0","","","","","","","","","","","","","","","","","",""
"0","","","","","","","","","","","","","","","","","",""
"0","","","","","","","","","","","","","","","","","",""
"0","","","","","","","","","","","","","","","","","",""
"0","","","","","","","","","","","","","","","","","",""
"0","","","","","","","","","","","","","","","","","",""
"0","","","","","","","","","","","","","","","","","",""
"0","","","","","","","","","","","","","","","","","",""
"0","","","","","","","","","","","","","","","","","",""
"0","","","","","","","","","","","","","","","","","",""
"0","","","","","","","","","","","","","","","","","",""
"0","","","","","","","","","","","","","","","","","",""
"0","","","","","","","","","","","","","","","","","",""
"0","","","","","","","","","","","","","","","","","",""
"0","","","","","","","","","","","","","","","","","",""
"0","","","","","","","","","","","","","","","","","",""
"0","","","","","","","","","","","","","","","","","",""
"0","","","","","","","","","","","","","","","","","",""
"0","","","","","","","","","","","","","","","","","",""
"0","","","","","","","","","","","","","","","","","",""
"0","","","","","","","","","","","","","","","","","",""
"0","","","","","","","","","","","","","","","","","",""
"0","","","","","","","","","","","","","","","","","",""
"0","","","","","","","","","","","","","","","","","",""
"0","","","","","","","","","","","","","","","","","",""
"0","","","","","","","","","","","","","","","","","",""
"0","","","","","","","","","","","","","","","","","",""
"0","","","","","","","","","","","","","","","","","",""
"0","","","","","","","","","","","","","","","","","",""
"0","","","","","","","","","","","","","","","","","",""
"0","","","","","","","","","","","","","","","","","",""
"0","","","","","","","","","","","","","","","","","",""
"0","","","","","","","","","","","","","","","","","",""
"0","","","","","","","","","","","","","","","","","",""
"0","","","","","","","","","","","","","","","","","",""
"0","","","","","","","","","","","","","","","","","",""
"0","","","","","","","","","","","","","","","","","",""
"0","","","","","","","","","","","","","","","","","",""
"0","","","","","","","","","","","","","","","","","",""
"0","","","","","","","","","","","","","","","","","",""
"0","","","","","","","","","","","","","","","","","",""
"0","","","","","","","","","","","","","","","","","",""
"0","","","","","","","","","","","","","","","","","",""
"0","","","","","","","","","","","","","","","","","",""
"0","","","","","","","","","","","","","","","","","",""
"0","","","","","","","","","","","","","","","","","",""
"0","","","","","","","","","","","","","","","","","",""
"0","","","","","","","","","","","","","","","","","",""
"0","","","","","","","","","","","","","","","","","",""
"0","","","","","","","","","","","","","","","","","",""
"0","","","","","","","","","","","","","","","","","",""
"0","","","","","","","","","","","","","","","","","",""
"0","","","","","","","","","","","","","","","","","",""
"0","","","","","","","","","","","","","","","","","",""
"0","","","","","","","","","","","","","","","","","",""
"0","","","","","","","","","","","","","","","","","",""
"0","","","","","","","","","","","","","","","","","",""
"0","","","","","","","","","","","","","","","","","",""
"0","","","","","","","","","","","","","","","","","",""
"0","","","","","","","","","","","","","","","","","",""
"0","","","","","","","","","","","","","","","","","",""
"0","","","","","","","","","","","","","","","","","",""
"0","","","","","","","","","","","","","","","","","",""
"0","","","","","","","","","","","","","","","","","",""
"0","","","","","","","","","","","","","","","","","",""
"0","","","","","","","","","","","","","","","","","",""
"0","","","","","","","","","","","","","","","","","",""
"0","","","","","","","","","","","","","","","","","",""
"0","","","","","","","","","","","","","","","","","",""
"0","","","","","","","","","","","","","","","","","",""
"0","","","","","","","","","","","","","","","","","",""
"0","","","","","","","","","","","","","","","","","",""
"0","","","","","","","","","","","","","","","","","",""
"0","","","","","","","","","","","","","","","","","",""
"0","","","","","","","","","","","","","","","","","",""
"0","","","","","","","","","","","","","","","","","",""
"0","","","","","","","","","","","","","","","","","",""
"0","","","","","","","","","","","","","","","","","",""
"0","","","","","","","","","","","","","","","","","",""
"0","","","","","","","","","","","","","","","","","",""
"0","","","","","","","","","","","","","","","","","",""
"0","","","","","","","","","","","","","","","","","",""
"0","","","","","","","","","","","","","","","","","",""
"0","","","","","","","","","","","","","","","","","",""
"0","","","","","","","","","","","","","","","","","",""
"0","","","","","","","","","","","","","","","","","",""
"0","","","","","","","","","","","","","","","","","",""
"0","","","","","","","","","","","","","","","","","",""
"0","","","","","","","","","","","","","","","","","",""
"0","","","","","","","","","","","","","","","","","",""
"0","","","","","","","","","","","","","","","","","",""
"0","","","","","","","","","","","","","","","","","",""
"0","","","","","","","","","","","","","","","","","",""
"0","","","","","","","","","","","","","","","","","",""
"0","","","","","","","","","","","","","","","","","",""
"0","","","","","","","","","","","","","","","","","",""
"0","","","","","","","","","","","","","","","","","",""
"0","","","","","","","","","","","","","","","","","",""
"0","","","","","","","","","","","","","","","","","",""
"0","","","","","","","","","","","","","","","","","",""
"0","","","","","","","","","","","","","","","","","",""
"0","","","","","","","","","","","","","","","","","",""
"0","","","","","","","","","","","","","","","","","",""
"0","","","","","","","","","","","","","","","","","",""
"0","","","","","","","","","","","","","","","","","",""
"0","","","","","","","","","","","","","","","","","",""
"0","","","","","","","","","","","","","","","","","",""
"0","","","","","","","","","","","","","","","","","",""
"0","","","","","","","","","","","","","","","","","",""
"0","","","","","","","","","","","","","","","","","",""
"0","","","","","","","","","","","","","","","","","",""
"0","","","","","","","","","","","","","","","","","",""
"0","","","","","","","","","","","","","","","","","",""
"0","","","","","","","","","","","","","","","","","",""
"0","","","","","","","","","","","","","","","","","",""
"0","","","","","","","","","","","","","","","","","",""
"0","","","","","","","","","","","","","","","","","",""
"0","","","","","","","","","","","","","","","","","",""
"0","","","","","","","","","","","","","","","","","",""
"0","","","","","","","","","","","","","","","","","",""
"0","","","","","","","","","","","","","","","","","",""
"0","","","","","","","","","","","","","","","","","",""
"0","","","","","","","","","","","","","","","","","",""
"0","","","","","","","","","","","","","","","","","",""
"0","","","","","","","","","","","","","","","","","",""
"0","","","","","","","","","","","","","","","","","",""
"0","","","","","","","","","","","","","","","","","",""
"0","","","","","","","","","","","","","","","","","",""
"0","","","","","","","","","","","","","","","","","",""
"0","","","","","","","","","","","","","","","","","",""
"0","","","","","","","","","","","","","","","","","",""
"0","","","","","","","","","","","","","","","","","",""
"0","","","","","","","","","","","","","","","","","",""
"0","","","","","","","","","","","","","","","","","",""
"0","","","","","","","","","","","","","","","","","",""
"0","","","","","","","","","","","","","","","","","",""
"0","","","","","","","","","","","","","","","","","",""
"0","","","","","","","","","","","","","","","","","",""
"0","","","","","","","","","","","","","","","","","",""
"0","","","","","","","","","","","","","","","","","",""
"0","","","","","","","","","","","","","","","","","",""
"0","","","","","","","","","","","","","","","","","",""
"0","","","","","","","","","","","","","","","","","",""
"0","","","","","","","","","","","","","","","","","",""
"0","","","","","","","","","","","","","","","","","",""
"0","","","","","","","","","","","","","","","","","",""
"0","","","","","","","","","","","","","","","","","",""
"0","","","","","","","","","","","","","","","","","",""
"0","","","","","","","","","","","","","","","","","",""
"0","","","","","","","","","","","","","","","","","",""
"0","","","","","","","","","","","","","","","","","",""
"0","","","","","","","","","","","","","","","","","",""
"0","","","","","","","","","","","","","","","","","",""
"0","","","","","","","","","","","","","","","","","",""
"0","","","","","","","","","","","","","","","","","",""
"0","","","","","","","","","","","","","","","","","",""
"0","","","","","","","","","","","","","","","","","",""
"0","","","","","","","","","","","","","","","","","",""
"0","","","","","","","","","","","","","","","","","",""
"0","","","","","","","","","","","","","","","","","",""
"0","","","","","","","","","","","","","","","","","",""
"0","","","","","","","","","","","","","","","","","",""
"0","","","","","","","","","","","","","","","","","",""
"0","","","","","","","","","","","","","","","","","",""
"0","","","","","","","","","","","","","","","","","",""
"0","","","","","","","","","","","","","","","","","",""
"0","","","","","","","","","","","","","","","","","",""
"0","","","","","","","","","","","","","","","","","",""
"0","","","","","","","","","","","","","","","","","",""
"0","","","","","","","","","","","","","","","","","",""
"0","","","","","","","","","","","","","","","","","",""
"0","","","","","","","","","","","","","","","","","",""
"0","","","","","","","","","","","","","","","","","",""
"0","","","","","","","","","","","","","","","","","",""
"0","","","","","","","","","","","","","","","","","",""
"0","","","","","","","","","","","","","","","","","",""
"0","","","","","","","","","","","","","","","","","",""
"0","","","","","","","","","","","","","","","","","",""
"0","","","","","","","","","","","","","","","","","",""
"0","","","","","","","","","","","","","","","","","",""
"0","","","","","","","","","","","","","","","","","",""
"0","","","","","","","","","","","","","","","","","",""
"0","","","","","","","","","","","","","","","","","",""
"0","","","","","","","","","","","","","","","","","",""
"0","","","","","","","","","","","","","","","","","",""
"0","","","","","","","","","","","","","","","","","",""
"0","","","","","","","","","","","","","","","","","",""
"0","","","","","","","","","","","","","","","","","",""
"0","","","","","","","","","","","","","","","","","",""
"0","","","","","","","","","","","","","","","","","",""
"0","","","","","","","","","","","","","","","","","",""
"0","","","","","","","","","","","","","","","","","",""
"0","","","","","","","","","","","","","","","","","",""
"0","","","","","","","","","","","","","","","","","",""
"0","","","","","","","","","","","","","","","","","",""
"0","","","","","","","","","","","","","","","","","",""
"0","","","","","","","","","","","","","","","","","",""
"0","","","","","","","","","","","","","","","","","",""
"0","","","","","","","","","","","","","","","","","",""
"0","","","","","","","","","","","","","","","","","",""
"0","","","","","","","","","","","","","","","","","",""
"0","","","","","","","","","","","","","","","","","",""
"0","","","","","","","","","","","","","","","","","",""
"0","","","","","","","","","","","","","","","","","",""
"0","","","","","","","","","","","","","","","","","",""
"0","","","","","","","","","","","","","","","","","",""
"0","","","","","","","","","","","","","","","","","",""
"0","","","","","","","","","","","","","","","","","",""
"0","","","","","","","","","","","","","","","","","",""
"0","","","","","","","","","","","","","","","","","",""
"0","","","","","","","","","","","","","","","","","",""
"0","","","","","","","","","","","","","","","","","",""
"0","","","","","","","","","","","","","","","","","",""
"0","","","","","","","","","","","","","","","","","",""
"0","","","","","","","","","","","","","","","","","",""
"0","","","","","","","","","","","","","","","","","",""
"0","","","","","","","","","","","","","","","","","",""
"0","","","","","","","","","","","","","","","","","",""
"0","","","","","","","","","","","","","","","","","",""
"0","","","","","","","","","","","","","","","","","",""
"0","","","","","","","","","","","","","","","","","",""
"0","","","","","","","","","","","","","","","","","",""
"0","","","","","","","","","","","","","","","","","",""
"0","","","","","","","","","","","","","","","","","",""
"0","","","","","","","","","","","","","","","","","",""
"0","","","","","","","","","","","","","","","","","",""
"0","","","","","","","","","","","","","","","","","",""
"0","","","","","","","","","","","","","","","","","",""
"0","","","","","","","","","","","","","","","","","",""
"0","","","","","","","","","","","","","","","","","",""
"0","","","","","","","","","","","","","","","","","",""
"0","","","","","","","","","","","","","","","","","",""
"0","","","","","","","","","","","","","","","","","",""
"0","","","","","","","","","","","","","","","","","",""
"0","","","","","","","","","","","","","","","","","",""
"0","","","","","","","","","","","","","","","","","",""
"0","","","","","","","","","","","","","","","","","",""
"0","","","","","","","","","","","","","","","","","",""
"0","","","","","","","","","","","","","","","","","",""
"0","","","","","","","","","","","","","","","","","",""
"0","","","","","","","","","","","","","","","","","",""
"0","","","","","","","","","","","","","","","","","",""
"0","","","","","","","","","","","","","","","","","",""
"0","","","","","","","","","","","","","","","","","",""
"0","","","","","","","","","","","","","","","","","",""
"0","","","","","","","","","","","","","","","","","",""
"0","","","","","","","","","","","","","","","","","",""
"0","","","","","","","","","","","","","","","","","",""
"0","","","","","","","","","","","","","","","","","",""
"0","","","","","","","","","","","","","","","","","",""
"0","","","","","","","","","","","","","","","","","",""
"0","","","","","","","","","","","","","","","","","",""
"0","","","","","","","","","","","","","","","","","",""
"0","","","","","","","","","","","","","","","","","",""
"0","","","","","","","","","","","","","","","","","",""
"0","","","","","","","","","","","","","","","","","",""
"0","","","","","","","","","","","","","","","","","",""
"0","","","","","","","","","","","","","","","","","",""
"0","","","","","","","","","","","","","","","","","",""
"0","","","","","","","","","","","","","","","","","",""
"0","","","","","","","","","","","","","","","","","",""
"0","","","","","","","","","","","","","","","","","",""
"0","","","","","","","","","","","","","","","","","",""
"0","","","","","","","","","","","","","","","","","",""
"0","","","","","","","","","","","","","","","","","",""
"0","","","","","","","","","","","","","","","","","",""
"0","","","","","","","","","","","","","","","","","",""
"0","","","","","","","","","","","","","","","","","",""
"0","","","","","","","","","","","","","","","","","",""
"0","","","","","","","","","","","","","","","","","",""
"0","","","","","","","","","","","","","","","","","",""
"0","","","","","","","","","","","","","","","","","",""
"0","","","","","","","","","","","","","","","","","",""
"0","","","","","","","","","","","","","","","","","",""
"0","","","","","","","","","","","","","","","","","",""
"0","","","","","","","","","","","","","","","","","",""
"0","","","","","","","","","","","","","","","","","",""
"0","","","","","","","","","","","","","","","","","",""
"0","","","","","","","","","","","","","","","","","",""
"0","","","","","","","","","","","","","","","","","",""
"0","","","","","","","","","","","","","","","","","",""
"0","","","","","","","","","","","","","","","","","",""
"0","","","","","","","","","","","","","","","","","",""
"0","","","","","","","","","","","","","","","","","",""
"0","","","","","","","","","","","","","","","","","",""
"0","","","","","","","","","","","","","","","","","",""
"0","","","","","","","","","","","","","","","","","",""
"0","","","","","","","","","","","","","","","","","",""
"0","","","","","","","","","","","","","","","","","",""
"0","","","","","","","","","","","","","","","","","",""
"0","","","","","","","","","","","","","","","","","",""
"0","","","","","","","","","","","","","","","","","",""
"0","","","","","","","","","","","","","","","","","",""
"0","","","","","","","","","","","","","","","","","",""
"0","","","","","","","","","","","","","","","","","",""
"0","","","","","","","","","","","","","","","","","",""
"0","","","","","","","","","","","","","","","","","",""
"0","","","","","","","","","","","","","","","","","",""
"0","","","","","","","","","","","","","","","","","",""
"0","","","","","","","","","","","","","","","","","",""
"0","","","","","","","","","","","","","","","","","",""
"0","","","","","","","","","","","","","","","","","",""
"0","","","","","","","","","","","","","","","","","",""
"0","","","","","","","","","","","","","","","","","",""
"0","","","","","","","","","","","","","","","","","",""
"0","","","","","","","","","","","","","","","","","",""
"0","","","","","","","","","","","","","","","","","",""
"0","","","","","","","","","","","","","","","","","",""
"0","","","","","","","","","","","","","","","","","",""
"0","","","","","","","","","","","","","","","","","",""
"0","","","","","","","","","","","","","","","","","",""
"0","","","","","","","","","","","","","","","","","",""
"0","","","","","","","","","","","","","","","","","",""
"0","","","","","","","","","","","","","","","","","",""
"0","","","","","","","","","","","","","","","","","",""
"0","","","","","","","","","","","","","","","","","",""
"0","","","","","","","","","","","","","","","","","",""
"0","","","","","","","","","","","","","","","","","",""
"0","","","","","","","","","","","","","","","","","",""
"0","","","","","","","","","","","","","","","","","",""
"0","","","","","","","","","","","","","","","","","",""
"0","","","","","","","","","","","","","","","","","",""
"0","","","","","","","","","","","","","","","","","",""
"0","","","","","","","","","","","","","","","","","",""
"0","","","","","","","","","","","","","","","","","",""
"0","","","","","","","","","","","","","","","","","",""
"0","","","","","","","","","","","","","","","","","",""
"0","","","","","","","","","","","","","","","","","",""
"0","","","","","","","","","","","","","","","","","",""
"0","","","","","","","","","","","","","","","","","",""
"0","","","","","","","","","","","","","","","","","",""
"0","","","","","","","","","","","","","","","","","",""
"0","","","","","","","","","","","","","","","","","",""
"0","","","","","","","","","","","","","","","","","",""
"0","","","","","","","","","","","","","","","","","",""
"0","","","","","","","","","","","","","","","","","",""
"0","","","","","","","","","","","","","","","","","",""
"0","","","","","","","","","","","","","","","","","",""
"0","","","","","","","","","","","","","","","","","",""
"0","","","","","","","","","","","","","","","","","",""
"0","","","","","","","","","","","","","","","","","",""
"0","","","","","","","","","","","","","","","","","",""
"0","","","","","","","","","","","","","","","","","",""
"0","","","","","","","","","","","","","","","","","",""
"0","","","","","","","","","","","","","","","","","",""
"0","","","","","","","","","","","","","","","","","",""
"0","","","","","","","","","","","","","","","","","",""
"0","","","","","","","","","","","","","","","","","",""
"0","","","","","","","","","","","","","","","","","",""
"0","","","","","","","","","","","","","","","","","",""
"0","","","","","","","","","","","","","","","","","",""
"0","","","","","","","","","","","","","","","","","",""
"0","","","","","","","","","","","","","","","","","",""
"0","","","","","","","","","","","","","","","","","",""
"0","","","","","","","","","","","","","","","","","",""
"0","","","","","","","","","","","","","","","","","",""
"0","","","","","","","","","","","","","","","","","",""
"0","","","","","","","","","","","","","","","","","",""
"0","","","","","","","","","","","","","","","","","",""
"0","","","","","","","","","","","","","","","","","",""
"0","","","","","","","","","","","","","","","","","",""
"0","","","","","","","","","","","","","","","","","",""
"0","","","","","","","","","","","","","","","","","",""
"0","","","","","","","","","","","","","","","","","",""
"0","","","","","","","","","","","","","","","","","",""
"0","","","","","","","","","","","","","","","","","",""
"0","","","","","","","","","","","","","","","","","",""
"0","","","","","","","","","","","","","","","","","",""
"0","","","","","","","","","","","","","","","","","",""
"0","","","","","","","","","","","","","","","","","",""
"0","","","","","","","","","","","","","","","","","",""
"0","","","","","","","","","","","","","","","","","",""
"0","","","","","","","","","","","","","","","","","",""
"0","","","","","","","","","","","","","","","","","",""
"0","","","","","","","","","","","","","","","","","",""
"0","","","","","","","","","","","","","","","","","",""
"0","","","","","","","","","","","","","","","","","",""
"0","","","","","","","","","","","","","","","","","",""
"0","","","","","","","","","","","","","","","","","",""
"0","","","","","","","","","","","","","","","","","",""
"0","","","","","","","","","","","","","","","","","",""
"0","","","","","","","","","","","","","","","","","",""
"0","","","","","","","","","","","","","","","","","",""
"0","","","","","","","","","","","","","","","","","",""
"0","","","","","","","","","","","","","","","","","",""
"0","","","","","","","","","","","","","","","","","",""
"0","","","","","","","","","","","","","","","","","",""
"0","","","","","","","","","","","","","","","","","",""
"0","","","","","","","","","","","","","","","","","",""
"0","","","","","","","","","","","","","","","","","",""
"0","","","","","","","","","","","","","","","","","",""
"0","","","","","","","","","","","","","","","","","",""
"0","","","","","","","","","","","","","","","","","",""
"0","","","","","","","","","","","","","","","","","",""
"0","","","","","","","","","","","","","","","","","",""
"0","","","","","","","","","","","","","","","","","",""
"0","","","","","","","","","","","","","","","","","",""
"0","","","","","","","","","","","","","","","","","",""
"0","","","","","","","","","","","","","","","","","",""
"0","","","","","","","","","","","","","","","","","",""
"0","","","","","","","","","","","","","","","","","",""
"0","","","","","","","","","","","","","","","","","",""
"0","","","","","","","","","","","","","","","","","",""
"0","","","","","","","","","","","","","","","","","",""
"0","","","","","","","","","","","","","","","","","",""
"0","","","","","","","","","","","","","","","","","",""
"0","","","","","","","","","","","","","","","","","",""
"0","","","","","","","","","","","","","","","","","",""
"0","","","","","","","","","","","","","","","","","",""
"0","","","","","","","","","","","","","","","","","",""
"0","","","","","","","","","","","","","","","","","",""
"0","","","","","","","","","","","","","","","","","",""
"0","","","","","","","","","","","","","","","","","",""
"0","","","","","","","","","","","","","","","","","",""
"0","","","","","","","","","","","","","","","","","",""
"0","","","","","","","","","","","","","","","","","",""
"0","","","","","","","","","","","","","","","","","",""
"0","","","","","","","","","","","","","","","","","",""
"0","","","","","","","","","","","","","","","","","",""
"0","","","","","","","","","","","","","","","","","",""
"0","","","","","","","","","","","","","","","","","",""
"0","","","","","","","","","","","","","","","","","",""
"0","","","","","","","","","","","","","","","","","",""
"0","","","","","","","","","","","","","","","","","",""
"0","","","","","","","","","","","","","","","","","",""
"0","","","","","","","","","","","","","","","","","",""
"0","","","","","","","","","","","","","","","","","",""
"0","","","","","","","","","","","","","","","","","",""
"0","","","","","","","","","","","","","","","","","",""
"0","","","","","","","","","","","","","","","","","",""
"0","","","","","","","","","","","","","","","","","",""
"0","","","","","","","","","","","","","","","","","",""
"0","","","","","","","","","","","","","","","","","",""
"0","","","","","","","","","","","","","","","","","",""
"0","","","","","","","","","","","","","","","","","",""
"0","","","","","","","","","","","","","","","","","",""
"0","","","","","","","","","","","","","","","","","",""
"0","","","","","","","","","","","","","","","","","",""
"0","","","","","","","","","","","","","","","","","",""
"0","","","","","","","","","","","","","","","","","",""
"0","","","","","","","","","","","","","","","","","",""
"0","","","","","","","","","","","","","","","","","",""
"0","","","","","","","","","","","","","","","","","",""
"0","","","","","","","","","","","","","","","","","",""
"0","","","","","","","","","","","","","","","","","",""
"0","","","","","","","","","","","","","","","","","",""
"0","","","","","","","","","","","","","","","","","",""
"0","","","","","","","","","","","","","","","","","",""
"0","","","","","","","","","","","","","","","","","",""
"0","","","","","","","","","","","","","","","","","",""
"0","","","","","","","","","","","","","","","","","",""
"0","","","","","","","","","","","","","","","","","",""
"0","","","","","","","","","","","","","","","","","",""
"0","","","","","","","","","","","","","","","","","",""
"0","","","","","","","","","","","","","","","","","",""
"0","","","","","","","","","","","","","","","","","",""
"0","","","","","","","","","","","","","","","","","",""
"0","","","","","","","","","","","","","","","","","",""
"0","","","","","","","","","","","","","","","","","",""
"0","","","","","","","","","","","","","","","","","",""
"0","","","","","","","","","","","","","","","","","",""
"0","","","","","","","","","","","","","","","","","",""
"0","","","","","","","","","","","","","","","","","",""
"0","","","","","","","","","","","","","","","","","",""
"0","","","","","","","","","","","","","","","","","",""
"0","","","","","","","","","","","","","","","","","",""
"0","","","","","","","","","","","","","","","","","",""
"0","","","","","","","","","","","","","","","","","",""
"0","","","","","","","","","","","","","","","","","",""
"0","","","","","","","","","","","","","","","","","",""
"0","","","","","","","","","","","","","","","","","",""
"0","","","","","","","","","","","","","","","","","",""
"0","","","","","","","","","","","","","","","","","",""
"0","","","","","","","","","","","","","","","","","",""
"0","","","","","","","","","","","","","","","","","",""
"0","","","","","","","","","","","","","","","","","",""
"0","","","","","","","","","","","","","","","","","",""
"0","","","","","","","","","","","","","","","","","",""
"0","","","","","","","","","","","","","","","","","",""
"0","","","","","","","","","","","","","","","","","",""
"0","","","","","","","","","","","","","","","","","",""
"0","","","","","","","","","","","","","","","","","",""
"0","","","","","","","","","","","","","","","","","",""
"0","","","","","","","","","","","","","","","","","",""
"0","","","","","","","","","","","","","","","","","",""
"0","","","","","","","","","","","","","","","","","",""
"0","","","","","","","","","","","","","","","","","",""
"0","","","","","","","","","","","","","","","","","",""
"0","","","","","","","","","","","","","","","","","",""
"0","","","","","","","","","","","","","","","","","",""
"0","","","","","","","","","","","","","","","","","",""
"0","","","","","","","","","","","","","","","","","",""
"0","","","","","","","","","","","","","","","","","",""
"0","","","","","","","","","","","","","","","","","",""
"0","","","","","","","","","","","","","","","","","",""
"0","","","","","","","","","","","","","","","","","",""
"0","","","","","","","","","","","","","","","","","",""
"0","","","","","","","","","","","","","","","","","",""
"0","","","","","","","","","","","","","","","","","",""
"0","","","","","","","","","","","","","","","","","",""
"0","","","","","","","","","","","","","","","","","",""
"0","","","","","","","","","","","","","","","","","",""
"0","","","","","","","","","","","","","","","","","",""
"0","","","","","","","","","","","","","","","","","",""
"0","","","","","","","","","","","","","","","","","",""
"0","","","","","","","","","","","","","","","","","",""
"0","","","","","","","","","","","","","","","","","",""
"0","","","","","","","","","","","","","","","","","",""
"0","","","","","","","","","","","","","","","","","",""
"0","","","","","","","","","","","","","","","","","",""
"0","","","","","","","","","","","","","","","","","",""
"0","","","","","","","","","","","","","","","","","",""
"0","","","","","","","","","","","","","","","","","",""
"0","","","","","","","","","","","","","","","","","",""
"0","","","","","","","","","","","","","","","","","",""
"0","","","","","","","","","","","","","","","","","",""
"0","","","","","","","","","","","","","","","","","",""
"0","","","","","","","","","","","","","","","","","",""
"0","","","","","","","","","","","","","","","","","",""
"0","","","","","","","","","","","","","","","","","",""
"0","","","","","","","","","","","","","","","","","",""
"0","","","","","","","","","","","","","","","","","",""
"0","","","","","","","","","","","","","","","","","",""
"0","","","","","","","","","","","","","","","","","",""
"0","","","","","","","","","","","","","","","","","",""
"0","","","","","","","","","","","","","","","","","",""
"0","","","","","","","","","","","","","","","","","",""
"0","","","","","","","","","","","","","","","","","",""
"0","","","","","","","","","","","","","","","","","",""
"0","","","","","","","","","","","","","","","","","",""
"0","","","","","","","","","","","","","","","","","",""
"0","","","","","","","","","","","","","","","","","",""
"0","","","","","","","","","","","","","","","","","",""
"0","","","","","","","","","","","","","","","","","",""
"0","","","","","","","","","","","","","","","","","",""
"0","","","","","","","","","","","","","","","","","",""
"0","","","","","","","","","","","","","","","","","",""
"0","","","","","","","","","","","","","","","","","",""
"0","","","","","","","","","","","","","","","","","",""
"0","","","","","","","","","","","","","","","","","",""
"0","","","","","","","","","","","","","","","","","",""
"0","","","","","","","","","","","","","","","","","",""
"0","","","","","","","","","","","","","","","","","",""
"0","","","","","","","","","","","","","","","","","",""
"0","","","","","","","","","","","","","","","","","",""
"0","","","","","","","","","","","","","","","","","",""
"0","","","","","","","","","","","","","","","","","",""
"0","","","","","","","","","","","","","","","","","",""
"0","","","","","","","","","","","","","","","","","",""
"0","","","","","","","","","","","","","","","","","",""
"0","","","","","","","","","","","","","","","","","",""
"0","","","","","","","","","","","","","","","","","",""
"0","","","","","","","","","","","","","","","","","",""
"0","","","","","","","","","","","","","","","","","",""
"0","","","","","","","","","","","","","","","","","",""
"0","","","","","","","","","","","","","","","","","",""
"0","","","","","","","","","","","","","","","","","",""
"0","","","","","","","","","","","","","","","","","",""
"0","","","","","","","","","","","","","","","","","",""
"0","","","","","","","","","","","","","","","","","",""
"0","","","","","","","","","","","","","","","","","",""
"0","","","","","","","","","","","","","","","","","",""
"0","","","","","","","","","","","","","","","","","",""
"0","","","","","","","","","","","","","","","","","",""
"0","","","","","","","","","","","","","","","","","",""
"0","","","","","","","","","","","","","","","","","",""
"0","","","","","","","","","","","","","","","","","",""
"0","","","","","","","","","","","","","","","","","",""
"0","","","","","","","","","","","","","","","","","",""
"0","","","","","","","","","","","","","","","","","",""
"0","","","","","","","","","","","","","","","","","",""
"0","","","","","","","","","","","","","","","","","",""
"0","","","","","","","","","","","","","","","","","",""
"0","","","","","","","","","","","","","","","","","",""
"0","","","","","","","","","","","","","","","","","",""
"0","","","","","","","","","","","","","","","","","",""
"0","","","","","","","","","","","","","","","","","",""
"0","","","","","","","","","","","","","","","","","",""
"0","","","","","","","","","","","","","","","","","",""
"0","","","","","","","","","","","","","","","","","",""
"0","","","","","","","","","","","","","","","","","",""
"0","","","","","","","","","","","","","","","","","",""
"0","","","","","","","","","","","","","","","","","",""
"0","","","","","","","","","","","","","","","","","",""
"0","","","","","","","","","","","","","","","","","",""
"0","","","","","","","","","","","","","","","","","",""
"0","","","","","","","","","","","","","","","","","",""
"0","","","","","","","","","","","","","","","","","",""
"0","","","","","","","","","","","","","","","","","",""
"0","","","","","","","","","","","","","","","","","",""
"0","","","","","","","","","","","","","","","","","",""
"0","","","","","","","","","","","","","","","","","",""
"0","","","","","","","","","","","","","","","","","",""
"0","","","","","","","","","","","","","","","","","",""
"0","","","","","","","","","","","","","","","","","",""
"0","","","","","","","","","","","","","","","","","",""
"0","","","","","","","","","","","","","","","","","",""
"0","","","","","","","","","","","","","","","","","",""
"0","","","","","","","","","","","","","","","","","",""
"0","","","","","","","","","","","","","","","","","",""
"0","","","","","","","","","","","","","","","","","",""
"0","","","","","","","","","","","","","","","","","",""
"0","","","","","","","","","","","","","","","","","",""
"0","","","","","","","","","","","","","","","","","",""
"0","","","","","","","","","","","","","","","","","",""
"0","","","","","","","","","","","","","","","","","",""
"0","","","","","","","","","","","","","","","","","",""
"0","","","","","","","","","","","","","","","","","",""
"0","","","","","","","","","","","","","","","","","",""
"0","","","","","","","","","","","","","","","","","",""
"0","","","","","","","","","","","","","","","","","",""
"0","","","","","","","","","","","","","","","","","",""
"0","","","","","","","","","","","","","","","","","",""
"0","","","","","","","","","","","","","","","","","",""
"0","","","","","","","","","","","","","","","","","",""
"0","","","","","","","","","","","","","","","","","",""
"0","","","","","","","","","","","","","","","","","",""
"0","","","","","","","","","","","","","","","","","",""
"0","","","","","","","","","","","","","","","","","",""
"0","","","","","","","","","","","","","","","","","",""
"0","","","","","","","","","","","","","","","","","",""
"0","","","","","","","","","","","","","","","","","",""
"0","","","","","","","","","","","","","","","","","",""
"0","","","","","","","","","","","","","","","","","",""
"0","","","","","","","","","","","","","","","","","",""
"0","","","","","","","","","","","","","","","","","",""
"0","","","","","","","","","","","","","","","","","",""
"0","","","","","","","","","","","","","","","","","",""
"0","","","","","","","","","","","","","","","","","",""
"0","","","","","","","","","","","","","","","","","",""
"0","","","","","","","","","","","","","","","","","",""
"0","","","","","","","","","","","","","","","","","",""
"0","","","","","","","","","","","","","","","","","",""
"0","","","","","","","","","","","","","","","","","",""
"0","","","","","","","","","","","","","","","","","",""
"0","","","","","","","","","","","","","","","","","",""
"0","","","","","","","","","","","","","","","","","",""
"0","","","","","","","","","","","","","","","","","",""
"0","","","","","","","","","","","","","","","","","",""
"0","","","","","","","","","","","","","","","","","",""
"0","","","","","","","","","","","","","","","","","",""
"0","","","","","","","","","","","","","","","","","",""
"0","","","","","","","","","","","","","","","","","",""
"0","","","","","","","","","","","","","","","","","",""
"0","","","","","","","","","","","","","","","","","",""
"0","","","","","","","","","","","","","","","","","",""
"0","","","","","","","","","","","","","","","","","",""
"0","","","","","","","","","","","","","","","","","",""
"0","","","","","","","","","","","","","","","","","",""
"0","","","","","","","","","","","","","","","","","",""
"0","","","","","","","","","","","","","","","","","",""
"0","","","","","","","","","","","","","","","","","",""
"0","","","","","","","","","","","","","","","","","",""
"0","","","","","","","","","","","","","","","","","",""
"0","","","","","","","","","","","","","","","","","",""
"0","","","","","","","","","","","","","","","","","",""
"0","","","","","","","","","","","","","","","","","",""
"0","","","","","","","","","","","","","","","","","",""
"0","","","","","","","","","","","","","","","","","",""
"0","","","","","","","","","","","","","","","","","",""
"0","","","","","","","","","","","","","","","","","",""
"0","","","","","","","","","","","","","","","","","",""
"0","","","","","","","","","","","","","","","","","",""
"0","","","","","","","","","","","","","","","","","",""
"0","","","","","","","","","","","","","","","","","",""
"0","","","","","","","","","","","","","","","","","",""
"0","","","","","","","","","","","","","","","","","",""
"0","","","","","","","","","","","","","","","","","",""
"0","","","","","","","","","","","","","","","","","",""
"0","","","","","","","","","","","","","","","","","",""
"0","","","","","","","","","","","","","","","","","",""
"0","","","","","","","","","","","","","","","","","",""
"0","","","","","","","","","","","","","","","","","",""
"0","","","","","","","","","","","","","","","","","",""
"0","","","","","","","","","","","","","","","","","",""
"0","","","","","","","","","","","","","","","","","",""
"0","","","","","","","","","","","","","","","","","",""
"0","","","","","","","","","","","","","","","","","",""
"0","","","","","","","","","","","","","","","","","",""
"0","","","","","","","","","","","","","","","","","",""
"0","","","","","","","","","","","","","","","","","",""
"0","","","","","","","","","","","","","","","","","",""
"0","","","","","","","","","","","","","","","","","",""
"0","","","","","","","","","","","","","","","","","",""
"0","","","","","","","","","","","","","","","","","",""
"0","","","","","","","","","","","","","","","","","",""
"0","","","","","","","","","","","","","","","","","",""
"0","","","","","","","","","","","","","","","","","",""
"0","","","","","","","","","","","","","","","","","",""
"0","","","","","","","","","","","","","","","","","",""
"0","","","","","","","","","","","","","","","","","",""
"0","","","","","","","","","","","","","","","","","",""
"0","","","","","","","","","","","","","","","","","",""
"0","","","","","","","","","","","","","","","","","",""
"0","","","","","","","","","","","","","","","","","",""
"0","","","","","","","","","","","","","","","","","",""
"0","","","","","","","","","","","","","","","","","",""
"0","","","","","","","","","","","","","","","","","",""
"0","","","","","","","","","","","","","","","","","",""
"0","","","","","","","","","","","","","","","","","",""
"0","","","","","","","","","","","","","","","","","",""
"0","","","","","","","","","","","","","","","","","",""
"0","","","","","","","","","","","","","","","","","",""
"0","","","","","","","","","","","","","","","","","",""
"0","","","","","","","","","","","","","","","","","",""
"0","","","","","","","","","","","","","","","","","",""
"0","","","","","","","","","","","","","","","","","",""
"0","","","","","","","","","","","","","","","","","",""
"0","","","","","","","","","","","","","","","","","",""
"0","","","","","","","","","","","","","","","","","",""
"0","","","","","","","","","","","","","","","","","",""
"0","","","","","","","","","","","","","","","","","",""
"0","","","","","","","","","","","","","","","","","",""
"0","","","","","","","","","","","","","","","","","",""
"0","","","","","","","","","","","","","","","","","",""
"0","","","","","","","","","","","","","","","","","",""
"0","","","","","","","","","","","","","","","","","",""
"0","","","","","","","","","","","","","","","","","",""
"0","","","","","","","","","","","","","","","","","",""
"0","","","","","","","","","","","","","","","","","",""
"0","","","","","","","","","","","","","","","","","",""
"0","","","","","","","","","","","","","","","","","",""
"0","","","","","","","","","","","","","","","","","",""
"0","","","","","","","","","","","","","","","","","",""
"0","","","","","","","","","","","","","","","","","",""
"0","","","","","","","","","","","","","","","","","",""
"0","","","","","","","","","","","","","","","","","",""
"0","","","","","","","","","","","","","","","","","",""
"0","","","","","","","","","","","","","","","","","",""
"0","","","","","","","","","","","","","","","","","",""
"0","","","","","","","","","","","","","","","","","",""
"0","","","","","","","","","","","","","","","","","",""
"0","","","","","","","","","","","","","","","","","",""
"0","","","","","","","","","","","","","","","","","",""
"0","","","","","","","","","","","","","","","","","",""
"0","","","","","","","","","","","","","","","","","",""
"0","","","","","","","","","","","","","","","","","",""
"0","","","","","","","","","","","","","","","","","",""
"0","","","","","","","","","","","","","","","","","",""
"0","","","","","","","","","","","","","","","","","",""
"0","","","","","","","","","","","","","","","","","",""
"0","","","","","","","","","","","","","","","","","",""
"0","","","","","","","","","","","","","","","","","",""
"0","","","","","","","","","","","","","","","","","",""
"0","","","","","","","","","","","","","","","","","",""
"0","","","","","","","","","","","","","","","","","",""
"0","","","","","","","","","","","","","","","","","",""
"0","","","","","","","","","","","","","","","","","",""
"0","","","","","","","","","","","","","","","","","",""
"0","","","","","","","","","","","","","","","","","",""
"0","","","","","","","","","","","","","","","","","",""
"0","","","","","","","","","","","","","","","","","",""
"0","","","","","","","","","","","","","","","","","",""
"0","","","","","","","","","","","","","","","","","",""
"0","","","","","","","","","","","","","","","","","",""
"0","","","","","","","","","","","","","","","","","",""
"0","","","","","","","","","","","","","","","","","",""
"0","","","","","","","","","","","","","","","","","",""
"0","","","","","","","","","","","","","","","","","",""
"0","","","","","","","","","","","","","","","","","",""
"0","","","","","","","","","","","","","","","","","",""
"0","","","","","","","","","","","","","","","","","",""
"0","","","","","","","","","","","","","","","","","",""
"0","","","","","","","","","","","","","","","","","",""
"0","","","","","","","","","","","","","","","","","",""
"0","","","","","","","","","","","","","","","","","",""
"0","","","","","","","","","","","","","","","","","",""
"0","","","","","","","","","","","","","","","","","",""
"0","","","","","","","","","","","","","","","","","",""
"0","","","","","","","","","","","","","","","","","",""
"0","","","","","","","","","","","","","","","","","",""
"0","","","","","","","","","","","","","","","","","",""
"0","","","","","","","","","","","","","","","","","",""
"0","","","","","","","","","","","","","","","","","",""
"0","","","","","","","","","","","","","","","","","",""
"0","","","","","","","","","","","","","","","","","",""
"0","","","","","","","","","","","","","","","","","",""
"0","","","","","","","","","","","","","","","","","",""
"0","","","","","","","","","","","","","","","","","",""
"0","","","","","","","","","","","","","","","","","",""
"0","","","","","","","","","","","","","","","","","",""
"0","","","","","","","","","","","","","","","","","",""
"0","","","","","","","","","","","","","","","","","",""
"0","","","","","","","","","","","","","","","","","",""
"0","","","","","","","","","","","","","","","","","",""
"0","","","","","","","","","","","","","","","","","",""
"0","","","","","","","","","","","","","","","","","",""
"0","","","","","","","","","","","","","","","","","",""
"0","","","","","","","","","","","","","","","","","",""
"0","","","","","","","","","","","","","","","","","",""
"0","","","","","","","","","","","","","","","","","",""
"0","","","","","","","","","","","","","","","","","",""
"0","","","","","","","","","","","","","","","","","",""
"0","","","","","","","","","","","","","","","","","",""
"0","","","","","","","","","","","","","","","","","",""
"0","","","","","","","","","","","","","","","","","",""
"0","","","","","","","","","","","","","","","","","",""
"0","","","","","","","","","","","","","","","","","",""
"0","","","","","","","","","","","","","","","","","",""
"0","","","","","","","","","","","","","","","","","",""
"0","","","","","","","","","","","","","","","","","",""
"0","","","","","","","","","","","","","","","","","",""
"0","","","","","","","","","","","","","","","","","",""
"0","","","","","","","","","","","","","","","","","",""
"0","","","","","","","","","","","","","","","","","",""
"0","","","","","","","","","","","","","","","","","",""
"0","","","","","","","","","","","","","","","","","",""
"0","","","","","","","","","","","","","","","","","",""
"0","","","","","","","","","","","","","","","","","",""
"0","","","","","","","","","","","","","","","","","",""
"0","","","","","","","","","","","","","","","","","",""
"0","","","","","","","","","","","","","","","","","",""
"0","","","","","","","","","","","","","","","","","",""
"0","","","","","","","","","","","","","","","","","",""
"0","","","","","","","","","","","","","","","","","",""
"0","","","","","","","","","","","","","","","","","",""
"0","","","","","","","","","","","","","","","","","",""
"0","","","","","","","","","","","","","","","","","",""
"0","","","","","","","","","","","","","","","","","",""
"0","","","","","","","","","","","","","","","","","",""
"0","","","","","","","","","","","","","","","","","",""
"0","","","","","","","","","","","","","","","","","",""
"0","","","","","","","","","","","","","","","","","",""
"0","","","","","","","","","","","","","","","","","",""
"0","","","","","","","","","","","","","","","","","",""
"0","","","","","","","","","","","","","","","","","",""
"0","","","","","","","","","","","","","","","","","",""
"0","","","","","","","","","","","","","","","","","",""
"0","","","","","","","","","","","","","","","","","",""
"0","","","","","","","","","","","","","","","","","",""
"0","","","","","","","","","","","","","","","","","",""
"0","","","","","","","","","","","","","","","","","",""
"0","","","","","","","","","","","","","","","","","",""
"0","","","","","","","","","","","","","","","","","",""
"0","","","","","","","","","","","","","","","","","",""
"0","","","","","","","","","","","","","","","","","",""
"0","","","","","","","","","","","","","","","","","",""
"0","","","","","","","","","","","","","","","","","",""
"0","","","","","","","","","","","","","","","","","",""
"0","","","","","","","","","","","","","","","","","",""
"0","","","","","","","","","","","","","","","","","",""
"0","","","","","","","","","","","","","","","","","",""
"0","","","","","","","","","","","","","","","","","",""
"0","","","","","","","","","","","","","","","","","",""
"0","","","","","","","","","","","","","","","","","",""
"0","","","","","","","","","","","","","","","","","",""
"0","","","","","","","","","","","","","","","","","",""
"0","","","","","","","","","","","","","","","","","",""
"0","","","","","","","","","","","","","","","","","",""
"0","","","","","","","","","","","","","","","","","",""
"0","","","","","","","","","","","","","","","","","",""
"0","","","","","","","","","","","","","","","","","",""
"0","","","","","","","","","","","","","","","","","",""
"0","","","","","","","","","","","","","","","","","",""
"0","","","","","","","","","","","","","","","","","",""
"0","","","","","","","","","","","","","","","","","",""
"0","","","","","","","","","","","","","","","","","",""
"0","","","","","","","","","","","","","","","","","",""
"0","","","","","","","","","","","","","","","","","",""
"0","","","","","","","","","","","","","","","","","",""
"0","","","","","","","","","","","","","","","","","",""
"0","","","","","","","","","","","","","","","","","",""
"0","","","","","","","","","","","","","","","","","",""
"0","","","","","","","","","","","","","","","","","",""
"0","","","","","","","","","","","","","","","","","",""
"0","","","","","","","","","","","","","","","","","",""
"0","","","","","","","","","","","","","","","","","",""
"0","","","","","","","","","","","","","","","","","",""
"0","","","","","","","","","","","","","","","","","",""
"0","","","","","","","","","","","","","","","","","",""
"0","","","","","","","","","","","","","","","","","",""
"0","","","","","","","","","","","","","","","","","",""
"0","","","","","","","","","","","","","","","","","",""
"0","","","","","","","","","","","","","","","","","",""
"0","","","","","","","","","","","","","","","","","",""
"0","","","","","","","","","","","","","","","","","",""
"0","","","","","","","","","","","","","","","","","",""
"0","","","","","","","","","","","","","","","","","",""
"0","","","","","","","","","","","","","","","","","",""
"0","","","","","","","","","","","","","","","","","",""
"0","","","","","","","","","","","","","","","","","",""
"0","","","","","","","","","","","","","","","","","",""
"0","","","","","","","","","","","","","","","","","",""
"0","","","","","","","","","","","","","","","","","",""
"0","","","","","","","","","","","","","","","","","",""
"0","","","","","","","","","","","","","","","","","",""
"0","","","","","","","","","","","","","","","","","",""
"0","","","","","","","","","","","","","","","","","",""
"0","","","","","","","","","","","","","","","","","",""
"0","","","","","","","","","","","","","","","","","",""
"0","","","","","","","","","","","","","","","","","",""
"0","","","","","","","","","","","","","","","","","",""
"0","","","","","","","","","","","","","","","","","",""
"0","","","","","","","","","","","","","","","","","",""
"0","","","","","","","","","","","","","","","","","",""
"0","","","","","","","","","","","","","","","","","",""
"0","","","","","","","","","","","","","","","","","",""
"0","","","","","","","","","","","","","","","","","",""
"0","","","","","","","","","","","","","","","","","",""
"0","","","","","","","","","","","","","","","","","",""
"0","","","","","","","","","","","","","","","","","",""
"0","","","","","","","","","","","","","","","","","",""
"0","","","","","","","","","","","","","","","","","",""
"0","","","","","","","","","","","","","","","","","",""
"0","","","","","","","","","","","","","","","","","",""
"0","","","","","","","","","","","","","","","","","",""
"0","","","","","","","","","","","","","","","","","",""
"0","","","","","","","","","","","","","","","","","",""
"0","","","","","","","","","","","","","","","","","",""
"0","","","","","","","","","","","","","","","","","",""
"0","","","","","","","","","","","","","","","","","",""
"0","","","","","","","","","","","","","","","","","",""
"0","","","","","","","","","","","","","","","","","",""
"0","","","","","","","","","","","","","","","","","",""
"0","","","","","","","","","","","","","","","","","",""
"0","","","","","","","","","","","","","","","","","",""
"0","","","","","","","","","","","","","","","","","",""
"0","","","","","","","","","","","","","","","","","",""
"0","","","","","","","","","","","","","","","","","",""
"0","","","","","","","","","","","","","","","","","",""
"0","","","","","","","","","","","","","","","","","",""
"0","","","","","","","","","","","","","","","","","",""
"0","","","","","","","","","","","","","","","","","",""
"0","","","","","","","","","","","","","","","","","",""
"0","","","","","","","","","","","","","","","","","",""
"0","","","","","","","","","","","","","","","","","",""
"0","","","","","","","","","","","","","","","","","",""
"0","","","","","","","","","","","","","","","","","",""
"0","","","","","","","","","","","","","","","","","",""
"0","","","","","","","","","","","","","","","","","",""
"0","","","","","","","","","","","","","","","","","",""
"0","","","","","","","","","","","","","","","","","",""
"0","","","","","","","","","","","","","","","","","",""
"0","","","","","","","","","","","","","","","","","",""
"0","","","","","","","","","","","","","","","","","",""
"0","","","","","","","","","","","","","","","","","",""
"0","","","","","","","","","","","","","","","","","",""
"0","","","","","","","","","","","","","","","","","",""
"0","","","","","","","","","","","","","","","","","",""
"0","","","","","","","","","","","","","","","","","",""
"0","","","","","","","","","","","","","","","","","",""
"0","","","","","","","","","","","","","","","","","",""
"0","","","","","","","","","","","","","","","","","",""
"0","","","","","","","","","","","","","","","","","",""
"0","","","","","","","","","","","","","","","","","",""
"0","","","","","","","","","","","","","","","","","",""
"0","","","","","","","","","","","","","","","","","",""
"0","","","","","","","","","","","","","","","","","",""
"0","","","","","","","","","","","","","","","","","",""
"0","","","","","","","","","","","","","","","","","",""
"0","","","","","","","","","","","","","","","","","",""
"0","","","","","","","","","","","","","","","","","",""
"0","","","","","","","","","","","","","","","","","",""
"0","","","","","","","","","","","","","","","","","",""
"0","","","","","","","","","","","","","","","","","",""
"0","","","","","","","","","","","","","","","","","",""
"0","","","","","","","","","","","","","","","","","",""
"0","","","","","","","","","","","","","","","","","",""
"0","","","","","","","","","","","","","","","","","",""
"0","","","","","","","","","","","","","","","","","",""
"0","","","","","","","","","","","","","","","","","",""
"0","","","","","","","","","","","","","","","","","",""
"0","","","","","","","","","","","","","","","","","",""
"0","","","","","","","","","","","","","","","","","",""
"0","","","","","","","","","","","","","","","","","",""
"0","","","","","","","","","","","","","","","","","",""
"0","","","","","","","","","","","","","","","","","",""
"0","","","","","","","","","","","","","","","","","",""
"0","","","","","","","","","","","","","","","","","",""
"0","","","","","","","","","","","","","","","","","",""
"0","","","","","","","","","","","","","","","","","",""
"0","","","","","","","","","","","","","","","","","",""
"0","","","","","","","","","","","","","","","","","",""
"0","","","","","","","","","","","","","","","","","",""
"0","","","","","","","","","","","","","","","","","",""
"0","","","","","","","","","","","","","","","","","",""
"0","","","","","","","","","","","","","","","","","",""
"0","","","","","","","","","","","","","","","","","",""
"0","","","","","","","","","","","","","","","","","",""
"0","","","","","","","","","","","","","","","","","",""
"0","","","","","","","","","","","","","","","","","",""
"0","","","","","","","","","","","","","","","","","",""
"0","","","","","","","","","","","","","","","","","",""
"0","","","","","","","","","","","","","","","","","",""
"0","","","","","","","","","","","","","","","","","",""
"0","","","","","","","","","","","","","","","","","",""
"0","","","","","","","","","","","","","","","","","",""
"0","","","","","","","","","","","","","","","","","",""
"0","","","","","","","","","","","","","","","","","",""
"0","","","","","","","","","","","","","","","","","",""
"0","","","","","","","","","","","","","","","","","",""
"0","","","","","","","","","","","","","","","","","",""
"0","","","","","","","","","","","","","","","","","",""
"0","","","","","","","","","","","","","","","","","",""
"0","","","","","","","","","","","","","","","","","",""
"0","","","","","","","","","","","","","","","","","",""
"0","","","","","","","","","","","","","","","","","",""
"0","","","","","","","","","","","","","","","","","",""
"0","","","","","","","","","","","","","","","","","",""
"0","","","","","","","","","","","","","","","","","",""
"0","","","","","","","","","","","","","","","","","",""
"0","","","","","","","","","","","","","","","","","",""
"0","","","","","","","","","","","","","","","","","",""
"0","","","","","","","","","","","","","","","","","",""
"0","","","","","","","","","","","","","","","","","",""
"0","","","","","","","","","","","","","","","","","",""
"0","","","","","","","","","","","","","","","","","",""
"0","","","","","","","","","","","","","","","","","",""
"0","","","","","","","","","","","","","","","","","",""
"0","","","","","","","","","","","","","","","","","",""
"0","","","","","","","","","","","","","","","","","",""
"0","","","","","","","","","","","","","","","","","",""
"0","","","","","","","","","","","","","","","","","",""
"0","","","","","","","","","","","","","","","","","",""
"0","","","","","","","","","","","","","","","","","",""
"0","","","","","","","","","","","","","","","","","",""
"0","","","","","","","","","","","","","","","","","",""
"0","","","","","","","","","","","","","","","","","",""
"0","","","","","","","","","","","","","","","","","",""
"0","","","","","","","","","","","","","","","","","",""
"0","","","","","","","","","","","","","","","","","",""
"0","","","","","","","","","","","","","","","","","",""
"0","","","","","","","","","","","","","","","","","",""
"0","","","","","","","","","","","","","","","","","",""
"0","","","","","","","","","","","","","","","","","",""
"0","","","","","","","","","","","","","","","","","",""
"0","","","","","","","","","","","","","","","","","",""
"0","","","","","","","","","","","","","","","","","",""
"0","","","","","","","","","","","","","","","","","",""
"0","","","","","","","","","","","","","","","","","",""
"0","","","","","","","","","","","","","","","","","",""
"0","","","","","","","","","","","","","","","","","",""
"0","","","","","","","","","","","","","","","","","",""
"0","","","","","","","","","","","","","","","","","",""
"0","","","","","","","","","","","","","","","","","",""
"0","","","","","","","","","","","","","","","","","",""
"0","","","","","","","","","","","","","","","","","",""
"0","","","","","","","","","","","","","","","","","",""
"0","","","","","","","","","","","","","","","","","",""
"0","","","","","","","","","","","","","","","","","",""
"0","","","","","","","","","","","","","","","","","",""
"0","","","","","","","","","","","","","","","","","",""
"0","","","","","","","","","","","","","","","","","",""
"0","","","","","","","","","","","","","","","","","",""
"0","","","","","","","","","","","","","","","","","",""
"0","","","","","","","","","","","","","","","","","",""
"0","","","","","","","","","","","","","","","","","",""
"0","","","","","","","","","","","","","","","","","",""
"0","","","","","","","","","","","","","","","","","",""
"0","","","","","","","","","","","","","","","","","",""
"0","","","","","","","","","","","","","","","","","",""
"0","","","","","","","","","","","","","","","","","",""
"0","","","","","","","","","","","","","","","","","",""
"0","","","","","","","","","","","","","","","","","",""
"0","","","","","","","","","","","","","","","","","",""
"0","","","","","","","","","","","","","","","","","",""
"0","","","","","","","","","","","","","","","","","",""
"0","","","","","","","","","","","","","","","","","",""
"0","","","","","","","","","","","","","","","","","",""
"0","","","","","","","","","","","","","","","","","",""
"0","","","","","","","","","","","","","","","","","",""
"0","","","","","","","","","","","","","","","","","",""
"0","","","","","","","","","","","","","","","","","",""
"0","","","","","","","","","","","","","","","","","",""
"0","","","","","","","","","","","","","","","","","",""
"0","","","","","","","","","","","","","","","","","",""
"0","","","","","","","","","","","","","","","","","",""
"0","","","","","","","","","","","","","","","","","",""
"0","","","","","","","","","","","","","","","","","",""
"0","","","","","","","","","","","","","","","","","",""
"0","","","","","","","","","","","","","","","","","",""
"0","","","","","","","","","","","","","","","","","",""
"0","","","","","","","","","","","","","","","","","",""
"0","","","","","","","","","","","","","","","","","",""
"0","","","","","","","","","","","","","","","","","",""
"0","","","","","","","","","","","","","","","","","",""
"0","","","","","","","","","","","","","","","","","",""
"0","","","","","","","","","","","","","","","","","",""
"0","","","","","","","","","","","","","","","","","",""
"0","","","","","","","","","","","","","","","","","",""
"0","","","","","","","","","","","","","","","","","",""
"0","","","","","","","","","","","","","","","","","",""
"0","","","","","","","","","","","","","","","","","",""
"0","","","","","","","","","","","","","","","","","",""
"0","","","","","","","","","","","","","","","","","",""
"0","","","","","","","","","","","","","","","","","",""
"0","","","","","","","","","","","","","","","","","",""
"0","","","","","","","","","","","","","","","","","",""
"0","","","","","","","","","","","","","","","","","",""
"0","","","","","","","","","","","","","","","","","",""
"0","","","","","","","","","","","","","","","","","",""
"0","","","","","","","","","","","","","","","","","",""
"0","","","","","","","","","","","","","","","","","",""
"0","","","","","","","","","","","","","","","","","",""
"0","","","","","","","","","","","","","","","","","",""
"0","","","","","","","","","","","","","","","","","",""
"0","","","","","","","","","","","","","","","","","",""
"0","","","","","","","","","","","","","","","","","",""
"0","","","","","","","","","","","","","","","","","",""
"0","","","","","","","","","","","","","","","","","",""
"0","","","","","","","","","","","","","","","","","",""
"0","","","","","","","","","","","","","","","","","",""
"0","","","","","","","","","","","","","","","","","",""
"0","","","","","","","","","","","","","","","","","",""
"0","","","","","","","","","","","","","","","","","",""
"0","","","","","","","","","","","","","","","","","",""
"0","","","","","","","","","","","","","","","","","",""
"0","","","","","","","","","","","","","","","","","",""
"0","","","","","","","","","","","","","","","","","",""
"0","","","","","","","","","","","","","","","","","",""
"0","","","","","","","","","","","","","","","","","",""
"0","","","","","","","","","","","","","","","","","",""
"0","","","","","","","","","","","","","","","","","",""
"0","","","","","","","","","","","","","","","","","",""
"0","","","","","","","","","","","","","","","","","",""
"0","","","","","","","","","","","","","","","","","",""
"0","","","","","","","","","","","","","","","","","",""
"0","","","","","","","","","","","","","","","","","",""
"0","","","","","","","","","","","","","","","","","",""
"0","","","","","","","","","","","","","","","","","",""
"0","","","","","","","","","","","","","","","","","",""
"0","","","","","","","","","","","","","","","","","",""
"0","","","","","","","","","","","","","","","","","",""
"0","","","","","","","","","","","","","","","","","",""
"0","","","","","","","","","","","","","","","","","",""
"0","","","","","","","","","","","","","","","","","",""
"0","","","","","","","","","","","","","","","","","",""
"0","","","","","","","","","","","","","","","","","",""
"0","","","","","","","","","","","","","","","","","",""
"0","","","","","","","","","","","","","","","","","",""
"0","","","","","","","","","","","","","","","","","",""
"0","","","","","","","","","","","","","","","","","",""
"0","","","","","","","","","","","","","","","","","",""
"0","","","","","","","","","","","","","","","","","",""
"0","","","","","","","","","","","","","","","","","",""
"0","","","","","","","","","","","","","","","","","",""
"0","","","","","","","","","","","","","","","","","",""
"0","","","","","","","","","","","","","","","","","",""
"0","","","","","","","","","","","","","","","","","",""
"0","","","","","","","","","","","","","","","","","",""
"0","","","","","","","","","","","","","","","","","",""
"0","","","","","","","","","","","","","","","","","",""
"0","","","","","","","","","","","","","","","","","",""
"0","","","","","","","","","","","","","","","","","",""
"0","","","","","","","","","","","","","","","","","",""
"0","","","","","","","","","","","","","","","","","",""
"0","","","","","","","","","","","","","","","","","",""
"0","","","","","","","","","","","","","","","","","",""
"0","","","","","","","","","","","","","","","","","",""
"0","","","","","","","","","","","","","","","","","",""
"0","","","","","","","","","","","","","","","","","",""
"0","","","","","","","","","","","","","","","","","",""
"0","","","","","","","","","","","","","","","","","",""
"0","","","","","","","","","","","","","","","","","",""
"0","","","","","","","","","","","","","","","","","",""
"0","","","","","","","","","","","","","","","","","",""
"0","","","","","","","","","","","","","","","","","",""
"0","","","","","","","","","","","","","","","","","",""
"0","","","","","","","","","","","","","","","","","",""
"0","","","","","","","","","","","","","","","","","",""
"0","","","","","","","","","","","","","","","","","",""
"0","","","","","","","","","","","","","","","","","",""
"0","","","","","","","","","","","","","","","","","",""
"0","","","","","","","","","","","","","","","","","",""
"0","","","","","","","","","","","","","","","","","",""
"0","","","","","","","","","","","","","","","","","",""
"0","","","","","","","","","","","","","","","","","",""
"0","","","","","","","","","","","","","","","","","",""
"0","","","","","","","","","","","","","","","","","",""
"0","","","","","","","","","","","","","","","","","",""
"0","","","","","","","","","","","","","","","","","",""
"0","","","","","","","","","","","","","","","","","",""
"0","","","","","","","","","","","","","","","","","",""
"0","","","","","","","","","","","","","","","","","",""
"0","","","","","","","","","","","","","","","","","",""
"0","","","","","","","","","","","","","","","","","",""
"0","","","","","","","","","","","","","","","","","",""
"0","","","","","","","","","","","","","","","","","",""
"0","","","","","","","","","","","","","","","","","",""
"0","","","","","","","","","","","","","","","","","",""
"0","","","","","","","","","","","","","","","","","",""
"0","","","","","","","","","","","","","","","","","",""
"0","","","","","","","","","","","","","","","","","",""
"0","","","","","","","","","","","","","","","","","",""
"0","","","","","","","","","","","","","","","","","",""
"0","","","","","","","","","","","","","","","","","",""
"0","","","","","","","","","","","","","","","","","",""
"0","","","","","","","","","","","","","","","","","",""
"0","","","","","","","","","","","","","","","","","",""
"0","","","","","","","","","","","","","","","","","",""
"0","","","","","","","","","","","","","","","","","",""
"0","","","","","","","","","","","","","","","","","",""
"0","","","","","","","","","","","","","","","","","",""
"0","","","","","","","","","","","","","","","","","",""
"0","","","","","","","","","","","","","","","","","",""
"0","","","","","","","","","","","","","","","","","",""
"0","","","","","","","","","","","","","","","","","",""
"0","","","","","","","","","","","","","","","","","",""
"0","","","","","","","","","","","","","","","","","",""
"0","","","","","","","","","","","","","","","","","",""
"0","","","","","","","","","","","","","","","","","",""
"0","","","","","","","","","","","","","","","","","",""
"0","","","","","","","","","","","","","","","","","",""
"0","","","","","","","","","","","","","","","","","",""
"0","","","","","","","","","","","","","","","","","",""
"0","","","","","","","","","","","","","","","","","",""
"0","","","","","","","","","","","","","","","","","",""
"0","","","","","","","","","","","","","","","","","",""
"0","","","","","","","","","","","","","","","","","",""
"0","","","","","","","","","","","","","","","","","",""
"0","","","","","","","","","","","","","","","","","",""
"0","","","","","","","","","","","","","","","","","",""
"0","","","","","","","","","","","","","","","","","",""
"0","","","","","","","","","","","","","","","","","",""
"0","","","","","","","","","","","","","","","","","",""
"0","","","","","","","","","","","","","","","","","",""
"0","","","","","","","","","","","","","","","","","",""
"0","","","","","","","","","","","","","","","","","",""
"0","","","","","","","","","","","","","","","","","",""
"0","","","","","","","","","","","","","","","","","",""
"0","","","","","","","","","","","","","","","","","",""
"0","","","","","","","","","","","","","","","","","",""
"0","","","","","","","","","","","","","","","","","",""
"0","","","","","","","","","","","","","","","","","",""
"0","","","","","","","","","","","","","","","","","",""
"0","","","","","","","","","","","","","","","","","",""
"0","","","","","","","","","","","","","","","","","",""
"0","","","","","","","","","","","","","","","","","",""
"0","","","","","","","","","","","","","","","","","",""
"0","","","","","","","","","","","","","","","","","",""
"0","","","","","","","","","","","","","","","","","",""
"0","","","","","","","","","","","","","","","","","",""
"0","","","","","","","","","","","","","","","","","",""
"0","","","","","","","","","","","","","","","","","",""
"0","","","","","","","","","","","","","","","","","",""
"0","","","","","","","","","","","","","","","","","",""
"0","","","","","","","","","","","","","","","","","",""
"0","","","","","","","","","","","","","","","","","",""
"0","","","","","","","","","","","","","","","","","",""
"0","","","","","","","","","","","","","","","","","",""
"0","","","","","","","","","","","","","","","","","",""
"0","","","","","","","","","","","","","","","","","",""
"0","","","","","","","","","","","","","","","","","",""
"0","","","","","","","","","","","","","","","","","",""
"0","","","","","","","","","","","","","","","","","",""
"0","","","","","","","","","","","","","","","","","",""
"0","","","","","","","","","","","","","","","","","",""
"0","","","","","","","","","","","","","","","","","",""
"0","","","","","","","","","","","","","","","","","",""
"0","","","","","","","","","","","","","","","","","",""
"0","","","","","","","","","","","","","","","","","",""
"0","","","","","","","","","","","","","","","","","",""
"0","","","","","","","","","","","","","","","","","",""
"0","","","","","","","","","","","","","","","","","",""
"0","","","","","","","","","","","","","","","","","",""
"0","","","","","","","","","","","","","","","","","",""
"0","","","","","","","","","","","","","","","","","",""
"0","","","","","","","","","","","","","","","","","",""
"0","","","","","","","","","","","","","","","","","",""
"0","","","","","","","","","","","","","","","","","",""
"0","","","","","","","","","","","","","","","","","",""
"0","","","","","","","","","","","","","","","","","",""
"0","","","","","","","","","","","","","","","","","",""
"0","","","","","","","","","","","","","","","","","",""
"0","","","","","","","","","","","","","","","","","",""
"0","","","","","","","","","","","","","","","","","",""
"0","","","","","","","","","","","","","","","","","",""
"0","","","","","","","","","","","","","","","","","",""
"0","","","","","","","","","","","","","","","","","",""
"0","","","","","","","","","","","","","","","","","",""
"0","","","","","","","","","","","","","","","","","",""
"0","","","","","","","","","","","","","","","","","",""
"0","","","","","","","","","","","","","","","","","",""
"0","","","","","","","","","","","","","","","","","",""
"0","","","","","","","","","","","","","","","","","",""
"0","","","","","","","","","","","","","","","","","",""
"0","","","","","","","","","","","","","","","","","",""
"0","","","","","","","","","","","","","","","","","",""
"0","","","","","","","","","","","","","","","","","",""
"0","","","","","","","","","","","","","","","","","",""
"0","","","","","","","","","","","","","","","","","",""
"0","","","","","","","","","","","","","","","","","",""
"0","","","","","","","","","","","","","","","","","",""
"0","","","","","","","","","","","","","","","","","",""
"0","","","","","","","","","","","","","","","","","",""
"0","","","","","","","","","","","","","","","","","",""
"0","","","","","","","","","","","","","","","","","",""
"0","","","","","","","","","","","","","","","","","",""
"0","","","","","","","","","","","","","","","","","",""
"0","","","","","","","","","","","","","","","","","",""
"0","","","","","","","","","","","","","","","","","",""
"0","","","","","","","","","","","","","","","","","",""
"0","","","","","","","","","","","","","","","","","",""
"0","","","","","","","","","","","","","","","","","",""
"0","","","","","","","","","","","","","","","","","",""
"0","","","","","","","","","","","","","","","","","",""
"0","","","","","","","","","","","","","","","","","",""
"0","","","","","","","","","","","","","","","","","",""
"0","","","","","","","","","","","","","","","","","",""
"0","","","","","","","","","","","","","","","","","",""
"0","","","","","","","","","","","","","","","","","",""
"0","","","","","","","","","","","","","","","","","",""
"0","","","","","","","","","","","","","","","","","",""
"0","","","","","","","","","","","","","","","","","",""
"0","","","","","","","","","","","","","","","","","",""
"0","","","","","","","","","","","","","","","","","",""
"0","","","","","","","","","","","","","","","","","",""
"0","","","","","","","","","","","","","","","","","",""
"0","","","","","","","","","","","","","","","","","",""
"0","","","","","","","","","","","","","","","","","",""
"0","","","","","","","","","","","","","","","","","",""
"0","","","","","","","","","","","","","","","","","",""
"0","","","","","","","","","","","","","","","","","",""
"0","","","","","","","","","","","","","","","","","",""
"0","","","","","","","","","","","","","","","","","",""
"0","","","","","","","","","","","","","","","","","",""
"0","","","","","","","","","","","","","","","","","",""
"0","","","","","","","","","","","","","","","","","",""
"0","","","","","","","","","","","","","","","","","",""
"0","","","","","","","","","","","","","","","","","",""
"0","","","","","","","","","","","","","","","","","",""
"0","","","","","","","","","","","","","","","","","",""
"0","","","","","","","","","","","","","","","","","",""
"0","","","","","","","","","","","","","","","","","",""
"0","","","","","","","","","","","","","","","","","",""
"0","","","","","","","","","","","","","","","","","",""
"0","","","","","","","","","","","","","","","","","",""
"0","","","","","","","","","","","","","","","","","",""
"0","","","","","","","","","","","","","","","","","",""
"0","","","","","","","","","","","","","","","","","",""
"0","","","","","","","","","","","","","","","","","",""
"0","","","","","","","","","","","","","","","","","",""
"0","","","","","","","","","","","","","","","","","",""
"0","","","","","","","","","","","","","","","","","",""
"0","","","","","","","","","","","","","","","","","",""
"0","","","","","","","","","","","","","","","","","",""
"0","","","","","","","","","","","","","","","","","",""
"0","","","","","","","","","","","","","","","","","",""
"0","","","","","","","","","","","","","","","","","",""
"0","","","","","","","","","","","","","","","","","",""
"0","","","","","","","","","","","","","","","","","",""
"0","","","","","","","","","","","","","","","","","",""
"0","","","","","","","","","","","","","","","","","",""
"0","","","","","","","","","","","","","","","","","",""
"0","","","","","","","","","","","","","","","","","",""
"0","","","","","","","","","","","","","","","","","",""
"0","","","","","","","","","","","","","","","","","",""
"0","","","","","","","","","","","","","","","","","",""
"0","","","","","","","","","","","","","","","","","",""
"0","","","","","","","","","","","","","","","","","",""
"0","","","","","","","","","","","","","","","","","",""
"0","","","","","","","","","","","","","","","","","",""
"0","","","","","","","","","","","","","","","","","",""
"0","","","","","","","","","","","","","","","","","",""
"0","","","","","","","","","","","","","","","","","",""
"0","","","","","","","","","","","","","","","","","",""
"0","","","","","","","","","","","","","","","","","",""
"0","","","","","","","","","","","","","","","","","",""
"0","","","","","","","","","","","","","","","","","",""
"0","","","","","","","","","","","","","","","","","",""
"0","","","","","","","","","","","","","","","","","",""
"0","","","","","","","","","","","","","","","","","",""
"0","","","","","","","","","","","","","","","","","",""
"0","","","","","","","","","","","","","","","","","",""
"0","","","","","","","","","","","","","","","","","",""
"0","","","","","","","","","","","","","","","","","",""
"0","","","","","","","","","","","","","","","","","",""
"0","","","","","","","","","","","","","","","","","",""
"0","","","","","","","","","","","","","","","","","",""
"0","","","","","","","","","","","","","","","","","",""
"0","","","","","","","","","","","","","","","","","",""
"0","","","","","","","","","","","","","","","","","",""
"0","","","","","","","","","","","","","","","","","",""
"0","","","","","","","","","","","","","","","","","",""
"0","","","","","","","","","","","","","","","","","",""
"0","","","","","","","","","","","","","","","","","",""
"0","","","","","","","","","","","","","","","","","",""
"0","","","","","","","","","","","","","","","","","",""
"0","","","","","","","","","","","","","","","","","",""
"0","","","","","","","","","","","","","","","","","",""
"0","","","","","","","","","","","","","","","","","",""
"0","","","","","","","","","","","","","","","","","",""
"0","","","","","","","","","","","","","","","","","",""
"0","","","","","","","","","","","","","","","","","",""
"0","","","","","","","","","","","","","","","","","",""
"0","","","","","","","","","","","","","","","","","",""
"0","","","","","","","","","","","","","","","","","",""
"0","","","","","","","","","","","","","","","","","",""
"0","","","","","","","","","","","","","","","","","",""
"0","","","","","","","","","","","","","","","","","",""
"0","","","","","","","","","","","","","","","","","",""
"0","","","","","","","","","","","","","","","","","",""
"0","","","","","","","","","","","","","","","","","",""
"0","","","","","","","","","","","","","","","","","",""
"0","","","","","","","","","","","","","","","","","",""
"0","","","","","","","","","","","","","","","","","",""
"0","","","","","","","","","","","","","","","","","",""
"0","","","","","","","","","","","","","","","","","",""
"0","","","","","","","","","","","","","","","","","",""
"0","","","","","","","","","","","","","","","","","",""
"0","","","","","","","","","","","","","","","","","",""
"0","","","","","","","","","","","","","","","","","",""
"0","","","","","","","","","","","","","","","","","",""
"0","","","","","","","","","","","","","","","","","",""
"0","","","","","","","","","","","","","","","","","",""
"0","","","","","","","","","","","","","","","","","",""
"0","","","","","","","","","","","","","","","","","",""
"0","","","","","","","","","","","","","","","","","",""
"0","","","","","","","","","","","","","","","","","",""
"0","","","","","","","","","","","","","","","","","",""
"0","","","","","","","","","","","","","","","","","",""
"0","","","","","","","","","","","","","","","","","",""
"0","","","","","","","","","","","","","","","","","",""
"0","","","","","","","","","","","","","","","","","",""
"0","","","","","","","","","","","","","","","","","",""
"0","","","","","","","","","","","","","","","","","",""
"0","","","","","","","","","","","","","","","","","",""
"0","","","","","","","","","","","","","","","","","",""
"0","","","","","","","","","","","","","","","","","",""
"0","","","","","","","","","","","","","","","","","",""
"0","","","","","","","","","","","","","","","","","",""
"0","","","","","","","","","","","","","","","","","",""
"0","","","","","","","","","","","","","","","","","",""
"0","","","","","","","","","","","","","","","","","",""
"0","","","","","","","","","","","","","","","","","",""
"0","","","","","","","","","","","","","","","","","",""
"0","","","","","","","","","","","","","","","","","",""
"0","","","","","","","","","","","","","","","","","",""
"0","","","","","","","","","","","","","","","","","",""
"0","","","","","","","","","","","","","","","","","",""
"0","","","","","","","","","","","","","","","","","",""
"0","","","","","","","","","","","","","","","","","",""
"0","","","","","","","","","","","","","","","","","",""
"0","","","","","","","","","","","","","","","","","",""
"0","","","","","","","","","","","","","","","","","",""
"0","","","","","","","","","","","","","","","","","",""
"0","","","","","","","","","","","","","","","","","",""
"0","","","","","","","","","","","","","","","","","",""
"0","","","","","","","","","","","","","","","","","",""
"0","","","","","","","","","","","","","","","","","",""
"0","","","","","","","","","","","","","","","","","",""
"0","","","","","","","","","","","","","","","","","",""
"0","","","","","","","","","","","","","","","","","",""
"0","","","","","","","","","","","","","","","","","",""
"0","","","","","","","","","","","","","","","","","",""
"0","","","","","","","","","","","","","","","","","",""
"0","","","","","","","","","","","","","","","","","",""
"0","","","","","","","","","","","","","","","","","",""
"0","","","","","","","","","","","","","","","","","",""
"0","","","","","","","","","","","","","","","","","",""
"0","","","","","","","","","","","","","","","","","",""
"0","","","","","","","","","","","","","","","","","",""
"0","","","","","","","","","","","","","","","","","",""
"0","","","","","","","","","","","","","","","","","",""
"0","","","","","","","","","","","","","","","","","",""
"0","","","","","","","","","","","","","","","","","",""
"0","","","","","","","","","","","","","","","","","",""
"0","","","","","","","","","","","","","","","","","",""
"0","","","","","","","","","","","","","","","","","",""
"0","","","","","","","","","","","","","","","","","",""
"0","","","","","","","","","","","","","","","","","",""
"0","","","","","","","","","","","","","","","","","",""
"0","","","","","","","","","","","","","","","","","",""
"0","","","","","","","","","","","","","","","","","",""
"0","","","","","","","","","","","","","","","","","",""
"0","","","","","","","","","","","","","","","","","",""
"0","","","","","","","","","","","","","","","","","",""
"0","","","","","","","","","","","","","","","","","",""
"0","","","","","","","","","","","","","","","","","",""
"0","","","","","","","","","","","","","","","","","",""
"0","","","","","","","","","","","","","","","","","",""
"0","","","","","","","","","","","","","","","","","",""
"0","","","","","","","","","","","","","","","","","",""
"0","","","","","","","","","","","","","","","","","",""
"0","","","","","","","","","","","","","","","","","",""
"0","","","","","","","","","","","","","","","","","",""
"0","","","","","","","","","","","","","","","","","",""
"0","","","","","","","","","","","","","","","","","",""
"0","","","","","","","","","","","","","","","","","",""
"0","","","","","","","","","","","","","","","","","",""
"0","","","","","","","","","","","","","","","","","",""
"0","","","","","","","","","","","","","","","","","",""
"0","","","","","","","","","","","","","","","","","",""
"0","","","","","","","","","","","","","","","","","",""
"0","","","","","","","","","","","","","","","","","",""
"0","","","","","","","","","","","","","","","","","",""
"0","","","","","","","","","","","","","","","","","",""
"0","","","","","","","","","","","","","","","","","",""
"0","","","","","","","","","","","","","","","","","",""
"0","","","","","","","","","","","","","","","","","",""
"0","","","","","","","","","","","","","","","","","",""
"0","","","","","","","","","","","","","","","","","",""
"0","","","","","","","","","","","","","","","","","",""
"0","","","","","","","","","","","","","","","","","",""
"0","","","","","","","","","","","","","","","","","",""
"0","","","","","","","","","","","","","","","","","",""
"0","","","","","","","","","","","","","","","","","",""
"0","","","","","","","","","","","","","","","","","",""
"0","","","","","","","","","","","","","","","","","",""
"0","","","","","","","","","","","","","","","","","",""
"0","","","","","","","","","","","","","","","","","",""
"0","","","","","","","","","","","","","","","","","",""
"0","","","","","","","","","","","","","","","","","",""
"0","","","","","","","","","","","","","","","","","",""
"0","","","","","","","","","","","","","","","","","",""
"0","","","","","","","","","","","","","","","","","",""
"0","","","","","","","","","","","","","","","","","",""
"0","","","","","","","","","","","","","","","","","",""
"0","","","","","","","","","","","","","","","","","",""
"0","","","","","","","","","","","","","","","","","",""
"0","","","","","","","","","","","","","","","","","",""
"0","","","","","","","","","","","","","","","","","",""
"0","","","","","","","","","","","","","","","","","",""
"0","","","","","","","","","","","","","","","","","",""
"0","","","","","","","","","","","","","","","","","",""
"0","","","","","","","","","","","","","","","","","",""
"0","","","","","","","","","","","","","","","","","",""
"0","","","","","","","","","","","","","","","","","",""
"0","","","","","","","","","","","","","","","","","",""
"0","","","","","","","","","","","","","","","","","",""
"0","","","","","","","","","","","","","","","","","",""
"0","","","","","","","","","","","","","","","","","",""
"0","","","","","","","","","","","","","","","","","",""
"0","","","","","","","","","","","","","","","","","",""
"0","","","","","","","","","","","","","","","","","",""
"0","","","","","","","","","","","","","","","","","",""
"0","","","","","","","","","","","","","","","","","",""
"0","","","","","","","","","","","","","","","","","",""
"0","","","","","","","","","","","","","","","","","",""
"0","","","","","","","","","","","","","","","","","",""
"0","","","","","","","","","","","","","","","","","",""
"0","","","","","","","","","","","","","","","","","",""
"0","","","","","","","","","","","","","","","","","",""
"0","","","","","","","","","","","","","","","","","",""
"0","","","","","","","","","","","","","","","","","",""
"0","","","","","","","","","","","","","","","","","",""
"0","","","","","","","","","","","","","","","","","",""
"0","","","","","","","","","","","","","","","","","",""
"0","","","","","","","","","","","","","","","","","",""
"0","","","","","","","","","","","","","","","","","",""
"0","","","","","","","","","","","","","","","","","",""
"0","","","","","","","","","","","","","","","","","",""
"0","","","","","","","","","","","","","","","","","",""
"0","","","","","","","","","","","","","","","","","",""
"0","","","","","","","","","","","","","","","","","",""
"0","","","","","","","","","","","","","","","","","",""
"0","","","","","","","","","","","","","","","","","",""
"0","","","","","","","","","","","","","","","","","",""
"0","","","","","","","","","","","","","","","","","",""
"0","","","","","","","","","","","","","","","","","",""
"0","","","","","","","","","","","","","","","","","",""
"0","","","","","","","","","","","","","","","","","",""
"0","","","","","","","","","","","","","","","","","",""
"0","","","","","","","","","","","","","","","","","",""
"0","","","","","","","","","","","","","","","","","",""
"0","","","","","","","","","","","","","","","","","",""
"0","","","","","","","","","","","","","","","","","",""
"0","","","","","","","","","","","","","","","","","",""
"0","","","","","","","","","","","","","","","","","",""
"0","","","","","","","","","","","","","","","","","",""
"0","","","","","","","","","","","","","","","","","",""
"0","","","","","","","","","","","","","","","","","",""
"0","","","","","","","","","","","","","","","","","",""
"0","","","","","","","","","","","","","","","","","",""
"0","","","","","","","","","","","","","","","","","",""
"0","","","","","","","","","","","","","","","","","",""
"0","","","","","","","","","","","","","","","","","",""
"0","","","","","","","","","","","","","","","","","",""
"0","","","","","","","","","","","","","","","","","",""
"0","","","","","","","","","","","","","","","","","",""
"0","","","","","","","","","","","","","","","","","",""
"0","","","","","","","","","","","","","","","","","",""
"0","","","","","","","","","","","","","","","","","",""
"0","","","","","","","","","","","","","","","","","",""
"0","","","","","","","","","","","","","","","","","",""
"0","","","","","","","","","","","","","","","","","",""
"0","","","","","","","","","","","","","","","","","",""
"0","","","","","","","","","","","","","","","","","",""
"0","","","","","","","","","","","","","","","","","",""
"0","","","","","","","","","","","","","","","","","",""
"0","","","","","","","","","","","","","","","","","",""
"0","","","","","","","","","","","","","","","","","",""
"0","","","","","","","","","","","","","","","","","",""
"0","","","","","","","","","","","","","","","","","",""
"0","","","","","","","","","","","","","","","","","",""
"0","","","","","","","","","","","","","","","","","",""
"0","","","","","","","","","","","","","","","","","",""
"0","","","","","","","","","","","","","","","","","",""
"0","","","","","","","","","","","","","","","","","",""
"0","","","","","","","","","","","","","","","","","",""
"0","","","","","","","","","","","","","","","","","",""
"0","","","","","","","","","","","","","","","","","",""
"0","","","","","","","","","","","","","","","","","",""
"0","","","","","","","","","","","","","","","","","",""
"0","","","","","","","","","","","","","","","","","",""
"0","","","","","","","","","","","","","","","","","",""
"0","","","","","","","","","","","","","","","","","",""
"0","","","","","","","","","","","","","","","","","",""
"0","","","","","","","","","","","","","","","","","",""
"0","","","","","","","","","","","","","","","","","",""
"0","","","","","","","","","","","","","","","","","",""
"0","","","","","","","","","","","","","","","","","",""
"0","","","","","","","","","","","","","","","","","",""
"0","","","","","","","","","","","","","","","","","",""
"0","","","","","","","","","","","","","","","","","",""
"0","","","","","","","","","","","","","","","","","",""
"0","","","","","","","","","","","","","","","","","",""
"0","","","","","","","","","","","","","","","","","",""
"0","","","","","","","","","","","","","","","","","",""
"0","","","","","","","","","","","","","","","","","",""
"0","","","","","","","","","","","","","","","","","",""
"0","","","","","","","","","","","","","","","","","",""
"0","","","","","","","","","","","","","","","","","",""
"0","","","","","","","","","","","","","","","","","",""
"0","","","","","","","","","","","","","","","","","",""
"0","","","","","","","","","","","","","","","","","",""
"0","","","","","","","","","","","","","","","","","",""
"0","","","","","","","","","","","","","","","","","",""
"0","","","","","","","","","","","","","","","","","",""
"0","","","","","","","","","","","","","","","","","",""
"0","","","","","","","","","","","","","","","","","",""
"0","","","","","","","","","","","","","","","","","",""
"0","","","","","","","","","","","","","","","","","",""
"0","","","","","","","","","","","","","","","","","",""
"0","","","","","","","","","","","","","","","","","",""
"0","","","","","","","","","","","","","","","","","",""
"0","","","","","","","","","","","","","","","","","",""
"0","","","","","","","","","","","","","","","","","",""
"0","","","","","","","","","","","","","","","","","",""
"0","","","","","","","","","","","","","","","","","",""
"0","","","","","","","","","","","","","","","","","",""
"0","","","","","","","","","","","","","","","","","",""
"0","","","","","","","","","","","","","","","","","",""
"0","","","","","","","","","","","","","","","","","",""
"0","","","","","","","","","","","","","","","","","",""
"0","","","","","","","","","","","","","","","","","",""
"0","","","","","","","","","","","","","","","","","",""
"0","","","","","","","","","","","","","","","","","",""
"0","","","","","","","","","","","","","","","","","",""
"0","","","","","","","","","","","","","","","","","",""
"0","","","","","","","","","","","","","","","","","",""
"0","","","","","","","","","","","","","","","","","",""
"0","","","","","","","","","","","","","","","","","",""
"0","","","","","","","","","","","","","","","","","",""
"0","","","","","","","","","","","","","","","","","",""
"0","","","","","","","","","","","","","","","","","",""
"0","","","","","","","","","","","","","","","","","",""
"0","","","","","","","","","","","","","","","","","",""
"0","","","","","","","","","","","","","","","","","",""
"0","","","","","","","","","","","","","","","","","",""
"0","","","","","","","","","","","","","","","","","",""
"0","","","","","","","","","","","","","","","","","",""
"0","","","","","","","","","","","","","","","","","",""
"0","","","","","","","","","","","","","","","","","",""
"0","","","","","","","","","","","","","","","","","",""
"0","","","","","","","","","","","","","","","","","",""
"0","","","","","","","","","","","","","","","","","",""
"0","","","","","","","","","","","","","","","","","",""
"0","","","","","","","","","","","","","","","","","",""
"0","","","","","","","","","","","","","","","","","",""
"0","","","","","","","","","","","","","","","","","",""
"0","","","","","","","","","","","","","","","","","",""
"0","","","","","","","","","","","","","","","","","",""
"0","","","","","","","","","","","","","","","","","",""
"0","","","","","","","","","","","","","","","","","",""
"0","","","","","","","","","","","","","","","","","",""
"0","","","","","","","","","","","","","","","","","",""
"0","","","","","","","","","","","","","","","","","",""
"0","","","","","","","","","","","","","","","","","",""
"0","","","","","","","","","","","","","","","","","",""
"0","","","","","","","","","","","","","","","","","",""
"0","","","","","","","","","","","","","","","","","",""
"0","","","","","","","","","","","","","","","","","",""
"0","","","","","","","","","","","","","","","","","",""
"0","","","","","","","","","","","","","","","","","",""
"0","","","","","","","","","","","","","","","","","",""
"0","","","","","","","","","","","","","","","","","",""
"0","","","","","","","","","","","","","","","","","",""
"0","","","","","","","","","","","","","","","","","",""
"0","","","","","","","","","","","","","","","","","",""
"0","","","","","","","","","","","","","","","","","",""
"0","","","","","","","","","","","","","","","","","",""
"0","","","","","","","","","","","","","","","","","",""
"0","","","","","","","","","","","","","","","","","",""
"0","","","","","","","","","","","","","","","","","",""
"0","","","","","","","","","","","","","","","","","",""
"0","","","","","","","","","","","","","","","","","",""
"0","","","","","","","","","","","","","","","","","",""
"0","","","","","","","","","","","","","","","","","",""
"0","","","","","","","","","","","","","","","","","",""
"0","","","","","","","","","","","","","","","","","",""
"0","","","","","","","","","","","","","","","","","",""
"0","","","","","","","","","","","","","","","","","",""
"0","","","","","","","","","","","","","","","","","",""
"0","","","","","","","","","","","","","","","","","",""
"0","","","","","","","","","","","","","","","","","",""
"0","","","","","","","","","","","","","","","","","",""
"0","","","","","","","","","","","","","","","","","",""
"0","","","","","","","","","","","","","","","","","",""
"0","","","","","","","","","","","","","","","","","",""
"0","","","","","","","","","","","","","","","","","",""
"0","","","","","","","","","","","","","","","","","",""
"0","","","","","","","","","","","","","","","","","",""
"0","","","","","","","","","","","","","","","","","",""
"0","","","","","","","","","","","","","","","","","",""
"0","","","","","","","","","","","","","","","","","",""
"0","","","","","","","","","","","","","","","","","",""
"0","","","","","","","","","","","","","","","","","",""
"0","","","","","","","","","","","","","","","","","",""
"0","","","","","","","","","","","","","","","","","",""
"0","","","","","","","","","","","","","","","","","",""
"0","","","","","","","","","","","","","","","","","",""
"0","","","","","","","","","","","","","","","","","",""
"0","","","","","","","","","","","","","","","","","",""
"0","","","","","","","","","","","","","","","","","",""
"0","","","","","","","","","","","","","","","","","",""
"0","","","","","","","","","","","","","","","","","",""
"0","","","","","","","","","","","","","","","","","",""
"0","","","","","","","","","","","","","","","","","",""
"0","","","","","","","","","","","","","","","","","",""
"0","","","","","","","","","","","","","","","","","",""
"0","","","","","","","","","","","","","","","","","",""
"0","","","","","","","","","","","","","","","","","",""
"0","","","","","","","","","","","","","","","","","",""
"0","","","","","","","","","","","","","","","","","",""
"0","","","","","","","","","","","","","","","","","",""
"0","","","","","","","","","","","","","","","","","",""
"0","","","","","","","","","","","","","","","","","",""
"0","","","","","","","","","","","","","","","","","",""
"0","","","","","","","","","","","","","","","","","",""
"0","","","","","","","","","","","","","","","","","",""
"0","","","","","","","","","","","","","","","","","",""
"0","","","","","","","","","","","","","","","","","",""
"0","","","","","","","","","","","","","","","","","",""
"0","","","","","","","","","","","","","","","","","",""
"0","","","","","","","","","","","","","","","","","",""
"0","","","","","","","","","","","","","","","","","",""
"0","","","","","","","","","","","","","","","","","",""
"0","","","","","","","","","","","","","","","","","",""
"0","","","","","","","","","","","","","","","","","",""
"0","","","","","","","","","","","","","","","","","",""
"0","","","","","","","","","","","","","","","","","",""
"0","","","","","","","","","","","","","","","","","",""
"0","","","","","","","","","","","","","","","","","",""
"0","","","","","","","","","","","","","","","","","",""
"0","","","","","","","","","","","","","","","","","",""
"0","","","","","","","","","","","","","","","","","",""
"0","","","","","","","","","","","","","","","","","",""
"0","","","","","","","","","","","","","","","","","",""
"0","","","","","","","","","","","","","","","","","",""
"0","","","","","","","","","","","","","","","","","",""
"0","","","","","","","","","","","","","","","","","",""
"0","","","","","","","","","","","","","","","","","",""
"0","","","","","","","","","","","","","","","","","",""
"0","","","","","","","","","","","","","","","","","",""
"0","","","","","","","","","","","","","","","","","",""
"0","","","","","","","","","","","","","","","","","",""
"0","","","","","","","","","","","","","","","","","",""
"0","","","","","","","","","","","","","","","","","",""
"0","","","","","","","","","","","","","","","","","",""
"0","","","","","","","","","","","","","","","","","",""
"0","","","","","","","","","","","","","","","","","",""
"0","","","","","","","","","","","","","","","","","",""
"0","","","","","","","","","","","","","","","","","",""
"0","","","","","","","","","","","","","","","","","",""
"0","","","","","","","","","","","","","","","","","",""
"0","","","","","","","","","","","","","","","","","",""
"0","","","","","","","","","","","","","","","","","",""
"0","","","","","","","","","","","","","","","","","",""
"0","","","","","","","","","","","","","","","","","",""
"0","","","","","","","","","","","","","","","","","",""
"0","","","","","","","","","","","","","","","","","",""
"0","","","","","","","","","","","","","","","","","",""
"0","","","","","","","","","","","","","","","","","",""
"0","","","","","","","","","","","","","","","","","",""
"0","","","","","","","","","","","","","","","","","",""
"0","","","","","","","","","","","","","","","","","",""
"0","","","","","","","","","","","","","","","","","",""
"0","","","","","","","","","","","","","","","","","",""
"0","","","","","","","","","","","","","","","","","",""
"0","","","","","","","","","","","","","","","","","",""
"0","","","","","","","","","","","","","","","","","",""
"0","","","","","","","","","","","","","","","","","",""
"0","","","","","","","","","","","","","","","","","",""
"0","","","","","","","","","","","","","","","","","",""
"0","","","","","","","","","","","","","","","","","",""
"0","","","","","","","","","","","","","","","","","",""
"0","","","","","","","","","","","","","","","","","",""
"0","","","","","","","","","","","","","","","","","",""
"0","","","","","","","","","","","","","","","","","",""
"0","","","","","","","","","","","","","","","","","",""
"0","","","","","","","","","","","","","","","","","",""
"0","","","","","","","","","","","","","","","","","",""
"0","","","","","","","","","","","","","","","","","",""
"0","","","","","","","","","","","","","","","","","",""
"0","","","","","","","","","","","","","","","","","",""
"0","","","","","","","","","","","","","","","","","",""
"0","","","","","","","","","","","","","","","","","",""
"0","","","","","","","","","","","","","","","","","",""
"0","","","","","","","","","","","","","","","","","",""
"0","","","","","","","","","","","","","","","","","",""
"0","","","","","","","","","","","","","","","","","",""
"0","","","","","","","","","","","","","","","","","",""
"0","","","","","","","","","","","","","","","","","",""
"0","","","","","","","","","","","","","","","","","",""
"0","","","","","","","","","","","","","","","","","",""
"0","","","","","","","","","","","","","","","","","",""
"0","","","","","","","","","","","","","","","","","",""
"0","","","","","","","","","","","","","","","","","",""
"0","","","","","","","","","","","","","","","","","",""
"0","","","","","","","","","","","","","","","","","",""
"0","","","","","","","","","","","","","","","","","",""
"0","","","","","","","","","","","","","","","","","",""
"0","","","","","","","","","","","","","","","","","",""
"0","","","","","","","","","","","","","","","","","",""
"0","","","","","","","","","","","","","","","","","",""
"0","","","","","","","","","","","","","","","","","",""
"0","","","","","","","","","","","","","","","","","",""
"0","","","","","","","","","","","","","","","","","",""
"0","","","","","","","","","","","","","","","","","",""
"0","","","","","","","","","","","","","","","","","",""
"0","","","","","","","","","","","","","","","","","",""
"0","","","","","","","","","","","","","","","","","",""
"0","","","","","","","","","","","","","","","","","",""
"0","","","","","","","","","","","","","","","","","",""
"0","","","","","","","","","","","","","","","","","",""
"0","","","","","","","","","","","","","","","","","",""
"0","","","","","","","","","","","","","","","","","",""
"0","","","","","","","","","","","","","","","","","",""
"0","","","","","","","","","","","","","","","","","",""
"0","","","","","","","","","","","","","","","","","",""
"0","","","","","","","","","","","","","","","","","",""
"0","","","","","","","","","","","","","","","","","",""
"0","","","","","","","","","","","","","","","","","",""
"0","","","","","","","","","","","","","","","","","",""
"0","","","","","","","","","","","","","","","","","",""
"0","","","","","","","","","","","","","","","","","",""
"0","","","","","","","","","","","","","","","","","",""
"0","","","","","","","","","","","","","","","","","",""
"0","","","","","","","","","","","","","","","","","",""
"0","","","","","","","","","","","","","","","","","",""
"0","","","","","","","","","","","","","","","","","",""
"0","","","","","","","","","","","","","","","","","",""
"0","","","","","","","","","","","","","","","","","",""
"0","","","","","","","","","","","","","","","","","",""
"0","","","","","","","","","","","","","","","","","",""
"0","","","","","","","","","","","","","","","","","",""
"0","","","","","","","","","","","","","","","","","",""
"0","","","","","","","","","","","","","","","","","",""
"0","","","","","","","","","","","","","","","","","",""
"0","","","","","","","","","","","","","","","","","",""
"0","","","","","","","","","","","","","","","","","",""
"0","","","","","","","","","","","","","","","","","",""
"0","","","","","","","","","","","","","","","","","",""
"0","","","","","","","","","","","","","","","","","",""
"0","","","","","","","","","","","","","","","","","",""
"0","","","","","","","","","","","","","","","","","",""
"0","","","","","","","","","","","","","","","","","",""
"0","","","","","","","","","","","","","","","","","",""
"0","","","","","","","","","","","","","","","","","",""
"0","","","","","","","","","","","","","","","","","",""
"0","","","","","","","","","","","","","","","","","",""
"0","","","","","","","","","","","","","","","","","",""
"0","","","","","","","","","","","","","","","","","",""
"0","","","","","","","","","","","","","","","","","",""
"0","","","","","","","","","","","","","","","","","",""
"0","","","","","","","","","","","","","","","","","",""
"0","","","","","","","","","","","","","","","","","",""
"0","","","","","","","","","","","","","","","","","",""
"0","","","","","","","","","","","","","","","","","",""
"0","","","","","","","","","","","","","","","","","",""
"0","","","","","","","","","","","","","","","","","",""
"0","","","","","","","","","","","","","","","","","",""
"0","","","","","","","","","","","","","","","","","",""
"0","","","","","","","","","","","","","","","","","",""
"0","","","","","","","","","","","","","","","","","",""
"0","","","","","","","","","","","","","","","","","",""
"0","","","","","","","","","","","","","","","","","",""
"0","","","","","","","","","","","","","","","","","",""
"0","","","","","","","","","","","","","","","","","",""
"0","","","","","","","","","","","","","","","","","",""
"0","","","","","","","","","","","","","","","","","",""
"0","","","","","","","","","","","","","","","","","",""
"0","","","","","","","","","","","","","","","","","",""
"0","","","","","","","","","","","","","","","","","",""
"0","","","","","","","","","","","","","","","","","",""
"0","","","","","","","","","","","","","","","","","",""
"0","","","","","","","","","","","","","","","","","",""
"0","","","","","","","","","","","","","","","","","",""
"0","","","","","","","","","","","","","","","","","",""
"0","","","","","","","","","","","","","","","","","",""
"0","","","","","","","","","","","","","","","","","",""
"0","","","","","","","","","","","","","","","","","",""
"0","","","","","","","","","","","","","","","","","",""
"0","","","","","","","","","","","","","","","","","",""
"0","","","","","","","","","","","","","","","","","",""
"0","","","","","","","","","","","","","","","","","",""
"0","","","","","","","","","","","","","","","","","",""
"0","","","","","","","","","","","","","","","","","",""
"0","","","","","","","","","","","","","","","","","",""
"0","","","","","","","","","","","","","","","","","",""
"0","","","","","","","","","","","","","","","","","",""
"0","","","","","","","","","","","","","","","","","",""
"0","","","","","","","","","","","","","","","","","",""
"0","","","","","","","","","","","","","","","","","",""
"0","","","","","","","","","","","","","","","","","",""
"0","","","","","","","","","","","","","","","","","",""
"0","","","","","","","","","","","","","","","","","",""
"0","","","","","","","","","","","","","","","","","",""
"0","","","","","","","","","","","","","","","","","",""
"0","","","","","","","","","","","","","","","","","",""
"0","","","","","","","","","","","","","","","","","",""
"0","","","","","","","","","","","","","","","","","",""
"0","","","","","","","","","","","","","","","","","",""
"0","","","","","","","","","","","","","","","","","",""
"0","","","","","","","","","","","","","","","","","",""
"0","","","","","","","","","","","","","","","","","",""
"0","","","","","","","","","","","","","","","","","",""
"0","","","","","","","","","","","","","","","","","",""
"0","","","","","","","","","","","","","","","","","",""
"0","","","","","","","","","","","","","","","","","",""
"0","","","","","","","","","","","","","","","","","",""
"0","","","","","","","","","","","","","","","","","",""
"0","","","","","","","","","","","","","","","","","",""
"0","","","","","","","","","","","","","","","","","",""
"0","","","","","","","","","","","","","","","","","",""
"0","","","","","","","","","","","","","","","","","",""
"0","","","","","","","","","","","","","","","","","",""
"0","","","","","","","","","","","","","","","","","",""
"0","","","","","","","","","","","","","","","","","",""
"0","","","","","","","","","","","","","","","","","",""
"0","","","","","","","","","","","","","","","","","",""
"0","","","","","","","","","","","","","","","","","",""
"0","","","","","","","","","","","","","","","","","",""
"0","","","","","","","","","","","","","","","","","",""
"0","","","","","","","","","","","","","","","","","",""
"0","","","","","","","","","","","","","","","","","",""
"0","","","","","","","","","","","","","","","","","",""
"0","","","","","","","","","","","","","","","","","",""
"0","","","","","","","","","","","","","","","","","",""
"0","","","","","","","","","","","","","","","","","",""
"0","","","","","","","","","","","","","","","","","",""
"0","","","","","","","","","","","","","","","","","",""
"0","","","","","","","","","","","","","","","","","",""
"0","","","","","","","","","","","","","","","","","",""
"0","","","","","","","","","","","","","","","","","",""
"0","","","","","","","","","","","","","","","","","",""
"0","","","","","","","","","","","","","","","","","",""
"0","","","","","","","","","","","","","","","","","",""
"0","","","","","","","","","","","","","","","","","",""
"0","","","","","","","","","","","","","","","","","",""
"0","","","","","","","","","","","","","","","","","",""
"0","","","","","","","","","","","","","","","","","",""
"0","","","","","","","","","","","","","","","","","",""
"0","","","","","","","","","","","","","","","","","",""
"0","","","","","","","","","","","","","","","","","",""
"0","","","","","","","","","","","","","","","","","",""
"0","","","","","","","","","","","","","","","","","",""
"0","","","","","","","","","","","","","","","","","",""
"0","","","","","","","","","","","","","","","","","",""
"0","","","","","","","","","","","","","","","","","",""
"0","","","","","","","","","","","","","","","","","",""
"0","","","","","","","","","","","","","","","","","",""
"0","","","","","","","","","","","","","","","","","",""
"0","","","","","","","","","","","","","","","","","",""
"0","","","","","","","","","","","","","","","","","",""
"0","","","","","","","","","","","","","","","","","",""
"0","","","","","","","","","","","","","","","","","",""
"0","","","","","","","","","","","","","","","","","",""
"0","","","","","","","","","","","","","","","","","",""
"0","","","","","","","","","","","","","","","","","",""
"0","","","","","","","","","","","","","","","","","",""
"0","","","","","","","","","","","","","","","","","",""
"0","","","","","","","","","","","","","","","","","",""
"0","","","","","","","","","","","","","","","","","",""
"0","","","","","","","","","","","","","","","","","",""
"0","","","","","","","","","","","","","","","","","",""
"0","","","","","","","","","","","","","","","","","",""
"0","","","","","","","","","","","","","","","","","",""
"0","","","","","","","","","","","","","","","","","",""
"0","","","","","","","","","","","","","","","","","",""
"0","","","","","","","","","","","","","","","","","",""
"0","","","","","","","","","","","","","","","","","",""
"0","","","","","","","","","","","","","","","","","",""
"0","","","","","","","","","","","","","","","","","",""
"0","","","","","","","","","","","","","","","","","",""
"0","","","","","","","","","","","","","","","","","",""
"0","","","","","","","","","","","","","","","","","",""
"0","","","","","","","","","","","","","","","","","",""
"0","","","","","","","","","","","","","","","","","",""
"0","","","","","","","","","","","","","","","","","",""
"0","","","","","","","","","","","","","","","","","",""
"0","","","","","","","","","","","","","","","","","",""
"0","","","","","","","","","","","","","","","","","",""
"0","","","","","","","","","","","","","","","","","",""
"0","","","","","","","","","","","","","","","","","",""
"0","","","","","","","","","","","","","","","","","",""
"0","","","","","","","","","","","","","","","","","",""
"0","","","","","","","","","","","","","","","","","",""
"0","","","","","","","","","","","","","","","","","",""
"0","","","","","","","","","","","","","","","","","",""
"0","","","","","","","","","","","","","","","","","",""
"0","","","","","","","","","","","","","","","","","",""
"0","","","","","","","","","","","","","","","","","",""
"0","","","","","","","","","","","","","","","","","",""
"0","","","","","","","","","","","","","","","","","",""
"0","","","","","","","","","","","","","","","","","",""
"0","","","","","","","","","","","","","","","","","",""
"0","","","","","","","","","","","","","","","","","",""
"0","","","","","","","","","","","","","","","","","",""
"0","","","","","","","","","","","","","","","","","",""
"0","","","","","","","","","","","","","","","","","",""
"0","","","","","","","","","","","","","","","","","",""
"0","","","","","","","","","","","","","","","","","",""
"0","","","","","","","","","","","","","","","","","",""
"0","","","","","","","","","","","","","","","","","",""
"0","","","","","","","","","","","","","","","","","",""
"0","","","","","","","","","","","","","","","","","",""
"0","","","","","","","","","","","","","","","","","",""
"0","","","","","","","","","","","","","","","","","",""
"0","","","","","","","","","","","","","","","","","",""
"0","","","","","","","","","","","","","","","","","",""
"0","","","","","","","","","","","","","","","","","",""
"0","","","","","","","","","","","","","","","","","",""
"0","","","","","","","","","","","","","","","","","",""
"0","","","","","","","","","","","","","","","","","",""
"0","","","","","","","","","","","","","","","","","",""
"0","","","","","","","","","","","","","","","","","",""
"0","","","","","","","","","","","","","","","","","",""
"0","","","","","","","","","","","","","","","","","",""
"0","","","","","","","","","","","","","","","","","",""
"0","","","","","","","","","","","","","","","","","",""
"0","","","","","","","","","","","","","","","","","",""
"0","","","","","","","","","","","","","","","","","",""
"0","","","","","","","","","","","","","","","","","",""
"0","","","","","","","","","","","","","","","","","",""
"0","","","","","","","","","","","","","","","","","",""
"0","","","","","","","","","","","","","","","","","",""
"0","","","","","","","","","","","","","","","","","",""
"0","","","","","","","","","","","","","","","","","",""
"0","","","","","","","","","","","","","","","","","",""
"0","","","","","","","","","","","","","","","","","",""
"0","","","","","","","","","","","","","","","","","",""
"0","","","","","","","","","","","","","","","","","",""
"0","","","","","","","","","","","","","","","","","",""
"0","","","","","","","","","","","","","","","","","",""
"0","","","","","","","","","","","","","","","","","",""
"0","","","","","","","","","","","","","","","","","",""
"0","","","","","","","","","","","","","","","","","",""
"0","","","","","","","","","","","","","","","","","",""
"0","","","","","","","","","","","","","","","","","",""
"0","","","","","","","","","","","","","","","","","",""
"0","","","","","","","","","","","","","","","","","",""
"0","","","","","","","","","","","","","","","","","",""
"0","","","","","","","","","","","","","","","","","",""
"0","","","","","","","","","","","","","","","","","",""
"0","","","","","","","","","","","","","","","","","",""
"0","","","","","","","","","","","","","","","","","",""
"0","","","","","","","","","","","","","","","","","",""
"0","","","","","","","","","","","","","","","","","",""
"0","","","","","","","","","","","","","","","","","",""
"0","","","","","","","","","","","","","","","","","",""
"0","","","","","","","","","","","","","","","","","",""
"0","","","","","","","","","","","","","","","","","",""
"0","","","","","","","","","","","","","","","","","",""
"0","","","","","","","","","","","","","","","","","",""
"0","","","","","","","","","","","","","","","","","",""
"0","","","","","","","","","","","","","","","","","",""
"0","","","","","","","","","","","","","","","","","",""
"0","","","","","","","","","","","","","","","","","",""
"0","","","","","","","","","","","","","","","","","",""
"0","","","","","","","","","","","","","","","","","",""
"0","","","","","","","","","","","","","","","","","",""
"0","","","","","","","","","","","","","","","","","",""
"0","","","","","","","","","","","","","","","","","",""
"0","","","","","","","","","","","","","","","","","",""
"0","","","","","","","","","","","","","","","","","",""
"0","","","","","","","","","","","","","","","","","",""
"0","","","","","","","","","","","","","","","","","",""
"0","","","","","","","","","","","","","","","","","",""
"0","","","","","","","","","","","","","","","","","",""
"0","","","","","","","","","","","","","","","","","",""
"0","","","","","","","","","","","","","","","","","",""
"0","","","","","","","","","","","","","","","","","",""
"0","","","","","","","","","","","","","","","","","",""
"0","","","","","","","","","","","","","","","","","",""
"0","","","","","","","","","","","","","","","","","",""
"0","","","","","","","","","","","","","","","","","",""
"0","","","","","","","","","","","","","","","","","",""
"0","","","","","","","","","","","","","","","","","",""
"0","","","","","","","","","","","","","","","","","",""
"0","","","","","","","","","","","","","","","","","",""
"0","","","","","","","","","","","","","","","","","",""
"0","","","","","","","","","","","","","","","","","",""
"0","","","","","","","","","","","","","","","","","",""
"0","","","","","","","","","","","","","","","","","",""
"0","","","","","","","","","","","","","","","","","",""
"0","","","","","","","","","","","","","","","","","",""
"0","","","","","","","","","","","","","","","","","",""
"0","","","","","","","","","","","","","","","","","",""
"0","","","","","","","","","","","","","","","","","",""
"0","","","","","","","","","","","","","","","","","",""
"0","","","","","","","","","","","","","","","","","",""
"0","","","","","","","","","","","","","","","","","",""
"0","","","","","","","","","","","","","","","","","",""
"0","","","","","","","","","","","","","","","","","",""
"0","","","","","","","","","","","","","","","","","",""
"0","","","","","","","","","","","","","","","","","",""
"0","","","","","","","","","","","","","","","","","",""
"0","","","","","","","","","","","","","","","","","",""
"0","","","","","","","","","","","","","","","","","",""
"0","","","","","","","","","","","","","","","","","",""
"0","","","","","","","","","","","","","","","","","",""
"0","","","","","","","","","","","","","","","","","",""
"0","","","","","","","","","","","","","","","","","",""
"0","","","","","","","","","","","","","","","","","",""
"0","","","","","","","","","","","","","","","","","",""
"0","","","","","","","","","","","","","","","","","",""
"0","","","","","","","","","","","","","","","","","",""
"0","","","","","","","","","","","","","","","","","",""
"0","","","","","","","","","","","","","","","","","",""
"0","","","","","","","","","","","","","","","","","",""
"0","","","","","","","","","","","","","","","","","",""
"0","","","","","","","","","","","","","","","","","",""
"0","","","","","","","","","","","","","","","","","",""
"0","","","","","","","","","","","","","","","","","",""
"0","","","","","","","","","","","","","","","","","",""
"0","","","","","","","","","","","","","","","","","",""
"0","","","","","","","","","","","","","","","","","",""
"0","","","","","","","","","","","","","","","","","",""
"0","","","","","","","","","","","","","","","","","",""
"0","","","","","","","","","","","","","","","","","",""
"0","","","","","","","","","","","","","","","","","",""
"0","","","","","","","","","","","","","","","","","",""
"0","","","","","","","","","","","","","","","","","",""
"0","","","","","","","","","","","","","","","","","",""
"0","","","","","","","","","","","","","","","","","",""
"0","","","","","","","","","","","","","","","","","",""
"0","","","","","","","","","","","","","","","","","",""
"0","","","","","","","","","","","","","","","","","",""
"0","","","","","","","","","","","","","","","","","",""
"0","","","","","","","","","","","","","","","","","",""
"0","","","","","","","","","","","","","","","","","",""
"0","","","","","","","","","","","","","","","","","",""
"0","","","","","","","","","","","","","","","","","",""
"0","","","","","","","","","","","","","","","","","",""
"0","","","","","","","","","","","","","","","","","",""
"0","","","","","","","","","","","","","","","","","",""
"0","","","","","","","","","","","","","","","","","",""
"0","","","","","","","","","","","","","","","","","",""
"0","","","","","","","","","","","","","","","","","",""
"0","","","","","","","","","","","","","","","","","",""
"0","","","","","","","","","","","","","","","","","",""
"0","","","","","","","","","","","","","","","","","",""
"0","","","","","","","","","","","","","","","","","",""
"0","","","","","","","","","","","","","","","","","",""
"0","","","","","","","","","","","","","","","","","",""
"0","","","","","","","","","","","","","","","","","",""
"0","","","","","","","","","","","","","","","","","",""
"0","","","","","","","","","","","","","","","","","",""
"0","","","","","","","","","","","","","","","","","",""
"0","","","","","","","","","","","","","","","","","",""
"0","","","","","","","","","","","","","","","","","",""
"0","","","","","","","","","","","","","","","","","",""
"0","","","","","","","","","","","","","","","","","",""
"0","","","","","","","","","","","","","","","","","",""
"0","","","","","","","","","","","","","","","","","",""
"0","","","","","","","","","","","","","","","","","",""
"0","","","","","","","","","","","","","","","","","",""
"0","","","","","","","","","","","","","","","","","",""
"0","","","","","","","","","","","","","","","","","",""
"0","","","","","","","","","","","","","","","","","",""
"0","","","","","","","","","","","","","","","","","",""
"0","","","","","","","","","","","","","","","","","",""
"0","","","","","","","","","","","","","","","","","",""
"0","","","","","","","","","","","","","","","","","",""
"0","","","","","","","","","","","","","","","","","",""
"0","","","","","","","","","","","","","","","","","",""
"0","","","","","","","","","","","","","","","","","",""
"0","","","","","","","","","","","","","","","","","",""
"0","","","","","","","","","","","","","","","","","",""
"0","","","","","","","","","","","","","","","","","",""
"0","","","","","","","","","","","","","","","","","",""
"0","","","","","","","","","","","","","","","","","",""
"0","","","","","","","","","","","","","","","","","",""
"0","","","","","","","","","","","","","","","","","",""
"0","","","","","","","","","","","","","","","","","",""
"0","","","","","","","","","","","","","","","","","",""
"0","","","","","","","","","","","","","","","","","",""
"0","","","","","","","","","","","","","","","","","",""
"0","","","","","","","","","","","","","","","","","",""
"0","","","","","","","","","","","","","","","","","",""
"0","","","","","","","","","","","","","","","","","",""
"0","","","","","","","","","","","","","","","","","",""
"0","","","","","","","","","","","","","","","","","",""
"0","","","","","","","","","","","","","","","","","",""
"0","","","","","","","","","","","","","","","","","",""
"0","","","","","","","","","","","","","","","","","",""
"0","","","","","","","","","","","","","","","","","",""
"0","","","","","","","","","","","","","","","","","",""
"0","","","","","","","","","","","","","","","","","",""
"0","","","","","","","","","","","","","","","","","",""
"0","","","","","","","","","","","","","","","","","",""
"0","","","","","","","","","","","","","","","","","",""
"0","","","","","","","","","","","","","","","","","",""
"0","","","","","","","","","","","","","","","","","",""
"0","","","","","","","","","","","","","","","","","",""
"0","","","","","","","","","","","","","","","","","",""
"0","","","","","","","","","","","","","","","","","",""
"0","","","","","","","","","","","","","","","","","",""
"0","","","","","","","","","","","","","","","","","",""
"0","","","","","","","","","","","","","","","","","",""
"0","","","","","","","","","","","","","","","","","",""
"0","","","","","","","","","","","","","","","","","",""
"0","","","","","","","","","","","","","","","","","",""
"0","","","","","","","","","","","","","","","","","",""
"0","","","","","","","","","","","","","","","","","",""
"0","","","","","","","","","","","","","","","","","",""
"0","","","","","","","","","","","","","","","","","",""
"0","","","","","","","","","","","","","","","","","",""
"0","","","","","","","","","","","","","","","","","",""
"0","","","","","","","","","","","","","","","","","",""
"0","","","","","","","","","","","","","","","","","",""
"0","","","","","","","","","","","","","","","","","",""
"0","","","","","","","","","","","","","","","","","",""
"0","","","","","","","","","","","","","","","","","",""
"0","","","","","","","","","","","","","","","","","",""
"0","","","","","","","","","","","","","","","","","",""
"0","","","","","","","","","","","","","","","","","",""
"0","","","","","","","","","","","","","","","","","",""
"0","","","","","","","","","","","","","","","","","",""
"0","","","","","","","","","","","","","","","","","",""
"0","","","","","","","","","","","","","","","","","",""
"0","","","","","","","","","","","","","","","","","",""
"0","","","","","","","","","","","","","","","","","",""
"0","","","","","","","","","","","","","","","","","",""
"0","","","","","","","","","","","","","","","","","",""
"0","","","","","","","","","","","","","","","","","",""
"0","","","","","","","","","","","","","","","","","",""
"0","","","","","","","","","","","","","","","","","",""
"0","","","","","","","","","","","","","","","","","",""
"0","","","","","","","","","","","","","","","","","",""
"0","","","","","","","","","","","","","","","","","",""
"0","","","","","","","","","","","","","","","","","",""
"0","","","","","","","","","","","","","","","","","",""
"0","","","","","","","","","","","","","","","","","",""
"0","","","","","","","","","","","","","","","","","",""
"0","","","","","","","","","","","","","","","","","",""
"0","","","","","","","","","","","","","","","","","",""
"0","","","","","","","","","","","","","","","","","",""
"0","","","","","","","","","","","","","","","","","",""
"0","","","","","","","","","","","","","","","","","",""
"0","","","","","","","","","","","","","","","","","",""
"0","","","","","","","","","","","","","","","","","",""
"0","","","","","","","","","","","","","","","","","",""
"0","","","","","","","","","","","","","","","","","",""
"0","","","","","","","","","","","","","","","","","",""
"0","","","","","","","","","","","","","","","","","",""
"0","","","","","","","","","","","","","","","","","",""
"0","","","","","","","","","","","","","","","","","",""
"0","","","","","","","","","","","","","","","","","",""
"0","","","","","","","","","","","","","","","","","",""
"0","","","","","","","","","","","","","","","","","",""
"0","","","","","","","","","","","","","","","","","",""
"0","","","","","","","","","","","","","","","","","",""
"0","","","","","","","","","","","","","","","","","",""
"0","","","","","","","","","","","","","","","","","",""
"0","","","","","","","","","","","","","","","","","",""
"0","","","","","","","","","","","","","","","","","",""
"0","","","","","","","","","","","","","","","","","",""
"0","","","","","","","","","","","","","","","","","",""
"0","","","","","","","","","","","","","","","","","",""
"0","","","","","","","","","","","","","","","","","",""
"0","","","","","","","","","","","","","","","","","",""
"0","","","","","","","","","","","","","","","","","",""
"0","","","","","","","","","","","","","","","","","",""
"0","","","","","","","","","","","","","","","","","",""
"0","","","","","","","","","","","","","","","","","",""
"0","","","","","","","","","","","","","","","","","",""
"0","","","","","","","","","","","","","","","","","",""
"0","","","","","","","","","","","","","","","","","",""
"0","","","","","","","","","","","","","","","","","",""
"0","","","","","","","","","","","","","","","","","",""
"0","","","","","","","","","","","","","","","","","",""
"0","","","","","","","","","","","","","","","","","",""
"0","","","","","","","","","","","","","","","","","",""
"0","","","","","","","","","","","","","","","","","",""
"0","","","","","","","","","","","","","","","","","",""
"0","","","","","","","","","","","","","","","","","",""
"0","","","","","","","","","","","","","","","","","",""
"0","","","","","","","","","","","","","","","","","",""
"0","","","","","","","","","","","","","","","","","",""
"0","","","","","","","","","","","","","","","","","",""
"0","","","","","","","","","","","","","","","","","",""
"0","","","","","","","","","","","","","","","","","",""
"0","","","","","","","","","","","","","","","","","",""
"0","","","","","","","","","","","","","","","","","",""
"0","","","","","","","","","","","","","","","","","",""
"0","","","","","","","","","","","","","","","","","",""
"0","","","","","","","","","","","","","","","","","",""
"0","","","","","","","","","","","","","","","","","",""
"0","","","","","","","","","","","","","","","","","",""
"0","","","","","","","","","","","","","","","","","",""
"0","","","","","","","","","","","","","","","","","",""
"0","","","","","","","","","","","","","","","","","",""
"0","","","","","","","","","","","","","","","","","",""
"0","","","","","","","","","","","","","","","","","",""
"0","","","","","","","","","","","","","","","","","",""
"0","","","","","","","","","","","","","","","","","",""
"0","","","","","","","","","","","","","","","","","",""
"0","","","","","","","","","","","","","","","","","",""
"0","","","","","","","","","","","","","","","","","",""
"0","","","","","","","","","","","","","","","","","",""
"0","","","","","","","","","","","","","","","","","",""
"0","","","","","","","","","","","","","","","","","",""
"0","","","","","","","","","","","","","","","","","",""
"0","","","","","","","","","","","","","","","","","",""
"0","","","","","","","","","","","","","","","","","",""
"0","","","","","","","","","","","","","","","","","",""
"0","","","","","","","","","","","","","","","","","",""
"0","","","","","","","","","","","","","","","","","",""
"0","","","","","","","","","","","","","","","","","",""
"0","","","","","","","","","","","","","","","","","",""
"0","","","","","","","","","","","","","","","","","",""
"0","","","","","","","","","","","","","","","","","",""
"0","","","","","","","","","","","","","","","","","",""
"0","","","","","","","","","","","","","","","","","",""
"0","","","","","","","","","","","","","","","","","",""
"0","","","","","","","","","","","","","","","","","",""
"0","","","","","","","","","","","","","","","","","",""
"0","","","","","","","","","","","","","","","","","",""
"0","","","","","","","","","","","","","","","","","",""
"0","","","","","","","","","","","","","","","","","",""
"0","","","","","","","","","","","","","","","","","",""
"0","","","","","","","","","","","","","","","","","",""
"0","","","","","","","","","","","","","","","","","",""
"0","","","","","","","","","","","","","","","","","",""
"0","","","","","","","","","","","","","","","","","",""
"0","","","","","","","","","","","","","","","","","",""
"0","","","","","","","","","","","","","","","","","",""
"0","","","","","","","","","","","","","","","","","",""
"0","","","","","","","","","","","","","","","","","",""
"0","","","","","","","","","","","","","","","","","",""
"0","","","","","","","","","","","","","","","","","",""
"0","","","","","","","","","","","","","","","","","",""
"0","","","","","","","","","","","","","","","","","",""
"0","","","","","","","","","","","","","","","","","",""
"0","","","","","","","","","","","","","","","","","",""
"0","","","","","","","","","","","","","","","","","",""
"0","","","","","","","","","","","","","","","","","",""
"0","","","","","","","","","","","","","","","","","",""
"0","","","","","","","","","","","","","","","","","",""
"0","","","","","","","","","","","","","","","","","",""
"0","","","","","","","","","","","","","","","","","",""
"0","","","","","","","","","","","","","","","","","",""
"0","","","","","","","","","","","","","","","","","",""
"0","","","","","","","","","","","","","","","","","",""
"0","","","","","","","","","","","","","","","","","",""
"0","","","","","","","","","","","","","","","","","",""
"0","","","","","","","","","","","","","","","","","",""
"0","","","","","","","","","","","","","","","","","",""
"0","","","","","","","","","","","","","","","","","",""
"0","","","","","","","","","","","","","","","","","",""
"0","","","","","","","","","","","","","","","","","",""
"0","","","","","","","","","","","","","","","","","",""
"0","","","","","","","","","","","","","","","","","",""
"0","","","","","","","","","","","","","","","","","",""
"0","","","","","","","","","","","","","","","","","",""
"0","","","","","","","","","","","","","","","","","",""
"0","","","","","","","","","","","","","","","","","",""
"0","","","","","","","","","","","","","","","","","",""
"0","","","","","","","","","","","","","","","","","",""
"0","","","","","","","","","","","","","","","","","",""
"0","","","","","","","","","","","","","","","","","",""
"0","","","","","","","","","","","","","","","","","",""
"0","","","","","","","","","","","","","","","","","",""
"0","","","","","","","","","","","","","","","","","",""
"0","","","","","","","","","","","","","","","","","",""
"0","","","","","","","","","","","","","","","","","",""
"0","","","","","","","","","","","","","","","","","",""
"0","","","","","","","","","","","","","","","","","",""
"0","","","","","","","","","","","","","","","","","",""
"0","","","","","","","","","","","","","","","","","",""
"0","","","","","","","","","","","","","","","","","",""
"0","","","","","","","","","","","","","","","","","",""
"0","","","","","","","","","","","","","","","","","",""
"0","","","","","","","","","","","","","","","","","",""
"0","","","","","","","","","","","","","","","","","",""
"0","","","","","","","","","","","","","","","","","",""
"0","","","","","","","","","","","","","","","","","",""
"0","","","","","","","","","","","","","","","","","",""
"0","","","","","","","","","","","","","","","","","",""
"0","","","","","","","","","","","","","","","","","",""
"0","","","","","","","","","","","","","","","","","",""
"0","","","","","","","","","","","","","","","","","",""
"0","","","","","","","","","","","","","","","","","",""
"0","","","","","","","","","","","","","","","","","",""
"0","","","","","","","","","","","","","","","","","",""
"0","","","","","","","","","","","","","","","","","",""
"0","","","","","","","","","","","","","","","","","",""
"0","","","","","","","","","","","","","","","","","",""
"0","","","","","","","","","","","","","","","","","",""
"0","","","","","","","","","","","","","","","","","",""
"0","","","","","","","","","","","","","","","","","",""
"0","","","","","","","","","","","","","","","","","",""
"0","","","","","","","","","","","","","","","","","",""
"0","","","","","","","","","","","","","","","","","",""
"0","","","","","","","","","","","","","","","","","",""
"0","","","","","","","","","","","","","","","","","",""
"0","","","","","","","","","","","","","","","","","",""
"0","","","","","","","","","","","","","","","","","",""
"0","","","","","","","","","","","","","","","","","",""
"0","","","","","","","","","","","","","","","","","",""
"0","","","","","","","","","","","","","","","","","",""
"0","","","","","","","","","","","","","","","","","",""
"0","","","","","","","","","","","","","","","","","",""
"0","","","","","","","","","","","","","","","","","",""
"0","","","","","","","","","","","","","","","","","",""
"0","","","","","","","","","","","","","","","","","",""
"0","","","","","","","","","","","","","","","","","",""
"0","","","","","","","","","","","","","","","","","",""
"0","","","","","","","","","","","","","","","","","",""
"0","","","","","","","","","","","","","","","","","",""
"0","","","","","","","","","","","","","","","","","",""
"0","","","","","","","","","","","","","","","","","",""
"0","","","","","","","","","","","","","","","","","",""
"0","","","","","","","","","","","","","","","","","",""
"0","","","","","","","","","","","","","","","","","",""
"0","","","","","","","","","","","","","","","","","",""
"0","","","","","","","","","","","","","","","","","",""
"0","","","","","","","","","","","","","","","","","",""
"0","","","","","","","","","","","","","","","","","",""
"0","","","","","","","","","","","","","","","","","",""
"0","","","","","","","","","","","","","","","","","",""
"0","","","","","","","","","","","","","","","","","",""
"0","","","","","","","","","","","","","","","","","",""
"0","","","","","","","","","","","","","","","","","",""
"0","","","","","","","","","","","","","","","","","",""
"0","","","","","","","","","","","","","","","","","",""
"0","","","","","","","","","","","","","","","","","",""
"0","","","","","","","","","","","","","","","","","",""
"0","","","","","","","","","","","","","","","","","",""
"0","","","","","","","","","","","","","","","","","",""
"0","","","","","","","","","","","","","","","","","",""
"0","","","","","","","","","","","","","","","","","",""
"0","","","","","","","","","","","","","","","","","",""
"0","","","","","","","","","","","","","","","","","",""
"0","","","","","","","","","","","","","","","","","",""
"0","","","","","","","","","","","","","","","","","",""
"0","","","","","","","","","","","","","","","","","",""
"0","","","","","","","","","","","","","","","","","",""
"0","","","","","","","","","","","","","","","","","",""
"0","","","","","","","","","","","","","","","","","",""
"0","","","","","","","","","","","","","","","","","",""
"0","","","","","","","","","","","","","","","","","",""
"0","","","","","","","","","","","","","","","","","",""
"0","","","","","","","","","","","","","","","","","",""
"0","","","","","","","","","","","","","","","","","",""
"0","","","","","","","","","","","","","","","","","",""
"0","","","","","","","","","","","","","","","","","",""
"0","","","","","","","","","","","","","","","","","",""
"0","","","","","","","","","","","","","","","","","",""
"0","","","","","","","","","","","","","","","","","",""
"0","","","","","","","","","","","","","","","","","",""
"0","","","","","","","","","","","","","","","","","",""
"0","","","","","","","","","","","","","","","","","",""
"0","","","","","","","","","","","","","","","","","",""
"0","","","","","","","","","","","","","","","","","",""
"0","","","","","","","","","","","","","","","","","",""
"0","","","","","","","","","","","","","","","","","",""
"0","","","","","","","","","","","","","","","","","",""
"0","","","","","","","","","","","","","","","","","",""
"0","","","","","","","","","","","","","","","","","",""
"0","","","","","","","","","","","","","","","","","",""
"0","","","","","","","","","","","","","","","","","",""
"0","","","","","","","","","","","","","","","","","",""
"0","","","","","","","","","","","","","","","","","",""
"0","","","","","","","","","","","","","","","","","",""
"0","","","","","","","","","","","","","","","","","",""
"0","","","","","","","","","","","","","","","","","",""
"0","","","","","","","","","","","","","","","","","",""
"0","","","","","","","","","","","","","","","","","",""
"0","","","","","","","","","","","","","","","","","",""
"0","","","","","","","","","","","","","","","","","",""
"0","","","","","","","","","","","","","","","","","",""
"0","","","","","","","","","","","","","","","","","",""
"0","","","","","","","","","","","","","","","","","",""
"0","","","","","","","","","","","","","","","","","",""
"0","","","","","","","","","","","","","","","","","",""
"0","","","","","","","","","","","","","","","","","",""
"0","","","","","","","","","","","","","","","","","",""
"0","","","","","","","","","","","","","","","","","",""
"0","","","","","","","","","","","","","","","","","",""
"0","","","","","","","","","","","","","","","","","",""
"0","","","","","","","","","","","","","","","","","",""
"0","","","","","","","","","","","","","","","","","",""
"0","","","","","","","","","","","","","","","","","",""
"0","","","","","","","","","","","","","","","","","",""
"0","","","","","","","","","","","","","","","","","",""
"0","","","","","","","","","","","","","","","","","",""
"0","","","","","","","","","","","","","","","","","",""
"0","","","","","","","","","","","","","","","","","",""
"0","","","","","","","","","","","","","","","","","",""
"0","","","","","","","","","","","","","","","","","",""
"0","","","","","","","","","","","","","","","","","",""
"0","","","","","","","","","","","","","","","","","",""
"0","","","","","","","","","","","","","","","","","",""
"0","","","","","","","","","","","","","","","","","",""
"0","","","","","","","","","","","","","","","","","",""
"0","","","","","","","","","","","","","","","","","",""
"0","","","","","","","","","","","","","","","","","",""
"0","","","","","","","","","","","","","","","","","",""
"0","","","","","","","","","","","","","","","","","",""
"0","","","","","","","","","","","","","","","","","",""
"0","","","","","","","","","","","","","","","","","",""
"0","","","","","","","","","","","","","","","","","",""
"0","","","","","","","","","","","","","","","","","",""
"0","","","","","","","","","","","","","","","","","",""
"0","","","","","","","","","","","","","","","","","",""
"0","","","","","","","","","","","","","","","","","",""
"0","","","","","","","","","","","","","","","","","",""
"0","","","","","","","","","","","","","","","","","",""
"0","","","","","","","","","","","","","","","","","",""
"0","","","","","","","","","","","","","","","","","",""
"0","","","","","","","","","","","","","","","","","",""
"0","","","","","","","","","","","","","","","","","",""
"0","","","","","","","","","","","","","","","","","",""
"0","","","","","","","","","","","","","","","","","",""
"0","","","","","","","","","","","","","","","","","",""
"0","","","","","","","","","","","","","","","","","",""
"0","","","","","","","","","","","","","","","","","",""
"0","","","","","","","","","","","","","","","","","",""
"0","","","","","","","","","","","","","","","","","",""
"0","","","","","","","","","","","","","","","","","",""
"0","","","","","","","","","","","","","","","","","",""
"0","","","","","","","","","","","","","","","","","",""
"0","","","","","","","","","","","","","","","","","",""
"0","","","","","","","","","","","","","","","","","",""
"0","","","","","","","","","","","","","","","","","",""
"0","","","","","","","","","","","","","","","","","",""
"0","","","","","","","","","","","","","","","","","",""
"0","","","","","","","","","","","","","","","","","",""
"0","","","","","","","","","","","","","","","","","",""
"0","","","","","","","","","","","","","","","","","",""
"0","","","","","","","","","","","","","","","","","",""
"0","","","","","","","","","","","","","","","","","",""
"0","","","","","","","","","","","","","","","","","",""
"0","","","","","","","","","","","","","","","","","",""
"0","","","","","","","","","","","","","","","","","",""
"0","","","","","","","","","","","","","","","","","",""
"0","","","","","","","","","","","","","","","","","",""
"0","","","","","","","","","","","","","","","","","",""
"0","","","","","","","","","","","","","","","","","",""
"0","","","","","","","","","","","","","","","","","",""
"0","","","","","","","","","","","","","","","","","",""
"0","","","","","","","","","","","","","","","","","",""
"0","","","","","","","","","","","","","","","","","",""
"0","","","","","","","","","","","","","","","","","",""
"0","","","","","","","","","","","","","","","","","",""
"0","","","","","","","","","","","","","","","","","",""
"0","","","","","","","","","","","","","","","","","",""
"0","","","","","","","","","","","","","","","","","",""
"0","","","","","","","","","","","","","","","","","",""
"0","","","","","","","","","","","","","","","","","",""
"0","","","","","","","","","","","","","","","","","",""
"0","","","","","","","","","","","","","","","","","",""
"0","","","","","","","","","","","","","","","","","",""
"0","","","","","","","","","","","","","","","","","",""
"0","","","","","","","","","","","","","","","","","",""
"0","","","","","","","","","","","","","","","","","",""
"0","","","","","","","","","","","","","","","","","",""
"0","","","","","","","","","","","","","","","","","",""
"0","","","","","","","","","","","","","","","","","",""
"0","","","","","","","","","","","","","","","","","",""
"0","","","","","","","","","","","","","","","","","",""
"0","","","","","","","","","","","","","","","","","",""
"0","","","","","","","","","","","","","","","","","",""
"0","","","","","","","","","","","","","","","","","",""
"0","","","","","","","","","","","","","","","","","",""
"0","","","","","","","","","","","","","","","","","",""
"0","","","","","","","","","","","","","","","","","",""
"0","","","","","","","","","","","","","","","","","",""
"0","","","","","","","","","","","","","","","","","",""
"0","","","","","","","","","","","","","","","","","",""
"0","","","","","","","","","","","","","","","","","",""
"0","","","","","","","","","","","","","","","","","",""
"0","","","","","","","","","","","","","","","","","",""
"0","","","","","","","","","","","","","","","","","",""
"0","","","","","","","","","","","","","","","","","",""
"0","","","","","","","","","","","","","","","","","",""
"0","","","","","","","","","","","","","","","","","",""
"0","","","","","","","","","","","","","","","","","",""
"0","","","","","","","","","","","","","","","","","",""
"0","","","","","","","","","","","","","","","","","",""
"0","","","","","","","","","","","","","","","","","",""
"0","","","","","","","","","","","","","","","","","",""
"0","","","","","","","","","","","","","","","","","",""
"0","","","","","","","","","","","","","","","","","",""
"0","","","","","","","","","","","","","","","","","",""
"0","","","","","","","","","","","","","","","","","",""
"0","","","","","","","","","","","","","","","","","",""
"0","","","","","","","","","","","","","","","","","",""
"0","","","","","","","","","","","","","","","","","",""
"0","","","","","","","","","","","","","","","","","",""
"0","","","","","","","","","","","","","","","","","",""
"0","","","","","","","","","","","","","","","","","",""
"0","","","","","","","","","","","","","","","","","",""
"0","","","","","","","","","","","","","","","","","",""
"0","","","","","","","","","","","","","","","","","",""
"0","","","","","","","","","","","","","","","","","",""
"0","","","","","","","","","","","","","","","","","",""
"0","","","","","","","","","","","","","","","","","",""
"0","","","","","","","","","","","","","","","","","",""
"0","","","","","","","","","","","","","","","","","",""
"0","","","","","","","","","","","","","","","","","",""
"0","","","","","","","","","","","","","","","","","",""
"0","","","","","","","","","","","","","","","","","",""
"0","","","","","","","","","","","","","","","","","",""
"0","","","","","","","","","","","","","","","","","",""
"0","","","","","","","","","","","","","","","","","",""
"0","","","","","","","","","","","","","","","","","",""
"0","","","","","","","","","","","","","","","","","",""
"0","","","","","","","","","","","","","","","","","",""
"0","","","","","","","","","","","","","","","","","",""
"0","","","","","","","","","","","","","","","","","",""
"0","","","","","","","","","","","","","","","","","",""
"0","","","","","","","","","","","","","","","","","",""
"0","","","","","","","","","","","","","","","","","",""
"0","","","","","","","","","","","","","","","","","",""
"0","","","","","","","","","","","","","","","","","",""
"0","","","","","","","","","","","","","","","","","",""
"0","","","","","","","","","","","","","","","","","",""
"0","","","","","","","","","","","","","","","","","",""
"0","","","","","","","","","","","","","","","","","",""
"0","","","","","","","","","","","","","","","","","",""
"0","","","","","","","","","","","","","","","","","",""
"0","","","","","","","","","","","","","","","","","",""
"0","","","","","","","","","","","","","","","","","",""
"0","","","","","","","","","","","","","","","","","",""
"0","","","","","","","","","","","","","","","","","",""
"0","","","","","","","","","","","","","","","","","",""
"0","","","","","","","","","","","","","","","","","",""
"0","","","","","","","","","","","","","","","","","",""
"0","","","","","","","","","","","","","","","","","",""
"0","","","","","","","","","","","","","","","","","",""
"0","","","","","","","","","","","","","","","","","",""
"0","","","","","","","","","","","","","","","","","",""
"0","","","","","","","","","","","","","","","","","",""
"0","","","","","","","","","","","","","","","","","",""
"0","","","","","","","","","","","","","","","","","",""
"0","","","","","","","","","","","","","","","","","",""
"0","","","","","","","","","","","","","","","","","",""
"0","","","","","","","","","","","","","","","","","",""
"0","","","","","","","","","","","","","","","","","",""
"0","","","","","","","","","","","","","","","","","",""
"0","","","","","","","","","","","","","","","","","",""
"0","","","","","","","","","","","","","","","","","",""
"0","","","","","","","","","","","","","","","","","",""
"0","","","","","","","","","","","","","","","","","",""
"0","","","","","","","","","","","","","","","","","",""
"0","","","","","","","","","","","","","","","","","",""
"0","","","","","","","","","","","","","","","","","",""
"0","","","","","","","","","","","","","","","","","",""
"0","","","","","","","","","","","","","","","","","",""
"0","","","","","","","","","","","","","","","","","",""
"0","","","","","","","","","","","","","","","","","",""
"0","","","","","","","","","","","","","","","","","",""
"0","","","","","","","","","","","","","","","","","",""
"0","","","","","","","","","","","","","","","","","",""
"0","","","","","","","","","","","","","","","","","",""
"0","","","","","","","","","","","","","","","","","",""
"0","","","","","","","","","","","","","","","","","",""
"0","","","","","","","","","","","","","","","","","",""
"0","","","","","","","","","","","","","","","","","",""
"0","","","","","","","","","","","","","","","","","",""
"0","","","","","","","","","","","","","","","","","",""
"0","","","","","","","","","","","","","","","","","",""
"0","","","","","","","","","","","","","","","","","",""
"0","","","","","","","","","","","","","","","","","",""
"0","","","","","","","","","","","","","","","","","",""
"0","","","","","","","","","","","","","","","","","",""
"0","","","","","","","","","","","","","","","","","",""
"0","","","","","","","","","","","","","","","","","",""
"0","","","","","","","","","","","","","","","","","",""
"0","","","","","","","","","","","","","","","","","",""
"0","","","","","","","","","","","","","","","","","",""
"0","","","","","","","","","","","","","","","","","",""
"0","","","","","","","","","","","","","","","","","",""
"0","","","","","","","","","","","","","","","","","",""
"0","","","","","","","","","","","","","","","","","",""
"0","","","","","","","","","","","","","","","","","",""
"0","","","","","","","","","","","","","","","","","",""
"0","","","","","","","","","","","","","","","","","",""
"0","","","","","","","","","","","","","","","","","",""
"0","","","","","","","","","","","","","","","","","",""
"0","","","","","","","","","","","","","","","","","",""
"0","","","","","","","","","","","","","","","","","",""
"0","","","","","","","","","","","","","","","","","",""
"0","","","","","","","","","","","","","","","","","",""
"0","","","","","","","","","","","","","","","","","",""
"0","","","","","","","","","","","","","","","","","",""
"0","","","","","","","","","","","","","","","","","",""
"0","","","","","","","","","","","","","","","","","",""
"0","","","","","","","","","","","","","","","","","",""
"0","","","","","","","","","","","","","","","","","",""
"0","","","","","","","","","","","","","","","","","",""
"0","","","","","","","","","","","","","","","","","",""
"0","","","","","","","","","","","","","","","","","",""
"0","","","","","","","","","","","","","","","","","",""
"0","","","","","","","","","","","","","","","","","",""
"0","","","","","","","","","","","","","","","","","",""
"0","","","","","","","","","","","","","","","","","",""
"0","","","","","","","","","","","","","","","","","",""
"0","","","","","","","","","","","","","","","","","",""
"0","","","","","","","","","","","","","","","","","",""
"0","","","","","","","","","","","","","","","","","",""
"0","","","","","","","","","","","","","","","","","",""
"0","","","","","","","","","","","","","","","","","",""
"0","","","","","","","","","","","","","","","","","",""
"0","","","","","","","","","","","","","","","","","",""
"0","","","","","","","","","","","","","","","","","",""
"0","","","","","","","","","","","","","","","","","",""
"0","","","","","","","","","","","","","","","","","",""
"0","","","","","","","","","","","","","","","","","",""
"0","","","","","","","","","","","","","","","","","",""
"0","","","","","","","","","","","","","","","","","",""
"0","","","","","","","","","","","","","","","","","",""
"0","","","","","","","","","","","","","","","","","",""
"0","","","","","","","","","","","","","","","","","",""
"0","","","","","","","","","","","","","","","","","",""
"0","","","","","","","","","","","","","","","","","",""
"0","","","","","","","","","","","","","","","","","",""
"0","","","","","","","","","","","","","","","","","",""
"0","","","","","","","","","","","","","","","","","",""
"0","","","","","","","","","","","","","","","","","",""
"0","","","","","","","","","","","","","","","","","",""
"0","","","","","","","","","","","","","","","","","",""
"0","","","","","","","","","","","","","","","","","",""
"0","","","","","","","","","","","","","","","","","",""
"0","","","","","","","","","","","","","","","","","",""
"0","","","","","","","","","","","","","","","","","",""
"0","","","","","","","","","","","","","","","","","",""
"0","","","","","","","","","","","","","","","","","",""
"0","","","","","","","","","","","","","","","","","",""
"0","","","","","","","","","","","","","","","","","",""
"0","","","","","","","","","","","","","","","","","",""
"0","","","","","","","","","","","","","","","","","",""
"0","","","","","","","","","","","","","","","","","",""
"0","","","","","","","","","","","","","","","","","",""
"0","","","","","","","","","","","","","","","","","",""
"0","","","","","","","","","","","","","","","","","",""
"0","","","","","","","","","","","","","","","","","",""
"0","","","","","","","","","","","","","","","","","",""
"0","","","","","","","","","","","","","","","","","",""
"0","","","","","","","","","","","","","","","","","",""
"0","","","","","","","","","","","","","","","","","",""
"0","","","","","","","","","","","","","","","","","",""
"0","","","","","","","","","","","","","","","","","",""
"0","","","","","","","","","","","","","","","","","",""
"0","","","","","","","","","","","","","","","","","",""
"0","","","","","","","","","","","","","","","","","",""
"0","","","","","","","","","","","","","","","","","",""
"0","","","","","","","","","","","","","","","","","",""
"0","","","","","","","","","","","","","","","","","",""
"0","","","","","","","","","","","","","","","","","",""
"0","","","","","","","","","","","","","","","","","",""
"0","","","","","","","","","","","","","","","","","",""
"0","","","","","","","","","","","","","","","","","",""
"0","","","","","","","","","","","","","","","","","",""
"0","","","","","","","","","","","","","","","","","",""
"0","","","","","","","","","","","","","","","","","",""
"0","","","","","","","","","","","","","","","","","",""
"0","","","","","","","","","","","","","","","","","",""
"0","","","","","","","","","","","","","","","","","",""
"0","","","","","","","","","","","","","","","","","",""
"0","","","","","","","","","","","","","","","","","",""
"0","","","","","","","","","","","","","","","","","",""
"0","","","","","","","","","","","","","","","","","",""
"0","","","","","","","","","","","","","","","","","",""
"0","","","","","","","","","","","","","","","","","",""
"0","","","","","","","","","","","","","","","","","",""
"0","","","","","","","","","","","","","","","","","",""
"0","","","","","","","","","","","","","","","","","",""
"0","","","","","","","","","","","","","","","","","",""
"0","","","","","","","","","","","","","","","","","",""
"0","","","","","","","","","","","","","","","","","",""
"0","","","","","","","","","","","","","","","","","",""
"0","","","","","","","","","","","","","","","","","",""
"0","","","","","","","","","","","","","","","","","",""
"0","","","","","","","","","","","","","","","","","",""
"0","","","","","","","","","","","","","","","","","",""
"0","","","","","","","","","","","","","","","","","",""
"0","","","","","","","","","","","","","","","","","",""
"0","","","","","","","","","","","","","","","","","",""
"0","","","","","","","","","","","","","","","","","",""
"0","","","","","","","","","","","","","","","","","",""
"0","","","","","","","","","","","","","","","","","",""
"0","","","","","","","","","","","","","","","","","",""
"0","","","","","","","","","","","","","","","","","",""
"0","","","","","","","","","","","","","","","","","",""
"0","","","","","","","","","","","","","","","","","",""
"0","","","","","","","","","","","","","","","","","",""
"0","","","","","","","","","","","","","","","","","",""
"0","","","","","","","","","","","","","","","","","",""
"0","","","","","","","","","","","","","","","","","",""
"0","","","","","","","","","","","","","","","","","",""
"0","","","","","","","","","","","","","","","","","",""
"0","","","","","","","","","","","","","","","","","",""
"0","","","","","","","","","","","","","","","","","",""
"0","","","","","","","","","","","","","","","","","",""
"0","","","","","","","","","","","","","","","","","",""
"0","","","","","","","","","","","","","","","","","",""
"0","","","","","","","","","","","","","","","","","",""
"0","","","","","","","","","","","","","","","","","",""
"0","","","","","","","","","","","","","","","","","",""
"0","","","","","","","","","","","","","","","","","",""
"0","","","","","","","","","","","","","","","","","",""
"0","","","","","","","","","","","","","","","","","",""
"0","","","","","","","","","","","","","","","","","",""
"0","","","","","","","","","","","","","","","","","",""
"0","","","","","","","","","","","","","","","","","",""
"0","","","","","","","","","","","","","","","","","",""
"0","","","","","","","","","","","","","","","","","",""
"0","","","","","","","","","","","","","","","","","",""
"0","","","","","","","","","","","","","","","","","",""
"0","","","","","","","","","","","","","","","","","",""
"0","","","","","","","","","","","","","","","","","",""
"0","","","","","","","","","","","","","","","","","",""
"0","","","","","","","","","","","","","","","","","",""
"0","","","","","","","","","","","","","","","","","",""
"0","","","","","","","","","","","","","","","","","",""
"0","","","","","","","","","","","","","","","","","",""
"0","","","","","","","","","","","","","","","","","",""
"0","","","","","","","","","","","","","","","","","",""
"0","","","","","","","","","","","","","","","","","",""
"0","","","","","","","","","","","","","","","","","",""
"0","","","","","","","","","","","","","","","","","",""
"0","","","","","","","","","","","","","","","","","",""
"0","","","","","","","","","","","","","","","","","",""
"0","","","","","","","","","","","","","","","","","",""
"0","","","","","","","","","","","","","","","","","",""
"0","","","","","","","","","","","","","","","","","",""
"0","","","","","","","","","","","","","","","","","",""
"0","","","","","","","","","","","","","","","","","",""
"0","","","","","","","","","","","","","","","","","",""
"0","","","","","","","","","","","","","","","","","",""
"0","","","","","","","","","","","","","","","","","",""
"0","","","","","","","","","","","","","","","","","",""
"0","","","","","","","","","","","","","","","","","",""
"0","","","","","","","","","","","","","","","","","",""
"0","","","","","","","","","","","","","","","","","",""
"0","","","","","","","","","","","","","","","","","",""
"0","","","","","","","","","","","","","","","","","",""
"0","","","","","","","","","","","","","","","","","",""
"0","","","","","","","","","","","","","","","","","",""
"0","","","","","","","","","","","","","","","","","",""
"0","","","","","","","","","","","","","","","","","",""
"0","","","","","","","","","","","","","","","","","",""
"0","","","","","","","","","","","","","","","","","",""
"0","","","","","","","","","","","","","","","","","",""
"0","","","","","","","","","","","","","","","","","",""
"0","","","","","","","","","","","","","","","","","",""
"0","","","","","","","","","","","","","","","","","",""
"0","","","","","","","","","","","","","","","","","",""
"0","","","","","","","","","","","","","","","","","",""
"0","","","","","","","","","","","","","","","","","",""
"0","","","","","","","","","","","","","","","","","",""
"0","","","","","","","","","","","","","","","","","",""
"0","","","","","","","","","","","","","","","","","",""
"0","","","","","","","","","","","","","","","","","",""
"0","","","","","","","","","","","","","","","","","",""
"0","","","","","","","","","","","","","","","","","",""
"0","","","","","","","","","","","","","","","","","",""
"0","","","","","","","","","","","","","","","","","",""
"0","","","","","","","","","","","","","","","","","",""
"0","","","","","","","","","","","","","","","","","",""
"0","","","","","","","","","","","","","","","","","",""
"0","","","","","","","","","","","","","","","","","",""
"0","","","","","","","","","","","","","","","","","",""
"0","","","","","","","","","","","","","","","","","",""
"0","","","","","","","","","","","","","","","","","",""
"0","","","","","","","","","","","","","","","","","",""
"0","","","","","","","","","","","","","","","","","",""
"0","","","","","","","","","","","","","","","","","",""
"0","","","","","","","","","","","","","","","","","",""
"0","","","","","","","","","","","","","","","","","",""
"0","","","","","","","","","","","","","","","","","",""
"0","","","","","","","","","","","","","","","","","",""
"0","","","","","","","","","","","","","","","","","",""
"0","","","","","","","","","","","","","","","","","",""
"0","","","","","","","","","","","","","","","","","",""
"0","","","","","","","","","","","","","","","","","",""
"0","","","","","","","","","","","","","","","","","",""
"0","","","","","","","","","","","","","","","","","",""
"0","","","","","","","","","","","","","","","","","",""
"0","","","","","","","","","","","","","","","","","",""
"0","","","","","","","","","","","","","","","","","",""
"0","","","","","","","","","","","","","","","","","",""
"0","","","","","","","","","","","","","","","","","",""
"0","","","","","","","","","","","","","","","","","",""
"0","","","","","","","","","","","","","","","","","",""
"0","","","","","","","","","","","","","","","","","",""
"0","","","","","","","","","","","","","","","","","",""
"0","","","","","","","","","","","","","","","","","",""
"0","","","","","","","","","","","","","","","","","",""
"0","","","","","","","","","","","","","","","","","",""
"0","","","","","","","","","","","","","","","","","",""
"0","","","","","","","","","","","","","","","","","",""
"0","","","","","","","","","","","","","","","","","",""
"0","","","","","","","","","","","","","","","","","",""
"0","","","","","","","","","","","","","","","","","",""
"0","","","","","","","","","","","","","","","","","",""
"0","","","","","","","","","","","","","","","","","",""
"0","","","","","","","","","","","","","","","","","",""
"0","","","","","","","","","","","","","","","","","",""
"0","","","","","","","","","","","","","","","","","",""
"0","","","","","","","","","","","","","","","","","",""
"0","","","","","","","","","","","","","","","","","",""
"0","","","","","","","","","","","","","","","","","",""
"0","","","","","","","","","","","","","","","","","",""
"0","","","","","","","","","","","","","","","","","",""
"0","","","","","","","","","","","","","","","","","",""
"0","","","","","","","","","","","","","","","","","",""
"0","","","","","","","","","","","","","","","","","",""
"0","","","","","","","","","","","","","","","","","",""
"0","","","","","","","","","","","","","","","","","",""
"0","","","","","","","","","","","","","","","","","",""
"0","","","","","","","","","","","","","","","","","",""
"0","","","","","","","","","","","","","","","","","",""
"0","","","","","","","","","","","","","","","","","",""
"0","","","","","","","","","","","","","","","","","",""
"0","","","","","","","","","","","","","","","","","",""
"0","","","","","","","","","","","","","","","","","",""
"0","","","","","","","","","","","","","","","","","",""
"0","","","","","","","","","","","","","","","","","",""
"0","","","","","","","","","","","","","","","","","",""
"0","","","","","","","","","","","","","","","","","",""
"0","","","","","","","","","","","","","","","","","",""
"0","","","","","","","","","","","","","","","","","",""
"0","","","","","","","","","","","","","","","","","",""
"0","","","","","","","","","","","","","","","","","",""
"0","","","","","","","","","","","","","","","","","",""
"0","","","","","","","","","","","","","","","","","",""
"0","","","","","","","","","","","","","","","","","",""
"0","","","","","","","","","","","","","","","","","",""
"0","","","","","","","","","","","","","","","","","",""
"0","","","","","","","","","","","","","","","","","",""
"0","","","","","","","","","","","","","","","","","",""
"0","","","","","","","","","","","","","","","","","",""
"0","","","","","","","","","","","","","","","","","",""
"0","","","","","","","","","","","","","","","","","",""
"0","","","","","","","","","","","","","","","","","",""
"0","","","","","","","","","","","","","","","","","",""
"0","","","","","","","","","","","","","","","","","",""
"0","","","","","","","","","","","","","","","","","",""
"0","","","","","","","","","","","","","","","","","",""
"0","","","","","","","","","","","","","","","","","",""
"0","","","","","","","","","","","","","","","","","",""
"0","","","","","","","","","","","","","","","","","",""
"0","","","","","","","","","","","","","","","","","",""
"0","","","","","","","","","","","","","","","","","",""
"0","","","","","","","","","","","","","","","","","",""
"0","","","","","","","","","","","","","","","","","",""
"0","","","","","","","","","","","","","","","","","",""
"0","","","","","","","","","","","","","","","","","",""
"0","","","","","","","","","","","","","","","","","",""
"0","","","","","","","","","","","","","","","","","",""
"0","","","","","","","","","","","","","","","","","",""
"0","","","","","","","","","","","","","","","","","",""
"0","","","","","","","","","","","","","","","","","",""
"0","","","","","","","","","","","","","","","","","",""
"0","","","","","","","","","","","","","","","","","",""
"0","","","","","","","","","","","","","","","","","",""
"0","","","","","","","","","","","","","","","","","",""
"0","","","","","","","","","","","","","","","","","",""
"0","","","","","","","","","","","","","","","","","",""
"0","","","","","","","","","","","","","","","","","",""
"0","","","","","","","","","","","","","","","","","",""
"0","","","","","","","","","","","","","","","","","",""
"0","","","","","","","","","","","","","","","","","",""
"0","","","","","","","","","","","","","","","","","",""
"0","","","","","","","","","","","","","","","","","",""
"0","","","","","","","","","","","","","","","","","",""
"0","","","","","","","","","","","","","","","","","",""
"0","","","","","","","","","","","","","","","","","",""
"0","","","","","","","","","","","","","","","","","",""
"0","","","","","","","","","","","","","","","","","",""
"0","","","","","","","","","","","","","","","","","",""
"0","","","","","","","","","","","","","","","","","",""
"0","","","","","","","","","","","","","","","","","",""
"0","","","","","","","","","","","","","","","","","",""
"0","","","","","","","","","","","","","","","","","",""
"0","","","","","","","","","","","","","","","","","",""
"0","","","","","","","","","","","","","","","","","",""
"0","","","","","","","","","","","","","","","","","",""
"0","","","","","","","","","","","","","","","","","",""
"0","","","","","","","","","","","","","","","","","",""
"0","","","","","","","","","","","","","","","","","",""
"0","","","","","","","","","","","","","","","","","",""
"0","","","","","","","","","","","","","","","","","",""
"0","","","","","","","","","","","","","","","","","",""
"0","","","","","","","","","","","","","","","","","",""
"0","","","","","","","","","","","","","","","","","",""
"0","","","","","","","","","","","","","","","","","",""
"0","","","","","","","","","","","","","","","","","",""
"0","","","","","","","","","","","","","","","","","",""
"0","","","","","","","","","","","","","","","","","",""
"0","","","","","","","","","","","","","","","","","",""
"0","","","","","","","","","","","","","","","","","",""
"0","","","","","","","","","","","","","","","","","",""
"0","","","","","","","","","","","","","","","","","",""
"0","","","","","","","","","","","","","","","","","",""
"0","","","","","","","","","","","","","","","","","",""
"0","","","","","","","","","","","","","","","","","",""
"0","","","","","","","","","","","","","","","","","",""
"0","","","","","","","","","","","","","","","","","",""
"0","","","","","","","","","","","","","","","","","",""
"0","","","","","","","","","","","","","","","","","",""
"0","","","","","","","","","","","","","","","","","",""
"0","","","","","","","","","","","","","","","","","",""
"0","","","","","","","","","","","","","","","","","",""
"0","","","","","","","","","","","","","","","","","",""
"0","","","","","","","","","","","","","","","","","",""
"0","","","","","","","","","","","","","","","","","",""
"0","","","","","","","","","","","","","","","","","",""
"0","","","","","","","","","","","","","","","","","",""
"0","","","","","","","","","","","","","","","","","",""
"0","","","","","","","","","","","","","","","","","",""
"0","","","","","","","","","","","","","","","","","",""
"0","","","","","","","","","","","","","","","","","",""
"0","","","","","","","","","","","","","","","","","",""
"0","","","","","","","","","","","","","","","","","",""
"0","","","","","","","","","","","","","","","","","",""
"0","","","","","","","","","","","","","","","","","",""
"0","","","","","","","","","","","","","","","","","",""
"0","","","","","","","","","","","","","","","","","",""
"0","","","","","","","","","","","","","","","","","",""
"0","","","","","","","","","","","","","","","","","",""
"0","","","","","","","","","","","","","","","","","",""
"0","","","","","","","","","","","","","","","","","",""
"0","","","","","","","","","","","","","","","","","",""
"0","","","","","","","","","","","","","","","","","",""
"0","","","","","","","","","","","","","","","","","",""
"0","","","","","","","","","","","","","","","","","",""
"0","","","","","","","","","","","","","","","","","",""
"0","","","","","","","","","","","","","","","","","",""
"0","","","","","","","","","","","","","","","","","",""
"0","","","","","","","","","","","","","","","","","",""
"0","","","","","","","","","","","","","","","","","",""
"0","","","","","","","","","","","","","","","","","",""
"0","","","","","","","","","","","","","","","","","",""
"0","","","","","","","","","","","","","","","","","",""
"0","","","","","","","","","","","","","","","","","",""
"0","","","","","","","","","","","","","","","","","",""
"0","","","","","","","","","","","","","","","","","",""
"0","","","","","","","","","","","","","","","","","",""
"0","","","","","","","","","","","","","","","","","",""
"0","","","","","","","","","","","","","","","","","",""
"0","","","","","","","","","","","","","","","","","",""
"0","","","","","","","","","","","","","","","","","",""
"0","","","","","","","","","","","","","","","","","",""
"0","","","","","","","","","","","","","","","","","",""
"0","","","","","","","","","","","","","","","","","",""
"0","","","","","","","","","","","","","","","","","",""
"0","","","","","","","","","","","","","","","","","",""
"0","","","","","","","","","","","","","","","","","",""
"0","","","","","","","","","","","","","","","","","",""
"0","","","","","","","","","","","","","","","","","",""
"0","","","","","","","","","","","","","","","","","",""
"0","","","","","","","","","","","","","","","","","",""
"0","","","","","","","","","","","","","","","","","",""
"0","","","","","","","","","","","","","","","","","",""
"0","","","","","","","","","","","","","","","","","",""
"0","","","","","","","","","","","","","","","","","",""
"0","","","","","","","","","","","","","","","","","",""
"0","","","","","","","","","","","","","","","","","",""
"0","","","","","","","","","","","","","","","","","",""
"0","","","","","","","","","","","","","","","","","",""
"0","","","","","","","","","","","","","","","","","",""
"0","","","","","","","","","","","","","","","","","",""
"0","","","","","","","","","","","","","","","","","",""
"0","","","","","","","","","","","","","","","","","",""
"0","","","","","","","","","","","","","","","","","",""
"0","","","","","","","","","","","","","","","","","",""
"0","","","","","","","","","","","","","","","","","",""
"0","","","","","","","","","","","","","","","","","",""
"0","","","","","","","","","","","","","","","","","",""
"0","","","","","","","","","","","","","","","","","",""
"0","","","","","","","","","","","","","","","","","",""
"0","","","","","","","","","","","","","","","","","",""
"0","","","","","","","","","","","","","","","","","",""
"0","","","","","","","","","","","","","","","","","",""
"0","","","","","","","","","","","","","","","","","",""
"0","","","","","","","","","","","","","","","","","",""
"0","","","","","","","","","","","","","","","","","",""
"0","","","","","","","","","","","","","","","","","",""
"0","","","","","","","","","","","","","","","","","",""
"0","","","","","","","","","","","","","","","","","",""
"0","","","","","","","","","","","","","","","","","",""
"0","","","","","","","","","","","","","","","","","",""
"0","","","","","","","","","","","","","","","","","",""
"0","","","","","","","","","","","","","","","","","",""
"0","","","","","","","","","","","","","","","","","",""
"0","","","","","","","","","","","","","","","","","",""
"0","","","","","","","","","","","","","","","","","",""
"0","","","","","","","","","","","","","","","","","",""
"0","","","","","","","","","","","","","","","","","",""
"0","","","","","","","","","","","","","","","","","",""
"0","","","","","","","","","","","","","","","","","",""
"0","","","","","","","","","","","","","","","","","",""
"0","","","","","","","","","","","","","","","","","",""
"0","","","","","","","","","","","","","","","","","",""
"0","","","","","","","","","","","","","","","","","",""
"0","","","","","","","","","","","","","","","","","",""
"0","","","","","","","","","","","","","","","","","",""
"0","","","","","","","","","","","","","","","","","",""
"0","","","","","","","","","","","","","","","","","",""
"0","","","","","","","","","","","","","","","","","",""
"0","","","","","","","","","","","","","","","","","",""
"0","","","","","","","","","","","","","","","","","",""
"0","","","","","","","","","","","","","","","","","",""
"0","","","","","","","","","","","","","","","","","",""
"0","","","","","","","","","","","","","","","","","",""
"0","","","","","","","","","","","","","","","","","",""
"0","","","","","","","","","","","","","","","","","",""
"0","","","","","","","","","","","","","","","","","",""
"0","","","","","","","","","","","","","","","","","",""
"0","","","","","","","","","","","","","","","","","",""
"0","","","","","","","","","","","","","","","","","",""
"0","","","","","","","","","","","","","","","","","",""
"0","","","","","","","","","","","","","","","","","",""
"0","","","","","","","","","","","","","","","","","",""
"0","","","","","","","","","","","","","","","","","",""
"0","","","","","","","","","","","","","","","","","",""
"0","","","","","","","","","","","","","","","","","",""
"0","","","","","","","","","","","","","","","","","",""
"0","","","","","","","","","","","","","","","","","",""
"0","","","","","","","","","","","","","","","","","",""
"0","","","","","","","","","","","","","","","","","",""
"0","","","","","","","","","","","","","","","","","",""
"0","","","","","","","","","","","","","","","","","",""
"0","","","","","","","","","","","","","","","","","",""
"0","","","","","","","","","","","","","","","","","",""
"0","","","","","","","","","","","","","","","","","",""
"0","","","","","","","","","","","","","","","","","",""
"0","","","","","","","","","","","","","","","","","",""
"0","","","","","","","","","","","","","","","","","",""
"0","","","","","","","","","","","","","","","","","",""
"0","","","","","","","","","","","","","","","","","",""
"0","","","","","","","","","","","","","","","","","",""
"0","","","","","","","","","","","","","","","","","",""
"0","","","","","","","","","","","","","","","","","",""
"0","","","","","","","","","","","","","","","","","",""
"0","","","","","","","","","","","","","","","","","",""
"0","","","","","","","","","","","","","","","","","",""
"0","","","","","","","","","","","","","","","","","",""
"0","","","","","","","","","","","","","","","","","",""
"0","","","","","","","","","","","","","","","","","",""
"0","","","","","","","","","","","","","","","","","",""
"0","","","","","","","","","","","","","","","","","",""
"0","","","","","","","","","","","","","","","","","",""
"0","","","","","","","","","","","","","","","","","",""
"0","","","","","","","","","","","","","","","","","",""
"0","","","","","","","","","","","","","","","","","",""
"0","","","","","","","","","","","","","","","","","",""
"0","","","","","","","","","","","","","","","","","",""
"0","","","","","","","","","","","","","","","","","",""
"0","","","","","","","","","","","","","","","","","",""
"0","","","","","","","","","","","","","","","","","",""
"0","","","","","","","","","","","","","","","","","",""
"0","","","","","","","","","","","","","","","","","",""
"0","","","","","","","","","","","","","","","","","",""
"0","","","","","","","","","","","","","","","","","",""
"0","","","","","","","","","","","","","","","","","",""
"0","","","","","","","","","","","","","","","","","",""
"0","","","","","","","","","","","","","","","","","",""
"0","","","","","","","","","","","","","","","","","",""
"0","","","","","","","","","","","","","","","","","",""
"0","","","","","","","","","","","","","","","","","",""
"0","","","","","","","","","","","","","","","","","",""
"0","","","","","","","","","","","","","","","","","",""
"0","","","","","","","","","","","","","","","","","",""
"0","","","","","","","","","","","","","","","","","",""
"0","","","","","","","","","","","","","","","","","",""
"0","","","","","","","","","","","","","","","","","",""
"0","","","","","","","","","","","","","","","","","",""
"0","","","","","","","","","","","","","","","","","",""
"0","","","","","","","","","","","","","","","","","",""
"0","","","","","","","","","","","","","","","","","",""
"0","","","","","","","","","","","","","","","","","",""
"0","","","","","","","","","","","","","","","","","",""
"0","","","","","","","","","","","","","","","","","",""
"0","","","","","","","","","","","","","","","","","",""
"0","","","","","","","","","","","","","","","","","",""
"0","","","","","","","","","","","","","","","","","",""
"0","","","","","","","","","","","","","","","","","",""
"0","","","","","","","","","","","","","","","","","",""
"0","","","","","","","","","","","","","","","","","",""
"0","","","","","","","","","","","","","","","","","",""
"0","","","","","","","","","","","","","","","","","",""
"0","","","","","","","","","","","","","","","","","",""
"0","","","","","","","","","","","","","","","","","",""
"0","","","","","","","","","","","","","","","","","",""
"0","","","","","","","","","","","","","","","","","",""
"0","","","","","","","","","","","","","","","","","",""
"0","","","","","","","","","","","","","","","","","",""
"0","","","","","","","","","","","","","","","","","",""
"0","","","","","","","","","","","","","","","","","",""
"0","","","","","","","","","","","","","","","","","",""
"0","","","","","","","","","","","","","","","","","",""
"0","","","","","","","","","","","","","","","","","",""
"0","","","","","","","","","","","","","","","","","",""
"0","","","","","","","","","","","","","","","","","",""
"0","","","","","","","","","","","","","","","","","",""
"0","","","","","","","","","","","","","","","","","",""
"0","","","","","","","","","","","","","","","","","",""
"0","","","","","","","","","","","","","","","","","",""
"0","","","","","","","","","","","","","","","","","",""
"0","","","","","","","","","","","","","","","","","",""
"0","","","","","","","","","","","","","","","","","",""
"0","","","","","","","","","","","","","","","","","",""
"0","","","","","","","","","","","","","","","","","",""
"0","","","","","","","","","","","","","","","","","",""
"0","","","","","","","","","","","","","","","","","",""
"0","","","","","","","","","","","","","","","","","",""
"0","","","","","","","","","","","","","","","","","",""
"0","","","","","","","","","","","","","","","","","",""
"0","","","","","","","","","","","","","","","","","",""
"0","","","","","","","","","","","","","","","","","",""
"0","","","","","","","","","","","","","","","","","",""
"0","","","","","","","","","","","","","","","","","",""
"0","","","","","","","","","","","","","","","","","",""
"0","","","","","","","","","","","","","","","","","",""
"0","","","","","","","","","","","","","","","","","",""
"0","","","","","","","","","","","","","","","","","",""
"0","","","","","","","","","","","","","","","","","",""
"0","","","","","","","","","","","","","","","","","",""
"0","","","","","","","","","","","","","","","","","",""
"0","","","","","","","","","","","","","","","","","",""
"0","","","","","","","","","","","","","","","","","",""
"0","","","","","","","","","","","","","","","","","",""
"0","","","","","","","","","","","","","","","","","",""
"0","","","","","","","","","","","","","","","","","",""
"0","","","","","","","","","","","","","","","","","",""
"0","","","","","","","","","","","","","","","","","",""
"0","","","","","","","","","","","","","","","","","",""
"0","","","","","","","","","","","","","","","","","",""
"0","","","","","","","","","","","","","","","","","",""
"0","","","","","","","","","","","","","","","","","",""
"0","","","","","","","","","","","","","","","","","",""
"0","","","","","","","","","","","","","","","","","",""
"0","","","","","","","","","","","","","","","","","",""
"0","","","","","","","","","","","","","","","","","",""
"0","","","","","","","","","","","","","","","","","",""
"0","","","","","","","","","","","","","","","","","",""
"0","","","","","","","","","","","","","","","","","",""
"0","","","","","","","","","","","","","","","","","",""
"0","","","","","","","","","","","","","","","","","",""
"0","","","","","","","","","","","","","","","","","",""
"0","","","","","","","","","","","","","","","","","",""
"0","","","","","","","","","","","","","","","","","",""
"0","","","","","","","","","","","","","","","","","",""
"0","","","","","","","","","","","","","","","","","",""
"0","","","","","","","","","","","","","","","","","",""
"0","","","","","","","","","","","","","","","","","",""
"0","","","","","","","","","","","","","","","","","",""
"0","","","","","","","","","","","","","","","","","",""
"0","","","","","","","","","","","","","","","","","",""
"0","","","","","","","","","","","","","","","","","",""
"0","","","","","","","","","","","","","","","","","",""
"0","","","","","","","","","","","","","","","","","",""
"0","","","","","","","","","","","","","","","","","",""
"0","","","","","","","","","","","","","","","","","",""
"0","","","","","","","","","","","","","","","","","",""
"0","","","","","","","","","","","","","","","","","",""
"0","","","","","","","","","","","","","","","","","",""
"0","","","","","","","","","","","","","","","","","",""
"0","","","","","","","","","","","","","","","","","",""
"0","","","","","","","","","","","","","","","","","",""
"0","","","","","","","","","","","","","","","","","",""
"0","","","","","","","","","","","","","","","","","",""
"0","","","","","","","","","","","","","","","","","",""
"0","","","","","","","","","","","","","","","","","",""
"0","","","","","","","","","","","","","","","","","",""
"0","","","","","","","","","","","","","","","","","",""
"0","","","","","","","","","","","","","","","","","",""
"0","","","","","","","","","","","","","","","","","",""
"0","","","","","","","","","","","","","","","","","",""
"0","","","","","","","","","","","","","","","","","",""
"0","","","","","","","","","","","","","","","","","",""
"0","","","","","","","","","","","","","","","","","",""
"0","","","","","","","","","","","","","","","","","",""
"0","","","","","","","","","","","","","","","","","",""
"0","","","","","","","","","","","","","","","","","",""
"0","","","","","","","","","","","","","","","","","",""
"0","","","","","","","","","","","","","","","","","",""
"0","","","","","","","","","","","","","","","","","",""
"0","","","","","","","","","","","","","","","","","",""
"0","","","","","","","","","","","","","","","","","",""
"0","","","","","","","","","","","","","","","","","",""
"0","","","","","","","","","","","","","","","","","",""
"0","","","","","","","","","","","","","","","","","",""
"0","","","","","","","","","","","","","","","","","",""
"0","","","","","","","","","","","","","","","","","",""
"0","","","","","","","","","","","","","","","","","",""
"0","","","","","","","","","","","","","","","","","",""
"0","","","","","","","","","","","","","","","","","",""
"0","","","","","","","","","","","","","","","","","",""
"0","","","","","","","","","","","","","","","","","",""
"0","","","","","","","","","","","","","","","","","",""
"0","","","","","","","","","","","","","","","","","",""
"0","","","","","","","","","","","","","","","","","",""
"0","","","","","","","","","","","","","","","","","",""
"0","","","","","","","","","","","","","","","","","",""
"0","","","","","","","","","","","","","","","","","",""
"0","","","","","","","","","","","","","","","","","",""
"0","","","","","","","","","","","","","","","","","",""
"0","","","","","","","","","","","","","","","","","",""
"0","","","","","","","","","","","","","","","","","",""
"0","","","","","","","","","","","","","","","","","",""
"0","","","","","","","","","","","","","","","","","",""
"0","","","","","","","","","","","","","","","","","",""
"0","","","","","","","","","","","","","","","","","",""
"0","","","","","","","","","","","","","","","","","",""
"0","","","","","","","","","","","","","","","","","",""
"0","","","","","","","","","","","","","","","","","",""
"0","","","","","","","","","","","","","","","","","",""
"0","","","","","","","","","","","","","","","","","",""
"0","","","","","","","","","","","","","","","","","",""
"0","","","","","","","","","","","","","","","","","",""
"0","","","","","","","","","","","","","","","","","",""
"0","","","","","","","","","","","","","","","","","",""
"0","","","","","","","","","","","","","","","","","",""
"0","","","","","","","","","","","","","","","","","",""
"0","","","","","","","","","","","","","","","","","",""
"0","","","","","","","","","","","","","","","","","",""
"0","","","","","","","","","","","","","","","","","",""
"0","","","","","","","","","","","","","","","","","",""
"0","","","","","","","","","","","","","","","","","",""
"0","","","","","","","","","","","","","","","","","",""
"0","","","","","","","","","","","","","","","","","",""
"0","","","","","","","","","","","","","","","","","",""
"0","","","","","","","","","","","","","","","","","",""
"0","","","","","","","","","","","","","","","","","",""
"0","","","","","","","","","","","","","","","","","",""
"0","","","","","","","","","","","","","","","","","",""
"0","","","","","","","","","","","","","","","","","",""
"0","","","","","","","","","","","","","","","","","",""
"0","","","","","","","","","","","","","","","","","",""
"0","","","","","","","","","","","","","","","","","",""
"0","","","","","","","","","","","","","","","","","",""
"0","","","","","","","","","","","","","","","","","",""
"0","","","","","","","","","","","","","","","","","",""
"0","","","","","","","","","","","","","","","","","",""
"0","","","","","","","","","","","","","","","","","",""
"0","","","","","","","","","","","","","","","","","",""
"0","","","","","","","","","","","","","","","","","",""
"0","","","","","","","","","","","","","","","","","",""
"0","","","","","","","","","","","","","","","","","",""
"0","","","","","","","","","","","","","","","","","",""
"0","","","","","","","","","","","","","","","","","",""
"0","","","","","","","","","","","","","","","","","",""
"0","","","","","","","","","","","","","","","","","",""
"0","","","","","","","","","","","","","","","","","",""
"0","","","","","","","","","","","","","","","","","",""
"0","","","","","","","","","","","","","","","","","",""
"0","","","","","","","","","","","","","","","","","",""
"0","","","","","","","","","","","","","","","","","",""
"0","","","","","","","","","","","","","","","","","",""
"0","","","","","","","","","","","","","","","","","",""
"0","","","","","","","","","","","","","","","","","",""
"0","","","","","","","","","","","","","","","","","",""
"0","","","","","","","","","","","","","","","","","",""
"0","","","","","","","","","","","","","","","","","",""
"0","","","","","","","","","","","","","","","","","",""
"0","","","","","","","","","","","","","","","","","",""
"0","","","","","","","","","","","","","","","","","",""
"0","","","","","","","","","","","","","","","","","",""
"0","","","","","","","","","","","","","","","","","",""
"0","","","","","","","","","","","","","","","","","",""
"0","","","","","","","","","","","","","","","","","",""
"0","","","","","","","","","","","","","","","","","",""
"0","","","","","","","","","","","","","","","","","",""
"0","","","","","","","","","","","","","","","","","",""
"0","","","","","","","","","","","","","","","","","",""
"0","","","","","","","","","","","","","","","","","",""
"0","","","","","","","","","","","","","","","","","",""
"0","","","","","","","","","","","","","","","","","",""
"0","","","","","","","","","","","","","","","","","",""
"0","","","","","","","","","","","","","","","","","",""
"0","","","","","","","","","","","","","","","","","",""
"0","","","","","","","","","","","","","","","","","",""
"0","","","","","","","","","","","","","","","","","",""
"0","","","","","","","","","","","","","","","","","",""
"0","","","","","","","","","","","","","","","","","",""
"0","","","","","","","","","","","","","","","","","",""
"0","","","","","","","","","","","","","","","","","",""
"0","","","","","","","","","","","","","","","","","",""
"0","","","","","","","","","","","","","","","","","",""
"0","","","","","","","","","","","","","","","","","",""
"0","","","","","","","","","","","","","","","","","",""
"0","","","","","","","","","","","","","","","","","",""
"0","","","","","","","","","","","","","","","","","",""
"0","","","","","","","","","","","","","","","","","",""
"0","","","","","","","","","","","","","","","","","",""
"0","","","","","","","","","","","","","","","","","",""
"0","","","","","","","","","","","","","","","","","",""
"0","","","","","","","","","","","","","","","","","",""
"0","","","","","","","","","","","","","","","","","",""
"0","","","","","","","","","","","","","","","","","",""
"0","","","","","","","","","","","","","","","","","",""
"0","","","","","","","","","","","","","","","","","",""
"0","","","","","","","","","","","","","","","","","",""
"0","","","","","","","","","","","","","","","","","",""
"0","","","","","","","","","","","","","","","","","",""
"0","","","","","","","","","","","","","","","","","",""
"0","","","","","","","","","","","","","","","","","",""
"0","","","","","","","","","","","","","","","","","",""
"0","","","","","","","","","","","","","","","","","",""
"0","","","","","","","","","","","","","","","","","",""
"0","","","","","","","","","","","","","","","","","",""
"0","","","","","","","","","","","","","","","","","",""
"0","","","","","","","","","","","","","","","","","",""
"0","","","","","","","","","","","","","","","","","",""
"0","","","","","","","","","","","","","","","","","",""
"0","","","","","","","","","","","","","","","","","",""
"0","","","","","","","","","","","","","","","","","",""
"0","","","","","","","","","","","","","","","","","",""
"0","","","","","","","","","","","","","","","","","",""
"0","","","","","","","","","","","","","","","","","",""
"0","","","","","","","","","","","","","","","","","",""
"0","","","","","","","","","","","","","","","","","",""
"0","","","","","","","","","","","","","","","","","",""
"0","","","","","","","","","","","","","","","","","",""
"0","","","","","","","","","","","","","","","","","",""
"0","","","","","","","","","","","","","","","","","",""
"0","","","","","","","","","","","","","","","","","",""
"0","","","","","","","","","","","","","","","","","",""
"0","","","","","","","","","","","","","","","","","",""
"0","","","","","","","","","","","","","","","","","",""
"0","","","","","","","","","","","","","","","","","",""
"0","","","","","","","","","","","","","","","","","",""
"0","","","","","","","","","","","","","","","","","",""
"0","","","","","","","","","","","","","","","","","",""
"0","","","","","","","","","","","","","","","","","",""
"0","","","","","","","","","","","","","","","","","",""
"0","","","","","","","","","","","","","","","","","",""
"0","","","","","","","","","","","","","","","","","",""
"0","","","","","","","","","","","","","","","","","",""
"0","","","","","","","","","","","","","","","","","",""
"0","","","","","","","","","","","","","","","","","",""
"0","","","","","","","","","","","","","","","","","",""
"0","","","","","","","","","","","","","","","","","",""
"0","","","","","","","","","","","","","","","","","",""
"0","","","","","","","","","","","","","","","","","",""
"0","","","","","","","","","","","","","","","","","",""
"0","","","","","","","","","","","","","","","","","",""
"0","","","","","","","","","","","","","","","","","",""
"0","","","","","","","","","","","","","","","","","",""
"0","","","","","","","","","","","","","","","","","",""
"0","","","","","","","","","","","","","","","","","",""
"0","","","","","","","","","","","","","","","","","",""
"0","","","","","","","","","","","","","","","","","",""
"0","","","","","","","","","","","","","","","","","",""
"0","","","","","","","","","","","","","","","","","",""
"0","","","","","","","","","","","","","","","","","",""
"0","","","","","","","","","","","","","","","","","",""
"0","","","","","","","","","","","","","","","","","",""
"0","","","","","","","","","","","","","","","","","",""
"0","","","","","","","","","","","","","","","","","",""
"0","","","","","","","","","","","","","","","","","",""
"0","","","","","","","","","","","","","","","","","",""
"0","","","","","","","","","","","","","","","","","",""
"0","","","","","","","","","","","","","","","","","",""
"0","","","","","","","","","","","","","","","","","",""
"0","","","","","","","","","","","","","","","","","",""
"0","","","","","","","","","","","","","","","","","",""
"0","","","","","","","","","","","","","","","","","",""
"0","","","","","","","","","","","","","","","","","",""
"0","","","","","","","","","","","","","","","","","",""
"0","","","","","","","","","","","","","","","","","",""
"0","","","","","","","","","","","","","","","","","",""
"0","","","","","","","","","","","","","","","","","",""
"0","","","","","","","","","","","","","","","","","",""
"0","","","","","","","","","","","","","","","","","",""
"0","","","","","","","","","","","","","","","","","",""
"0","","","","","","","","","","","","","","","","","",""
"0","","","","","","","","","","","","","","","","","",""
"0","","","","","","","","","","","","","","","","","",""
"0","","","","","","","","","","","","","","","","","",""
"0","","","","","","","","","","","","","","","","","",""
"0","","","","","","","","","","","","","","","","","",""
"0","","","","","","","","","","","","","","","","","",""
"0","","","","","","","","","","","","","","","","","",""
"0","","","","","","","","","","","","","","","","","",""
"0","","","","","","","","","","","","","","","","","",""
"0","","","","","","","","","","","","","","","","","",""
"0","","","","","","","","","","","","","","","","","",""
"0","","","","","","","","","","","","","","","","","",""
"0","","","","","","","","","","","","","","","","","",""
"0","","","","","","","","","","","","","","","","","",""
"0","","","","","","","","","","","","","","","","","",""
"0","","","","","","","","","","","","","","","","","",""
"0","","","","","","","","","","","","","","","","","",""
"0","","","","","","","","","","","","","","","","","",""
"0","","","","","","","","","","","","","","","","","",""
"0","","","","","","","","","","","","","","","","","",""
"0","","","","","","","","","","","","","","","","","",""
"0","","","","","","","","","","","","","","","","","",""
"0","","","","","","","","","","","","","","","","","",""
"0","","","","","","","","","","","","","","","","","",""
"0","","","","","","","","","","","","","","","","","",""
"0","","","","","","","","","","","","","","","","","",""
"0","","","","","","","","","","","","","","","","","",""
"0","","","","","","","","","","","","","","","","","",""
"0","","","","","","","","","","","","","","","","","",""
"0","","","","","","","","","","","","","","","","","",""
"0","","","","","","","","","","","","","","","","","",""
"0","","","","","","","","","","","","","","","","","",""
"0","","","","","","","","","","","","","","","","","",""
"0","","","","","","","","","","","","","","","","","",""
"0","","","","","","","","","","","","","","","","","",""
"0","","","","","","","","","","","","","","","","","",""
"0","","","","","","","","","","","","","","","","","",""
"0","","","","","","","","","","","","","","","","","",""
"0","","","","","","","","","","","","","","","","","",""
"0","","","","","","","","","","","","","","","","","",""
"0","","","","","","","","","","","","","","","","","",""
"0","","","","","","","","","","","","","","","","","",""
"0","","","","","","","","","","","","","","","","","",""
"0","","","","","","","","","","","","","","","","","",""
"0","","","","","","","","","","","","","","","","","",""
"0","","","","","","","","","","","","","","","","","",""
"0","","","","","","","","","","","","","","","","","",""
"0","","","","","","","","","","","","","","","","","",""
"0","","","","","","","","","","","","","","","","","",""
"0","","","","","","","","","","","","","","","","","",""
"0","","","","","","","","","","","","","","","","","",""
"0","","","","","","","","","","","","","","","","","",""
"0","","","","","","","","","","","","","","","","","",""
"0","","","","","","","","","","","","","","","","","",""
"0","","","","","","","","","","","","","","","","","",""
"0","","","","","","","","","","","","","","","","","",""
"0","","","","","","","","","","","","","","","","","",""
"0","","","","","","","","","","","","","","","","","",""
"0","","","","","","","","","","","","","","","","","",""
"0","","","","","","","","","","","","","","","","","",""
"0","","","","","","","","","","","","","","","","","",""
"0","","","","","","","","","","","","","","","","","",""
"0","","","","","","","","","","","","","","","","","",""
"0","","","","","","","","","","","","","","","","","",""
"0","","","","","","","","","","","","","","","","","",""
"0","","","","","","","","","","","","","","","","","",""
"0","","","","","","","","","","","","","","","","","",""
"0","","","","","","","","","","","","","","","","","",""
"0","","","","","","","","","","","","","","","","","",""
"0","","","","","","","","","","","","","","","","","",""
"0","","","","","","","","","","","","","","","","","",""
"0","","","","","","","","","","","","","","","","","",""
"0","","","","","","","","","","","","","","","","","",""
"0","","","","","","","","","","","","","","","","","",""
"0","","","","","","","","","","","","","","","","","",""
"0","","","","","","","","","","","","","","","","","",""
"0","","","","","","","","","","","","","","","","","",""
"0","","","","","","","","","","","","","","","","","",""
"0","","","","","","","","","","","","","","","","","",""
"0","","","","","","","","","","","","","","","","","",""
"0","","","","","","","","","","","","","","","","","",""
"0","","","","","","","","","","","","","","","","","",""
"0","","","","","","","","","","","","","","","","","",""
"0","","","","","","","","","","","","","","","","","",""
"0","","","","","","","","","","","","","","","","","",""
"0","","","","","","","","","","","","","","","","","",""
"0","","","","","","","","","","","","","","","","","",""
"0","","","","","","","","","","","","","","","","","",""
"0","","","","","","","","","","","","","","","","","",""
"0","","","","","","","","","","","","","","","","","",""
"0","","","","","","","","","","","","","","","","","",""
"0","","","","","","","","","","","","","","","","","",""
"0","","","","","","","","","","","","","","","","","",""
"0","","","","","","","","","","","","","","","","","",""
"0","","","","","","","","","","","","","","","","","",""
"0","","","","","","","","","","","","","","","","","",""
"0","","","","","","","","","","","","","","","","","",""
"0","","","","","","","","","","","","","","","","","",""
"0","","","","","","","","","","","","","","","","","",""
"0","","","","","","","","","","","","","","","","","",""
"0","","","","","","","","","","","","","","","","","",""
"0","","","","","","","","","","","","","","","","","",""
"0","","","","","","","","","","","","","","","","","",""
"0","","","","","","","","","","","","","","","","","",""
"0","","","","","","","","","","","","","","","","","",""
"0","","","","","","","","","","","","","","","","","",""
"0","","","","","","","","","","","","","","","","","",""
"0","","","","","","","","","","","","","","","","","",""
"0","","","","","","","","","","","","","","","","","",""
"0","","","","","","","","","","","","","","","","","",""
"0","","","","","","","","","","","","","","","","","",""
"0","","","","","","","","","","","","","","","","","",""
"0","","","","","","","","","","","","","","","","","",""
"0","","","","","","","","","","","","","","","","","",""
"0","","","","","","","","","","","","","","","","","",""
"0","","","","","","","","","","","","","","","","","",""
"0","","","","","","","","","","","","","","","","","",""
"0","","","","","","","","","","","","","","","","","",""
"0","","","","","","","","","","","","","","","","","",""
"0","","","","","","","","","","","","","","","","","",""
"0","","","","","","","","","","","","","","","","","",""
"0","","","","","","","","","","","","","","","","","",""
"0","","","","","","","","","","","","","","","","","",""
"0","","","","","","","","","","","","","","","","","",""
"0","","","","","","","","","","","","","","","","","",""
"0","","","","","","","","","","","","","","","","","",""
"0","","","","","","","","","","","","","","","","","",""
"0","","","","","","","","","","","","","","","","","",""
"0","","","","","","","","","","","","","","","","","",""
"0","","","","","","","","","","","","","","","","","",""
"0","","","","","","","","","","","","","","","","","",""
"0","","","","","","","","","","","","","","","","","",""
"0","","","","","","","","","","","","","","","","","",""
"0","","","","","","","","","","","","","","","","","",""
"0","","","","","","","","","","","","","","","","","",""
"0","","","","","","","","","","","","","","","","","",""
"0","","","","","","","","","","","","","","","","","",""
"0","","","","","","","","","","","","","","","","","",""
"0","","","","","","","","","","","","","","","","","",""
"0","","","","","","","","","","","","","","","","","",""
"0","","","","","","","","","","","","","","","","","",""
"0","","","","","","","","","","","","","","","","","",""
"0","","","","","","","","","","","","","","","","","",""
"0","","","","","","","","","","","","","","","","","",""
"0","","","","","","","","","","","","","","","","","",""
"0","","","","","","","","","","","","","","","","","",""
"0","","","","","","","","","","","","","","","","","",""
"0","","","","","","","","","","","","","","","","","",""
"0","","","","","","","","","","","","","","","","","",""
"0","","","","","","","","","","","","","","","","","",""
"0","","","","","","","","","","","","","","","","","",""
"0","","","","","","","","","","","","","","","","","",""
"0","","","","","","","","","","","","","","","","","",""
"0","","","","","","","","","","","","","","","","","",""
"0","","","","","","","","","","","","","","","","","",""
"0","","","","","","","","","","","","","","","","","",""
"0","","","","","","","","","","","","","","","","","",""
"0","","","","","","","","","","","","","","","","","",""
"0","","","","","","","","","","","","","","","","","",""
"0","","","","","","","","","","","","","","","","","",""
"0","","","","","","","","","","","","","","","","","",""
"0","","","","","","","","","","","","","","","","","",""
"0","","","","","","","","","","","","","","","","","",""
"0","","","","","","","","","","","","","","","","","",""
"0","","","","","","","","","","","","","","","","","",""
"0","","","","","","","","","","","","","","","","","",""
"0","","","","","","","","","","","","","","","","","",""
"0","","","","","","","","","","","","","","","","","",""
"0","","","","","","","","","","","","","","","","","",""
"0","","","","","","","","","","","","","","","","","",""
"0","","","","","","","","","","","","","","","","","",""
"0","","","","","","","","","","","","","","","","","",""
"0","","","","","","","","","","","","","","","","","",""
"0","","","","","","","","","","","","","","","","","",""
"0","","","","","","","","","","","","","","","","","",""
"0","","","","","","","","","","","","","","","","","",""
"0","","","","","","","","","","","","","","","","","",""
"0","","","","","","","","","","","","","","","","","",""
"0","","","","","","","","","","","","","","","","","",""
"0","","","","","","","","","","","","","","","","","",""
"0","","","","","","","","","","","","","","","","","",""
"0","","","","","","","","","","","","","","","","","",""
"0","","","","","","","","","","","","","","","","","",""
"0","","","","","","","","","","","","","","","","","",""
"0","","","","","","","","","","","","","","","","","",""
"0","","","","","","","","","","","","","","","","","",""
"0","","","","","","","","","","","","","","","","","",""
"0","","","","","","","","","","","","","","","","","",""
"0","","","","","","","","","","","","","","","","","",""
"0","","","","","","","","","","","","","","","","","",""
"0","","","","","","","","","","","","","","","","","",""
"0","","","","","","","","","","","","","","","","","",""
"0","","","","","","","","","","","","","","","","","",""
"0","","","","","","","","","","","","","","","","","",""
"0","","","","","","","","","","","","","","","","","",""
"0","","","","","","","","","","","","","","","","","",""
"0","","","","","","","","","","","","","","","","","",""
"0","","","","","","","","","","","","","","","","","",""
"0","","","","","","","","","","","","","","","","","",""
"0","","","","","","","","","","","","","","","","","",""
"0","","","","","","","","","","","","","","","","","",""
"0","","","","","","","","","","","","","","","","","",""
"0","","","","","","","","","","","","","","","","","",""
"0","","","","","","","","","","","","","","","","","",""
"0","","","","","","","","","","","","","","","","","",""
"0","","","","","","","","","","","","","","","","","",""
"0","","","","","","","","","","","","","","","","","",""
"0","","","","","","","","","","","","","","","","","",""
"0","","","","","","","","","","","","","","","","","",""
"0","","","","","","","","","","","","","","","","","",""
"0","","","","","","","","","","","","","","","","","",""
"0","","","","","","","","","","","","","","","","","",""
"0","","","","","","","","","","","","","","","","","",""
"0","","","","","","","","","","","","","","","","","",""
"0","","","","","","","","","","","","","","","","","",""
"0","","","","","","","","","","","","","","","","","",""
"0","","","","","","","","","","","","","","","","","",""
"0","","","","","","","","","","","","","","","","","",""
"0","","","","","","","","","","","","","","","","","",""
"0","","","","","","","","","","","","","","","","","",""
"0","","","","","","","","","","","","","","","","","",""
"0","","","","","","","","","","","","","","","","","",""
"0","","","","","","","","","","","","","","","","","",""
"0","","","","","","","","","","","","","","","","","",""
"0","","","","","","","","","","","","","","","","","",""
"0","","","","","","","","","","","","","","","","","",""
"0","","","","","","","","","","","","","","","","","",""
"0","","","","","","","","","","","","","","","","","",""
"0","","","","","","","","","","","","","","","","","",""
"0","","","","","","","","","","","","","","","","","",""
"0","","","","","","","","","","","","","","","","","",""
"0","","","","","","","","","","","","","","","","","",""
"0","","","","","","","","","","","","","","","","","",""
"0","","","","","","","","","","","","","","","","","",""
"0","","","","","","","","","","","","","","","","","",""
"0","","","","","","","","","","","","","","","","","",""
"0","","","","","","","","","","","","","","","","","",""
"0","","","","","","","","","","","","","","","","","",""
"0","","","","","","","","","","","","","","","","","",""
"0","","","","","","","","","","","","","","","","","",""
"0","","","","","","","","","","","","","","","","","",""
"0","","","","","","","","","","","","","","","","","",""
"0","","","","","","","","","","","","","","","","","",""
"0","","","","","","","","","","","","","","","","","",""
"0","","","","","","","","","","","","","","","","","",""
"0","","","","","","","","","","","","","","","","","",""
"0","","","","","","","","","","","","","","","","","",""
"0","","","","","","","","","","","","","","","","","",""
"0","","","","","","","","","","","","","","","","","",""
"0","","","","","","","","","","","","","","","","","",""
"0","","","","","","","","","","","","","","","","","",""
"0","","","","","","","","","","","","","","","","","",""
"0","","","","","","","","","","","","","","","","","",""
"0","","","","","","","","","","","","","","","","","",""
"0","","","","","","","","","","","","","","","","","",""
"0","","","","","","","","","","","","","","","","","",""
"0","","","","","","","","","","","","","","","","","",""
"0","","","","","","","","","","","","","","","","","",""
"0","","","","","","","","","","","","","","","","","",""
"0","","","","","","","","","","","","","","","","","",""
"0","","","","","","","","","","","","","","","","","",""
"0","","","","","","","","","","","","","","","","","",""
"0","","","","","","","","","","","","","","","","","",""
"0","","","","","","","","","","","","","","","","","",""
"0","","","","","","","","","","","","","","","","","",""
"0","","","","","","","","","","","","","","","","","",""
"0","","","","","","","","","","","","","","","","","",""
"0","","","","","","","","","","","","","","","","","",""
"0","","","","","","","","","","","","","","","","","",""
"0","","","","","","","","","","","","","","","","","",""
"0","","","","","","","","","","","","","","","","","",""
"0","","","","","","","","","","","","","","","","","",""
"0","","","","","","","","","","","","","","","","","",""
"0","","","","","","","","","","","","","","","","","",""
"0","","","","","","","","","","","","","","","","","",""
"0","","","","","","","","","","","","","","","","","",""
"0","","","","","","","","","","","","","","","","","",""
"0","","","","","","","","","","","","","","","","","",""
"0","","","","","","","","","","","","","","","","","",""
"0","","","","","","","","","","","","","","","","","",""
"0","","","","","","","","","","","","","","","","","",""
"0","","","","","","","","","","","","","","","","","",""
"0","","","","","","","","","","","","","","","","","",""
"0","","","","","","","","","","","","","","","","","",""
"0","","","","","","","","","","","","","","","","","",""
"0","","","","","","","","","","","","","","","","","",""
"0","","","","","","","","","","","","","","","","","",""
"0","","","","","","","","","","","","","","","","","",""
"0","","","","","","","","","","","","","","","","","",""
"0","","","","","","","","","","","","","","","","","",""
"0","","","","","","","","","","","","","","","","","",""
"0","","","","","","","","","","","","","","","","","",""
"0","","","","","","","","","","","","","","","","","",""
"0","","","","","","","","","","","","","","","","","",""
"0","","","","","","","","","","","","","","","","","",""
"0","","","","","","","","","","","","","","","","","",""
"0","","","","","","","","","","","","","","","","","",""
"0","","","","","","","","","","","","","","","","","",""
"0","","","","","","","","","","","","","","","","","",""
"0","","","","","","","","","","","","","","","","","",""
"0","","","","","","","","","","","","","","","","","",""
"0","","","","","","","","","","","","","","","","","",""
"0","","","","","","","","","","","","","","","","","",""
"0","","","","","","","","","","","","","","","","","",""
"0","","","","","","","","","","","","","","","","","",""
"0","","","","","","","","","","","","","","","","","",""
"0","","","","","","","","","","","","","","","","","",""
"0","","","","","","","","","","","","","","","","","",""
"0","","","","","","","","","","","","","","","","","",""
"0","","","","","","","","","","","","","","","","","",""
"0","","","","","","","","","","","","","","","","","",""
"0","","","","","","","","","","","","","","","","","",""
"0","","","","","","","","","","","","","","","","","",""
"0","","","","","","","","","","","","","","","","","",""
"0","","","","","","","","","","","","","","","","","",""
"0","","","","","","","","","","","","","","","","","",""
"0","","","","","","","","","","","","","","","","","",""
"0","","","","","","","","","","","","","","","","","",""
"0","","","","","","","","","","","","","","","","","",""
"0","","","","","","","","","","","","","","","","","",""
"0","","","","","","","","","","","","","","","","","",""
"0","","","","","","","","","","","","","","","","","",""
"0","","","","","","","","","","","","","","","","","",""
"0","","","","","","","","","","","","","","","","","",""
"0","","","","","","","","","","","","","","","","","",""
"0","","","","","","","","","","","","","","","","","",""
"0","","","","","","","","","","","","","","","","","",""
"0","","","","","","","","","","","","","","","","","",""
"0","","","","","","","","","","","","","","","","","",""
"0","","","","","","","","","","","","","","","","","",""
"0","","","","","","","","","","","","","","","","","",""
"0","","","","","","","","","","","","","","","","","",""
"0","","","","","","","","","","","","","","","","","",""
"0","","","","","","","","","","","","","","","","","",""
"0","","","","","","","","","","","","","","","","","",""
"0","","","","","","","","","","","","","","","","","",""
"0","","","","","","","","","","","","","","","","","",""
"0","","","","","","","","","","","","","","","","","",""
"0","","","","","","","","","","","","","","","","","",""
"0","","","","","","","","","","","","","","","","","",""
"0","","","","","","","","","","","","","","","","","",""
"0","","","","","","","","","","","","","","","","","",""
"0","","","","","","","","","","","","","","","","","",""
"0","","","","","","","","","","","","","","","","","",""
"0","","","","","","","","","","","","","","","","","",""
"0","","","","","","","","","","","","","","","","","",""
"0","","","","","","","","","","","","","","","","","",""
"0","","","","","","","","","","","","","","","","","",""
"0","","","","","","","","","","","","","","","","","",""
"0","","","","","","","","","","","","","","","","","",""
"0","","","","","","","","","","","","","","","","","",""
"0","","","","","","","","","","","","","","","","","",""
"0","","","","","","","","","","","","","","","","","",""
"0","","","","","","","","","","","","","","","","","",""
"0","","","","","","","","","","","","","","","","","",""
"0","","","","","","","","","","","","","","","","","",""
"0","","","","","","","","","","","","","","","","","",""
"0","","","","","","","","","","","","","","","","","",""
"0","","","","","","","","","","","","","","","","","",""
"0","","","","","","","","","","","","","","","","","",""
"0","","","","","","","","","","","","","","","","","",""
"0","","","","","","","","","","","","","","","","","",""
"0","","","","","","","","","","","","","","","","","",""
"0","","","","","","","","","","","","","","","","","",""
"0","","","","","","","","","","","","","","","","","",""
"0","","","","","","","","","","","","","","","","","",""
"0","","","","","","","","","","","","","","","","","",""
"0","","","","","","","","","","","","","","","","","",""
"0","","","","","","","","","","","","","","","","","",""
"0","","","","","","","","","","","","","","","","","",""
"0","","","","","","","","","","","","","","","","","",""
"0","","","","","","","","","","","","","","","","","",""
"0","","","","","","","","","","","","","","","","","",""
"0","","","","","","","","","","","","","","","","","",""
"0","","","","","","","","","","","","","","","","","",""
"0","","","","","","","","","","","","","","","","","",""
"0","","","","","","","","","","","","","","","","","",""
"0","","","","","","","","","","","","","","","","","",""
"0","","","","","","","","","","","","","","","","","",""
"0","","","","","","","","","","","","","","","","","",""
"0","","","","","","","","","","","","","","","","","",""
"0","","","","","","","","","","","","","","","","","",""
"0","","","","","","","","","","","","","","","","","",""
"0","","","","","","","","","","","","","","","","","",""
"0","","","","","","","","","","","","","","","","","",""
"0","","","","","","","","","","","","","","","","","",""
"0","","","","","","","","","","","","","","","","","",""
"0","","","","","","","","","","","","","","","","","",""
"0","","","","","","","","","","","","","","","","","",""
"0","","","","","","","","","","","","","","","","","",""
"0","","","","","","","","","","","","","","","","","",""
"0","","","","","","","","","","","","","","","","","",""
"0","","","","","","","","","","","","","","","","","",""
"0","","","","","","","","","","","","","","","","","",""
"0","","","","","","","","","","","","","","","","","",""
"0","","","","","","","","","","","","","","","","","",""
"0","","","","","","","","","","","","","","","","","",""
"0","","","","","","","","","","","","","","","","","",""
"0","","","","","","","","","","","","","","","","","",""
"0","","","","","","","","","","","","","","","","","",""
"0","","","","","","","","","","","","","","","","","",""
"0","","","","","","","","","","","","","","","","","",""
"0","","","","","","","","","","","","","","","","","",""
"0","","","","","","","","","","","","","","","","","",""
"0","","","","","","","","","","","","","","","","","",""
"0","","","","","","","","","","","","","","","","","",""
"0","","","","","","","","","","","","","","","","","",""
"0","","","","","","","","","","","","","","","","","",""
"0","","","","","","","","","","","","","","","","","",""
"0","","","","","","","","","","","","","","","","","",""
"0","","","","","","","","","","","","","","","","","",""
"0","","","","","","","","","","","","","","","","","",""
"0","","","","","","","","","","","","","","","","","",""
"0","","","","","","","","","","","","","","","","","",""
"0","","","","","","","","","","","","","","","","","",""
"0","","","","","","","","","","","","","","","","","",""
"0","","","","","","","","","","","","","","","","","",""
"0","","","","","","","","","","","","","","","","","",""
"0","","","","","","","","","","","","","","","","","",""
"0","","","","","","","","","","","","","","","","","",""
"0","","","","","","","","","","","","","","","","","",""
"0","","","","","","","","","","","","","","","","","",""
"0","","","","","","","","","","","","","","","","","",""
"0","","","","","","","","","","","","","","","","","",""
"0","","","","","","","","","","","","","","","","","",""
"0","","","","","","","","","","","","","","","","","",""
"0","","","","","","","","","","","","","","","","","",""
"0","","","","","","","","","","","","","","","","","",""
"0","","","","","","","","","","","","","","","","","",""
"0","","","","","","","","","","","","","","","","","",""
"0","","","","","","","","","","","","","","","","","",""
"0","","","","","","","","","","","","","","","","","",""
"0","","","","","","","","","","","","","","","","","",""
"0","","","","","","","","","","","","","","","","","",""
"0","","","","","","","","","","","","","","","","","",""
"0","","","","","","","","","","","","","","","","","",""
"0","","","","","","","","","","","","","","","","","",""
"0","","","","","","","","","","","","","","","","","",""
"0","","","","","","","","","","","","","","","","","",""
"0","","","","","","","","","","","","","","","","","",""
"0","","","","","","","","","","","","","","","","","",""
"0","","","","","","","","","","","","","","","","","",""
"0","","","","","","","","","","","","","","","","","",""
"0","","","","","","","","","","","","","","","","","",""
"0","","","","","","","","","","","","","","","","","",""
"0","","","","","","","","","","","","","","","","","",""
"0","","","","","","","","","","","","","","","","","",""
"0","","","","","","","","","","","","","","","","","",""
"0","","","","","","","","","","","","","","","","","",""
"0","","","","","","","","","","","","","","","","","",""
"0","","","","","","","","","","","","","","","","","",""
"0","","","","","","","","","","","","","","","","","",""
"0","","","","","","","","","","","","","","","","","",""
"0","","","","","","","","","","","","","","","","","",""
"0","","","","","","","","","","","","","","","","","",""
"0","","","","","","","","","","","","","","","","","",""
"0","","","","","","","","","","","","","","","","","",""
"0","","","","","","","","","","","","","","","","","",""
"0","","","","","","","","","","","","","","","","","",""
"0","","","","","","","","","","","","","","","","","",""
"0","","","","","","","","","","","","","","","","","",""
"0","","","","","","","","","","","","","","","","","",""
"0","","","","","","","","","","","","","","","","","",""
"0","","","","","","","","","","","","","","","","","",""
"0","","","","","","","","","","","","","","","","","",""
"0","","","","","","","","","","","","","","","","","",""
"0","","","","","","","","","","","","","","","","","",""
"0","","","","","","","","","","","","","","","","","",""
"0","","","","","","","","","","","","","","","","","",""
"0","","","","","","","","","","","","","","","","","",""
"0","","","","","","","","","","","","","","","","","",""
"0","","","","","","","","","","","","","","","","","",""
"0","","","","","","","","","","","","","","","","","",""
"0","","","","","","","","","","","","","","","","","",""
"0","","","","","","","","","","","","","","","","","",""
"0","","","","","","","","","","","","","","","","","",""
"0","","","","","","","","","","","","","","","","","",""
"0","","","","","","","","","","","","","","","","","",""
"0","","","","","","","","","","","","","","","","","",""
"0","","","","","","","","","","","","","","","","","",""
"0","","","","","","","","","","","","","","","","","",""
"0","","","","","","","","","","","","","","","","","",""
"0","","","","","","","","","","","","","","","","","",""
"0","","","","","","","","","","","","","","","","","",""
"0","","","","","","","","","","","","","","","","","",""
"0","","","","","","","","","","","","","","","","","",""
"0","","","","","","","","","","","","","","","","","",""
"0","","","","","","","","","","","","","","","","","",""
"0","","","","","","","","","","","","","","","","","",""
"0","","","","","","","","","","","","","","","","","",""
"0","","","","","","","","","","","","","","","","","",""
"0","","","","","","","","","","","","","","","","","",""
"0","","","","","","","","","","","","","","","","","",""
"0","","","","","","","","","","","","","","","","","",""
"0","","","","","","","","","","","","","","","","","",""
"0","","","","","","","","","","","","","","","","","",""
"0","","","","","","","","","","","","","","","","","",""
"0","","","","","","","","","","","","","","","","","",""
"0","","","","","","","","","","","","","","","","","",""
"0","","","","","","","","","","","","","","","","","",""
"0","","","","","","","","","","","","","","","","","",""
"0","","","","","","","","","","","","","","","","","",""
"0","","","","","","","","","","","","","","","","","",""
"0","","","","","","","","","","","","","","","","","",""
"0","","","","","","","","","","","","","","","","","",""
"0","","","","","","","","","","","","","","","","","",""
"0","","","","","","","","","","","","","","","","","",""
"0","","","","","","","","","","","","","","","","","",""
"0","","","","","","","","","","","","","","","","","",""
"0","","","","","","","","","","","","","","","","","",""
"0","","","","","","","","","","","","","","","","","",""
"0","","","","","","","","","","","","","","","","","",""
"0","","","","","","","","","","","","","","","","","",""
"0","","","","","","","","","","","","","","","","","",""
"0","","","","","","","","","","","","","","","","","",""
"0","","","","","","","","","","","","","","","","","",""
"0","","","","","","","","","","","","","","","","","",""
"0","","","","","","","","","","","","","","","","","",""
"0","","","","","","","","","","","","","","","","","",""
"0","","","","","","","","","","","","","","","","","",""
"0","","","","","","","","","","","","","","","","","",""
"0","","","","","","","","","","","","","","","","","",""
"0","","","","","","","","","","","","","","","","","",""
"0","","","","","","","","","","","","","","","","","",""
"0","","","","","","","","","","","","","","","","","",""
"0","","","","","","","","","","","","","","","","","",""
"0","","","","","","","","","","","","","","","","","",""
"0","","","","","","","","","","","","","","","","","",""
"0","","","","","","","","","","","","","","","","","",""
"0","","","","","","","","","","","","","","","","","",""
"0","","","","","","","","","","","","","","","","","",""
"0","","","","","","","","","","","","","","","","","",""
"0","","","","","","","","","","","","","","","","","",""
"0","","","","","","","","","","","","","","","","","",""
"0","","","","","","","","","","","","","","","","","",""
"0","","","","","","","","","","","","","","","","","",""
"0","","","","","","","","","","","","","","","","","",""
"0","","","","","","","","","","","","","","","","","",""
"0","","","","","","","","","","","","","","","","","",""
"0","","","","","","","","","","","","","","","","","",""
"0","","","","","","","","","","","","","","","","","",""
"0","","","","","","","","","","","","","","","","","",""
"0","","","","","","","","","","","","","","","","","",""
"0","","","","","","","","","","","","","","","","","",""
"0","","","","","","","","","","","","","","","","","",""
"0","","","","","","","","","","","","","","","","","",""
"0","","","","","","","","","","","","","","","","","",""
"0","","","","","","","","","","","","","","","","","",""
"0","","","","","","","","","","","","","","","","","",""
"0","","","","","","","","","","","","","","","","","",""
"0","","","","","","","","","","","","","","","","","",""
"0","","","","","","","","","","","","","","","","","",""
"0","","","","","","","","","","","","","","","","","",""
"0","","","","","","","","","","","","","","","","","",""
"0","","","","","","","","","","","","","","","","","",""
"0","","","","","","","","","","","","","","","","","",""
"0","","","","","","","","","","","","","","","","","",""
"0","","","","","","","","","","","","","","","","","",""
"0","","","","","","","","","","","","","","","","","",""
"0","","","","","","","","","","","","","","","","","",""
"0","","","","","","","","","","","","","","","","","",""
"0","","","","","","","","","","","","","","","","","",""
"0","","","","","","","","","","","","","","","","","",""
"0","","","","","","","","","","","","","","","","","",""
"0","","","","","","","","","","","","","","","","","",""
"0","","","","","","","","","","","","","","","","","",""
"0","","","","","","","","","","","","","","","","","",""
"0","","","","","","","","","","","","","","","","","",""
"0","","","","","","","","","","","","","","","","","",""
"0","","","","","","","","","","","","","","","","","",""
"0","","","","","","","","","","","","","","","","","",""
"0","","","","","","","","","","","","","","","","","",""
"0","","","","","","","","","","","","","","","","","",""
"0","","","","","","","","","","","","","","","","","",""
"0","","","","","","","","","","","","","","","","","",""
"0","","","","","","","","","","","","","","","","","",""
"0","","","","","","","","","","","","","","","","","",""
"0","","","","","","","","","","","","","","","","","",""
"0","","","","","","","","","","","","","","","","","",""
"0","","","","","","","","","","","","","","","","","",""
"0","","","","","","","","","","","","","","","","","",""
"0","","","","","","","","","","","","","","","","","",""
"0","","","","","","","","","","","","","","","","","",""
"0","","","","","","","","","","","","","","","","","",""
"0","","","","","","","","","","","","","","","","","",""
"0","","","","","","","","","","","","","","","","","",""
"0","","","","","","","","","","","","","","","","","",""
"0","","","","","","","","","","","","","","","","","",""
"0","","","","","","","","","","","","","","","","","",""
"0","","","","","","","","","","","","","","","","","",""
"0","","","","","","","","","","","","","","","","","",""
"0","","","","","","","","","","","","","","","","","",""
"0","","","","","","","","","","","","","","","","","",""
"0","","","","","","","","","","","","","","","","","",""
"0","","","","","","","","","","","","","","","","","",""
"0","","","","","","","","","","","","","","","","","",""
"0","","","","","","","","","","","","","","","","","",""
"0","","","","","","","","","","","","","","","","","",""
"0","","","","","","","","","","","","","","","","","",""
"0","","","","","","","","","","","","","","","","","",""
"0","","","","","","","","","","","","","","","","","",""
"0","","","","","","","","","","","","","","","","","",""
"0","","","","","","","","","","","","","","","","","",""
"0","","","","","","","","","","","","","","","","","",""
"0","","","","","","","","","","","","","","","","","",""
"0","","","","","","","","","","","","","","","","","",""
"0","","","","","","","","","","","","","","","","","",""
"0","","","","","","","","","","","","","","","","","",""
"0","","","","","","","","","","","","","","","","","",""
"0","","","","","","","","","","","","","","","","","",""
"0","","","","","","","","","","","","","","","","","",""
"0","","","","","","","","","","","","","","","","","",""
"0","","","","","","","","","","","","","","","","","",""
"0","","","","","","","","","","","","","","","","","",""
"0","","","","","","","","","","","","","","","","","",""
"0","","","","","","","","","","","","","","","","","",""
"0","","","","","","","","","","","","","","","","","",""
"0","","","","","","","","","","","","","","","","","",""
"0","","","","","","","","","","","","","","","","","",""
"0","","","","","","","","","","","","","","","","","",""
"0","","","","","","","","","","","","","","","","","",""
"0","","","","","","","","","","","","","","","","","",""
"0","","","","","","","","","","","","","","","","","",""
"0","","","","","","","","","","","","","","","","","",""
"0","","","","","","","","","","","","","","","","","",""
"0","","","","","","","","","","","","","","","","","",""
"0","","","","","","","","","","","","","","","","","",""
"0","","","","","","","","","","","","","","","","","",""
"0","","","","","","","","","","","","","","","","","",""
"0","","","","","","","","","","","","","","","","","",""
"0","","","","","","","","","","","","","","","","","",""
"0","","","","","","","","","","","","","","","","","",""
"0","","","","","","","","","","","","","","","","","",""
"0","","","","","","","","","","","","","","","","","",""
"0","","","","","","","","","","","","","","","","","",""
"0","","","","","","","","","","","","","","","","","",""
"0","","","","","","","","","","","","","","","","","",""
"0","","","","","","","","","","","","","","","","","",""
"0","","","","","","","","","","","","","","","","","",""
"0","","","","","","","","","","","","","","","","","",""
"0","","","","","","","","","","","","","","","","","",""
"0","","","","","","","","","","","","","","","","","",""
"0","","","","","","","","","","","","","","","","","",""
"0","","","","","","","","","","","","","","","","","",""
"0","","","","","","","","","","","","","","","","","",""
"0","","","","","","","","","","","","","","","","","",""
"0","","","","","","","","","","","","","","","","","",""
"0","","","","","","","","","","","","","","","","","",""
"0","","","","","","","","","","","","","","","","","",""
"0","","","","","","","","","","","","","","","","","",""
"0","","","","","","","","","","","","","","","","","",""
"0","","","","","","","","","","","","","","","","","",""
"0","","","","","","","","","","","","","","","","","",""
"0","","","","","","","","","","","","","","","","","",""
"0","","","","","","","","","","","","","","","","","",""
"0","","","","","","","","","","","","","","","","","",""
"0","","","","","","","","","","","","","","","","","",""
"0","","","","","","","","","","","","","","","","","",""
"0","","","","","","","","","","","","","","","","","",""
"0","","","","","","","","","","","","","","","","","",""
"0","","","","","","","","","","","","","","","","","",""
"0","","","","","","","","","","","","","","","","","",""
"0","","","","","","","","","","","","","","","","","",""
"0","","","","","","","","","","","","","","","","","",""
"0","","","","","","","","","","","","","","","","","",""
"0","","","","","","","","","","","","","","","","","",""
"0","","","","","","","","","","","","","","","","","",""
"0","","","","","","","","","","","","","","","","","",""
"0","","","","","","","","","","","","","","","","","",""
"0","","","","","","","","","","","","","","","","","",""
"0","","","","","","","","","","","","","","","","","",""
"0","","","","","","","","","","","","","","","","","",""
"0","","","","","","","","","","","","","","","","","",""
"0","","","","","","","","","","","","","","","","","",""
"0","","","","","","","","","","","","","","","","","",""
"0","","","","","","","","","","","","","","","","","",""
"0","","","","","","","","","","","","","","","","","",""
"0","","","","","","","","","","","","","","","","","",""
"0","","","","","","","","","","","","","","","","","",""
"0","","","","","","","","","","","","","","","","","",""
"0","","","","","","","","","","","","","","","","","",""
"0","","","","","","","","","","","","","","","","","",""
"0","","","","","","","","","","","","","","","","","",""
"0","","","","","","","","","","","","","","","","","",""
"0","","","","","","","","","","","","","","","","","",""
"0","","","","","","","","","","","","","","","","","",""
"0","","","","","","","","","","","","","","","","","",""
"0","","","","","","","","","","","","","","","","","",""
"0","","","","","","","","","","","","","","","","","",""
"0","","","","","","","","","","","","","","","","","",""
"0","","","","","","","","","","","","","","","","","",""
"0","","","","","","","","","","","","","","","","","",""
"0","","","","","","","","","","","","","","","","","",""
"0","","","","","","","","","","","","","","","","","",""
"0","","","","","","","","","","","","","","","","","",""
"0","","","","","","","","","","","","","","","","","",""
"0","","","","","","","","","","","","","","","","","",""
"0","","","","","","","","","","","","","","","","","",""
"0","","","","","","","","","","","","","","","","","",""
"0","","","","","","","","","","","","","","","","","",""
"0","","","","","","","","","","","","","","","","","",""
"0","","","","","","","","","","","","","","","","","",""
"0","","","","","","","","","","","","","","","","","",""
"0","","","","","","","","","","","","","","","","","",""
"0","","","","","","","","","","","","","","","","","",""
"0","","","","","","","","","","","","","","","","","",""
"0","","","","","","","","","","","","","","","","","",""
"0","","","","","","","","","","","","","","","","","",""
"0","","","","","","","","","","","","","","","","","",""
"0","","","","","","","","","","","","","","","","","",""
"0","","","","","","","","","","","","","","","","","",""
"0","","","","","","","","","","","","","","","","","",""
"0","","","","","","","","","","","","","","","","","",""
"0","","","","","","","","","","","","","","","","","",""
"0","","","","","","","","","","","","","","","","","",""
"0","","","","","","","","","","","","","","","","","",""
"0","","","","","","","","","","","","","","","","","",""
"0","","","","","","","","","","","","","","","","","",""
"0","","","","","","","","","","","","","","","","","",""
"0","","","","","","","","","","","","","","","","","",""
"0","","","","","","","","","","","","","","","","","",""
"0","","","","","","","","","","","","","","","","","",""
"0","","","","","","","","","","","","","","","","","",""
"0","","","","","","","","","","","","","","","","","",""
"0","","","","","","","","","","","","","","","","","",""
"0","","","","","","","","","","","","","","","","","",""
"0","","","","","","","","","","","","","","","","","",""
"0","","","","","","","","","","","","","","","","","",""
"0","","","","","","","","","","","","","","","","","",""
"0","","","","","","","","","","","","","","","","","",""
"0","","","","","","","","","","","","","","","","","",""
"0","","","","","","","","","","","","","","","","","",""
"0","","","","","","","","","","","","","","","","","",""
"0","","","","","","","","","","","","","","","","","",""
"0","","","","","","","","","","","","","","","","","",""
"0","","","","","","","","","","","","","","","","","",""
"0","","","","","","","","","","","","","","","","","",""
"0","","","","","","","","","","","","","","","","","",""
"0","","","","","","","","","","","","","","","","","",""
"0","","","","","","","","","","","","","","","","","",""
"0","","","","","","","","","","","","","","","","","",""
"0","","","","","","","","","","","","","","","","","",""
"0","","","","","","","","","","","","","","","","","",""
"0","","","","","","","","","","","","","","","","","",""
"0","","","","","","","","","","","","","","","","","",""
"0","","","","","","","","","","","","","","","","","",""
"0","","","","","","","","","","","","","","","","","",""
"0","","","","","","","","","","","","","","","","","",""
"0","","","","","","","","","","","","","","","","","",""
"0","","","","","","","","","","","","","","","","","",""
"0","","","","","","","","","","","","","","","","","",""
"0","","","","","","","","","","","","","","","","","",""
"0","","","","","","","","","","","","","","","","","",""
"0","","","","","","","","","","","","","","","","","",""
"0","","","","","","","","","","","","","","","","","",""
"0","","","","","","","","","","","","","","","","","",""
"0","","","","","","","","","","","","","","","","","",""
"0","","","","","","","","","","","","","","","","","",""
"0","","","","","","","","","","","","","","","","","",""
"0","","","","","","","","","","","","","","","","","",""
"0","","","","","","","","","","","","","","","","","",""
"0","","","","","","","","","","","","","","","","","",""
"0","","","","","","","","","","","","","","","","","",""
"0","","","","","","","","","","","","","","","","","",""
"0","","","","","","","","","","","","","","","","","",""
"0","","","","","","","","","","","","","","","","","",""
"0","","","","","","","","","","","","","","","","","",""
"0","","","","","","","","","","","","","","","","","",""
"0","","","","","","","","","","","","","","","","","",""
"0","","","","","","","","","","","","","","","","","",""
"0","","","","","","","","","","","","","","","","","",""
"0","","","","","","","","","","","","","","","","","",""
"0","","","","","","","","","","","","","","","","","",""
"0","","","","","","","","","","","","","","","","","",""
"0","","","","","","","","","","","","","","","","","",""
"0","","","","","","","","","","","","","","","","","",""
"0","","","","","","","","","","","","","","","","","",""
"0","","","","","","","","","","","","","","","","","",""
"0","","","","","","","","","","","","","","","","","",""
"0","","","","","","","","","","","","","","","","","",""
"0","","","","","","","","","","","","","","","","","",""
"0","","","","","","","","","","","","","","","","","",""
"0","","","","","","","","","","","","","","","","","",""
"0","","","","","","","","","","","","","","","","","",""
"0","","","","","","","","","","","","","","","","","",""
"0","","","","","","","","","","","","","","","","","",""
"0","","","","","","","","","","","","","","","","","",""
"0","","","","","","","","","","","","","","","","","",""
"0","","","","","","","","","","","","","","","","","",""
"0","","","","","","","","","","","","","","","","","",""
"0","","","","","","","","","","","","","","","","","",""
"0","","","","","","","","","","","","","","","","","",""
"0","","","","","","","","","","","","","","","","","",""
"0","","","","","","","","","","","","","","","","","",""
"0","","","","","","","","","","","","","","","","","",""
"0","","","","","","","","","","","","","","","","","",""
"0","","","","","","","","","","","","","","","","","",""
"0","","","","","","","","","","","","","","","","","",""
"0","","","","","","","","","","","","","","","","","",""
"0","","","","","","","","","","","","","","","","","",""
"0","","","","","","","","","","","","","","","","","",""
"0","","","","","","","","","","","","","","","","","",""
"0","","","","","","","","","","","","","","","","","",""
"0","","","","","","","","","","","","","","","","","",""
"0","","","","","","","","","","","","","","","","","",""
"0","","","","","","","","","","","","","","","","","",""
"0","","","","","","","","","","","","","","","","","",""
"0","","","","","","","","","","","","","","","","","",""
"0","","","","","","","","","","","","","","","","","",""
"0","","","","","","","","","","","","","","","","","",""
"0","","","","","","","","","","","","","","","","","",""
"0","","","","","","","","","","","","","","","","","",""
"0","","","","","","","","","","","","","","","","","",""
"0","","","","","","","","","","","","","","","","","",""
"0","","","","","","","","","","","","","","","","","",""
"0","","","","","","","","","","","","","","","","","",""
"0","","","","","","","","","","","","","","","","","",""
"0","","","","","","","","","","","","","","","","","",""
"0","","","","","","","","","","","","","","","","","",""
"0","","","","","","","","","","","","","","","","","",""
"0","","","","","","","","","","","","","","","","","",""
"0","","","","","","","","","","","","","","","","","",""
"0","","","","","","","","","","","","","","","","","",""
"0","","","","","","","","","","","","","","","","","",""
"0","","","","","","","","","","","","","","","","","",""
"0","","","","","","","","","","","","","","","","","",""
"0","","","","","","","","","","","","","","","","","",""
"0","","","","","","","","","","","","","","","","","",""
"0","","","","","","","","","","","","","","","","","",""
"0","","","","","","","","","","","","","","","","","",""
"0","","","","","","","","","","","","","","","","","",""
"0","","","","","","","","","","","","","","","","","",""
"0","","","","","","","","","","","","","","","","","",""
"0","","","","","","","","","","","","","","","","","",""
"0","","","","","","","","","","","","","","","","","",""
"0","","","","","","","","","","","","","","","","","",""
"0","","","","","","","","","","","","","","","","","",""
"0","","","","","","","","","","","","","","","","","",""
"0","","","","","","","","","","","","","","","","","",""
"0","","","","","","","","","","","","","","","","","",""
"0","","","","","","","","","","","","","","","","","",""
"0","","","","","","","","","","","","","","","","","",""
"0","","","","","","","","","","","","","","","","","",""
"0","","","","","","","","","","","","","","","","","",""
"0","","","","","","","","","","","","","","","","","",""
"0","","","","","","","","","","","","","","","","","",""
"0","","","","","","","","","","","","","","","","","",""
"0","","","","","","","","","","","","","","","","","",""
"0","","","","","","","","","","","","","","","","","",""
"0","","","","","","","","","","","","","","","","","",""
"0","","","","","","","","","","","","","","","","","",""
"0","","","","","","","","","","","","","","","","","",""
"0","","","","","","","","","","","","","","","","","",""
"0","","","","","","","","","","","","","","","","","",""
"0","","","","","","","","","","","","","","","","","",""
"0","","","","","","","","","","","","","","","","","",""
"0","","","","","","","","","","","","","","","","","",""
"0","","","","","","","","","","","","","","","","","",""
"0","","","","","","","","","","","","","","","","","",""
"0","","","","","","","","","","","","","","","","","",""
"0","","","","","","","","","","","","","","","","","",""
"0","","","","","","","","","","","","","","","","","",""
"0","","","","","","","","","","","","","","","","","",""
"0","","","","","","","","","","","","","","","","","",""
"0","","","","","","","","","","","","","","","","","",""
"0","","","","","","","","","","","","","","","","","",""
"0","","","","","","","","","","","","","","","","","",""
"0","","","","","","","","","","","","","","","","","",""
"0","","","","","","","","","","","","","","","","","",""
"0","","","","","","","","","","","","","","","","","",""
"0","","","","","","","","","","","","","","","","","",""
"0","","","","","","","","","","","","","","","","","",""
"0","","","","","","","","","","","","","","","","","",""
"0","","","","","","","","","","","","","","","","","",""
"0","","","","","","","","","","","","","","","","","",""
"0","","","","","","","","","","","","","","","","","",""
"0","","","","","","","","","","","","","","","","","",""
"0","","","","","","","","","","","","","","","","","",""
"0","","","","","","","","","","","","","","","","","",""
"0","","","","","","","","","","","","","","","","","",""
"0","","","","","","","","","","","","","","","","","",""
"0","","","","","","","","","","","","","","","","","",""
"0","","","","","","","","","","","","","","","","","",""
"0","","","","","","","","","","","","","","","","","",""
"0","","","","","","","","","","","","","","","","","",""
"0","","","","","","","","","","","","","","","","","",""
"0","","","","","","","","","","","","","","","","","",""
"0","","","","","","","","","","","","","","","","","",""
"0","","","","","","","","","","","","","","","","","",""
"0","","","","","","","","","","","","","","","","","",""
"0","","","","","","","","","","","","","","","","","",""
"0","","","","","","","","","","","","","","","","","",""
"0","","","","","","","","","","","","","","","","","",""
"0","","","","","","","","","","","","","","","","","",""
"0","","","","","","","","","","","","","","","","","",""
"0","","","","","","","","","","","","","","","","","",""
"0","","","","","","","","","","","","","","","","","",""
"0","","","","","","","","","","","","","","","","","",""
"0","","","","","","","","","","","","","","","","","",""
"0","","","","","","","","","","","","","","","","","",""
"0","","","","","","","","","","","","","","","","","",""
"0","","","","","","","","","","","","","","","","","",""
"0","","","","","","","","","","","","","","","","","",""
"0","","","","","","","","","","","","","","","","","",""
"0","","","","","","","","","","","","","","","","","",""
"0","","","","","","","","","","","","","","","","","",""
"0","","","","","","","","","","","","","","","","","",""
"0","","","","","","","","","","","","","","","","","",""
"0","","","","","","","","","","","","","","","","","",""
"0","","","","","","","","","","","","","","","","","",""
"0","","","","","","","","","","","","","","","","","",""
"0","","","","","","","","","","","","","","","","","",""
"0","","","","","","","","","","","","","","","","","",""
"0","","","","","","","","","","","","","","","","","",""
"0","","","","","","","","","","","","","","","","","",""
"0","","","","","","","","","","","","","","","","","",""
"0","","","","","","","","","","","","","","","","","",""
"0","","","","","","","","","","","","","","","","","",""
"0","","","","","","","","","","","","","","","","","",""
"0","","","","","","","","","","","","","","","","","",""
"0","","","","","","","","","","","","","","","","","",""
"0","","","","","","","","","","","","","","","","","",""
"0","","","","","","","","","","","","","","","","","",""
"0","","","","","","","","","","","","","","","","","",""
"0","","","","","","","","","","","","","","","","","",""
"0","","","","","","","","","","","","","","","","","",""
"0","","","","","","","","","","","","","","","","","",""
"0","","","","","","","","","","","","","","","","","",""
"0","","","","","","","","","","","","","","","","","",""
"0","","","","","","","","","","","","","","","","","",""
"0","","","","","","","","","","","","","","","","","",""
"0","","","","","","","","","","","","","","","","","",""
"0","","","","","","","","","","","","","","","","","",""
"0","","","","","","","","","","","","","","","","","",""
"0","","","","","","","","","","","","","","","","","",""
"0","","","","","","","","","","","","","","","","","",""
"0","","","","","","","","","","","","","","","","","",""
"0","","","","","","","","","","","","","","","","","",""
"0","","","","","","","","","","","","","","","","","",""
"0","","","","","","","","","","","","","","","","","",""
"0","","","","","","","","","","","","","","","","","",""
"0","","","","","","","","","","","","","","","","","",""
"0","","","","","","","","","","","","","","","","","",""
"0","","","","","","","","","","","","","","","","","",""
"0","","","","","","","","","","","","","","","","","",""
"0","","","","","","","","","","","","","","","","","",""
"0","","","","","","","","","","","","","","","","","",""
"0","","","","","","","","","","","","","","","","","",""
"0","","","","","","","","","","","","","","","","","",""
"0","","","","","","","","","","","","","","","","","",""
"0","","","","","","","","","","","","","","","","","",""
"0","","","","","","","","","","","","","","","","","",""
"0","","","","","","","","","","","","","","","","","",""
"0","","","","","","","","","","","","","","","","","",""
"0","","","","","","","","","","","","","","","","","",""
"0","","","","","","","","","","","","","","","","","",""
"0","","","","","","","","","","","","","","","","","",""
"0","","","","","","","","","","","","","","","","","",""
"0","","","","","","","","","","","","","","","","","",""
"0","","","","","","","","","","","","","","","","","",""
"0","","","","","","","","","","","","","","","","","",""
"0","","","","","","","","","","","","","","","","","",""
"0","","","","","","","","","","","","","","","","","",""
"0","","","","","","","","","","","","","","","","","",""
"0","","","","","","","","","","","","","","","","","",""
"0","","","","","","","","","","","","","","","","","",""
"0","","","","","","","","","","","","","","","","","",""
"0","","","","","","","","","","","","","","","","","",""
"0","","","","","","","","","","","","","","","","","",""
"0","","","","","","","","","","","","","","","","","",""
"0","","","","","","","","","","","","","","","","","",""
"0","","","","","","","","","","","","","","","","","",""
"0","","","","","","","","","","","","","","","","","",""
"0","","","","","","","","","","","","","","","","","",""
"0","","","","","","","","","","","","","","","","","",""
"0","","","","","","","","","","","","","","","","","",""
"0","","","","","","","","","","","","","","","","","",""
"0","","","","","","","","","","","","","","","","","",""
"0","","","","","","","","","","","","","","","","","",""
"0","","","","","","","","","","","","","","","","","",""
"0","","","","","","","","","","","","","","","","","",""
"0","","","","","","","","","","","","","","","","","",""
"0","","","","","","","","","","","","","","","","","",""
"0","","","","","","","","","","","","","","","","","",""
"0","","","","","","","","","","","","","","","","","",""
"0","","","","","","","","","","","","","","","","","",""
"0","","","","","","","","","","","","","","","","","",""
"0","","","","","","","","","","","","","","","","","",""
"0","","","","","","","","","","","","","","","","","",""
"0","","","","","","","","","","","","","","","","","",""
"0","","","","","","","","","","","","","","","","","",""
"0","","","","","","","","","","","","","","","","","",""
"0","","","","","","","","","","","","","","","","","",""
"0","","","","","","","","","","","","","","","","","",""
"0","","","","","","","","","","","","","","","","","",""
"0","","","","","","","","","","","","","","","","","",""
"0","","","","","","","","","","","","","","","","","",""
"0","","","","","","","","","","","","","","","","","",""
"0","","","","","","","","","","","","","","","","","",""
"0","","","","","","","","","","","","","","","","","",""
"0","","","","","","","","","","","","","","","","","",""
"0","","","","","","","","","","","","","","","","","",""
"0","","","","","","","","","","","","","","","","","",""
"0","","","","","","","","","","","","","","","","","",""
"0","","","","","","","","","","","","","","","","","",""
"0","","","","","","","","","","","","","","","","","",""
"0","","","","","","","","","","","","","","","","","",""
"0","","","","","","","","","","","","","","","","","",""
"0","","","","","","","","","","","","","","","","","",""
"0","","","","","","","","","","","","","","","","","",""
"0","","","","","","","","","","","","","","","","","",""
"0","","","","","","","","","","","","","","","","","",""
"0","","","","","","","","","","","","","","","","","",""
"0","","","","","","","","","","","","","","","","","",""
"0","","","","","","","","","","","","","","","","","",""
"0","","","","","","","","","","","","","","","","","",""
"0","","","","","","","","","","","","","","","","","",""
"0","","","","","","","","","","","","","","","","","",""
"0","","","","","","","","","","","","","","","","","",""
"0","","","","","","","","","","","","","","","","","",""
"0","","","","","","","","","","","","","","","","","",""
"0","","","","","","","","","","","","","","","","","",""
"0","","","","","","","","","","","","","","","","","",""
"0","","","","","","","","","","","","","","","","","",""
"0","","","","","","","","","","","","","","","","","",""
"0","","","","","","","","","","","","","","","","","",""
"0","","","","","","","","","","","","","","","","","",""
"0","","","","","","","","","","","","","","","","","",""
"0","","","","","","","","","","","","","","","","","",""
"0","","","","","","","","","","","","","","","","","",""
"0","","","","","","","","","","","","","","","","","",""
"0","","","","","","","","","","","","","","","","","",""
"0","","","","","","","","","","","","","","","","","",""
"0","","","","","","","","","","","","","","","","","",""
"0","","","","","","","","","","","","","","","","","",""
"0","","","","","","","","","","","","","","","","","",""
"0","","","","","","","","","","","","","","","","","",""
"0","","","","","","","","","","","","","","","","","",""
"0","","","","","","","","","","","","","","","","","",""
"0","","","","","","","","","","","","","","","","","",""
"0","","","","","","","","","","","","","","","","","",""
"0","","","","","","","","","","","","","","","","","",""
"0","","","","","","","","","","","","","","","","","",""
"0","","","","","","","","","","","","","","","","","",""
"0","","","","","","","","","","","","","","","","","",""
"0","","","","","","","","","","","","","","","","","",""
"0","","","","","","","","","","","","","","","","","",""
"0","","","","","","","","","","","","","","","","","",""
"0","","","","","","","","","","","","","","","","","",""
"0","","","","","","","","","","","","","","","","","",""
"0","","","","","","","","","","","","","","","","","",""
"0","","","","","","","","","","","","","","","","","",""
"0","","","","","","","","","","","","","","","","","",""
"0","","","","","","","","","","","","","","","","","",""
"0","","","","","","","","","","","","","","","","","",""
"0","","","","","","","","","","","","","","","","","",""
"0","","","","","","","","","","","","","","","","","",""
"0","","","","","","","","","","","","","","","","","",""
"0","","","","","","","","","","","","","","","","","",""
"0","","","","","","","","","","","","","","","","","",""
"0","","","","","","","","","","","","","","","","","",""
"0","","","","","","","","","","","","","","","","","",""
"0","","","","","","","","","","","","","","","","","",""
"0","","","","","","","","","","","","","","","","","",""
"0","","","","","","","","","","","","","","","","","",""
"0","","","","","","","","","","","","","","","","","",""
"0","","","","","","","","","","","","","","","","","",""
"0","","","","","","","","","","","","","","","","","",""
"0","","","","","","","","","","","","","","","","","",""
"0","","","","","","","","","","","","","","","","","",""
"0","","","","","","","","","","","","","","","","","",""
"0","","","","","","","","","","","","","","","","","",""
"0","","","","","","","","","","","","","","","","","",""
"0","","","","","","","","","","","","","","","","","",""
"0","","","","","","","","","","","","","","","","","",""
"0","","","","","","","","","","","","","","","","","",""
"0","","","","","","","","","","","","","","","","","",""
"0","","","","","","","","","","","","","","","","","",""
"0","","","","","","","","","","","","","","","","","",""
"0","","","","","","","","","","","","","","","","","",""
"0","","","","","","","","","","","","","","","","","",""
"0","","","","","","","","","","","","","","","","","",""
"0","","","","","","","","","","","","","","","","","",""
"0","","","","","","","","","","","","","","","","","",""
"0","","","","","","","","","","","","","","","","","",""
"0","","","","","","","","","","","","","","","","","",""
"0","","","","","","","","","","","","","","","","","",""
"0","","","","","","","","","","","","","","","","","",""
"0","","","","","","","","","","","","","","","","","",""
"0","","","","","","","","","","","","","","","","","",""
"0","","","","","","","","","","","","","","","","","",""
"0","","","","","","","","","","","","","","","","","",""
"0","","","","","","","","","","","","","","","","","",""
"0","","","","","","","","","","","","","","","","","",""
"0","","","","","","","","","","","","","","","","","",""
"0","","","","","","","","","","","","","","","","","",""
"0","","","","","","","","","","","","","","","","","",""
"0","","","","","","","","","","","","","","","","","",""
"0","","","","","","","","","","","","","","","","","",""
"0","","","","","","","","","","","","","","","","","",""
"0","","","","","","","","","","","","","","","","","",""
"0","","","","","","","","","","","","","","","","","",""
"0","","","","","","","","","","","","","","","","","",""
"0","","","","","","","","","","","","","","","","","",""
"0","","","","","","","","","","","","","","","","","",""
"0","","","","","","","","","","","","","","","","","",""
"0","","","","","","","","","","","","","","","","","",""
"0","","","","","","","","","","","","","","","","","",""
"0","","","","","","","","","","","","","","","","","",""
"0","","","","","","","","","","","","","","","","","",""
"0","","","","","","","","","","","","","","","","","",""
"0","","","","","","","","","","","","","","","","","",""
"0","","","","","","","","","","","","","","","","","",""
"0","","","","","","","","","","","","","","","","","",""
"0","","","","","","","","","","","","","","","","","",""
"0","","","","","","","","","","","","","","","","","",""
"0","","","","","","","","","","","","","","","","","",""
"0","","","","","","","","","","","","","","","","","",""
"0","","","","","","","","","","","","","","","","","",""
"0","","","","","","","","","","","","","","","","","",""
"0","","","","","","","","","","","","","","","","","",""
"0","","","","","","","","","","","","","","","","","",""
"0","","","","","","","","","","","","","","","","","",""
"0","","","","","","","","","","","","","","","","","",""
"0","","","","","","","","","","","","","","","","","",""
"0","","","","","","","","","","","","","","","","","",""
"0","","","","","","","","","","","","","","","","","",""
"0","","","","","","","","","","","","","","","","","",""
"0","","","","","","","","","","","","","","","","","",""
"0","","","","","","","","","","","","","","","","","",""
"0","","","","","","","","","","","","","","","","","",""
"0","","","","","","","","","","","","","","","","","",""
"0","","","","","","","","","","","","","","","","","",""
"0","","","","","","","","","","","","","","","","","",""
"0","","","","","","","","","","","","","","","","","",""
"0","","","","","","","","","","","","","","","","","",""
"0","","","","","","","","","","","","","","","","","",""
"0","","","","","","","","","","","","","","","","","",""
"0","","","","","","","","","","","","","","","","","",""
"0","","","","","","","","","","","","","","","","","",""
"0","","","","","","","","","","","","","","","","","",""
"0","","","","","","","","","","","","","","","","","",""
"0","","","","","","","","","","","","","","","","","",""
"0","","","","","","","","","","","","","","","","","",""
"0","","","","","","","","","","","","","","","","","",""
"0","","","","","","","","","","","","","","","","","",""
"0","","","","","","","","","","","","","","","","","",""
"0","","","","","","","","","","","","","","","","","",""
"0","","","","","","","","","","","","","","","","","",""
"0","","","","","","","","","","","","","","","","","",""
"0","","","","","","","","","","","","","","","","","",""
"0","","","","","","","","","","","","","","","","","",""
"0","","","","","","","","","","","","","","","","","",""
"0","","","","","","","","","","","","","","","","","",""
"0","","","","","","","","","","","","","","","","","",""
"0","","","","","","","","","","","","","","","","","",""
"0","","","","","","","","","","","","","","","","","",""
"0","","","","","","","","","","","","","","","","","",""
"0","","","","","","","","","","","","","","","","","",""
"0","","","","","","","","","","","","","","","","","",""
"0","","","","","","","","","","","","","","","","","",""
"0","","","","","","","","","","","","","","","","","",""
"0","","","","","","","","","","","","","","","","","",""
"0","","","","","","","","","","","","","","","","","",""
"0","","","","","","","","","","","","","","","","","",""
"0","","","","","","","","","","","","","","","","","",""
"0","","","","","","","","","","","","","","","","","",""
"0","","","","","","","","","","","","","","","","","",""
"0","","","","","","","","","","","","","","","","","",""
"0","","","","","","","","","","","","","","","","","",""
"0","","","","","","","","","","","","","","","","","",""
"0","","","","","","","","","","","","","","","","","",""
"0","","","","","","","","","","","","","","","","","",""
"0","","","","","","","","","","","","","","","","","",""
"0","","","","","","","","","","","","","","","","","",""
"0","","","","","","","","","","","","","","","","","",""
"0","","","","","","","","","","","","","","","","","",""
"0","","","","","","","","","","","","","","","","","",""
"0","","","","","","","","","","","","","","","","","",""
"0","","","","","","","","","","","","","","","","","",""
"0","","","","","","","","","","","","","","","","","",""
"0","","","","","","","","","","","","","","","","","",""
"0","","","","","","","","","","","","","","","","","",""
"0","","","","","","","","","","","","","","","","","",""
"0","","","","","","","","","","","","","","","","","",""
"0","","","","","","","","","","","","","","","","","",""
"0","","","","","","","","","","","","","","","","","",""
"0","","","","","","","","","","","","","","","","","",""
"0","","","","","","","","","","","","","","","","","",""
"0","","","","","","","","","","","","","","","","","",""
"0","","","","","","","","","","","","","","","","","",""
"0","","","","","","","","","","","","","","","","","",""
"0","","","","","","","","","","","","","","","","","",""
"0","","","","","","","","","","","","","","","","","",""
"0","","","","","","","","","","","","","","","","","",""
"0","","","","","","","","","","","","","","","","","",""
"0","","","","","","","","","","","","","","","","","",""
"0","","","","","","","","","","","","","","","","","",""
"0","","","","","","","","","","","","","","","","","",""
"0","","","","","","","","","","","","","","","","","",""
"0","","","","","","","","","","","","","","","","","",""
"0","","","","","","","","","","","","","","","","","",""
"0","","","","","","","","","","","","","","","","","",""
"0","","","","","","","","","","","","","","","","","",""
"0","","","","","","","","","","","","","","","","","",""
"0","","","","","","","","","","","","","","","","","",""
"0","","","","","","","","","","","","","","","","","",""
"0","","","","","","","","","","","","","","","","","",""
"0","","","","","","","","","","","","","","","","","",""
"0","","","","","","","","","","","","","","","","","",""
"0","","","","","","","","","","","","","","","","","",""
"0","","","","","","","","","","","","","","","","","",""
"0","","","","","","","","","","","","","","","","","",""
"0","","","","","","","","","","","","","","","","","",""
"0","","","","","","","","","","","","","","","","","",""
"0","","","","","","","","","","","","","","","","","",""
"0","","","","","","","","","","","","","","","","","",""
"0","","","","","","","","","","","","","","","","","",""
"0","","","","","","","","","","","","","","","","","",""
"0","","","","","","","","","","","","","","","","","",""
"0","","","","","","","","","","","","","","","","","",""
"0","","","","","","","","","","","","","","","","","",""
"0","","","","","","","","","","","","","","","","","",""
"0","","","","","","","","","","","","","","","","","",""
"0","","","","","","","","","","","","","","","","","",""
"0","","","","","","","","","","","","","","","","","",""
"0","","","","","","","","","","","","","","","","","",""
"0","","","","","","","","","","","","","","","","","",""
"0","","","","","","","","","","","","","","","","","",""
"0","","","","","","","","","","","","","","","","","",""
"0","","","","","","","","","","","","","","","","","",""
"0","","","","","","","","","","","","","","","","","",""
"0","","","","","","","","","","","","","","","","","",""
"0","","","","","","","","","","","","","","","","","",""
"0","","","","","","","","","","","","","","","","","",""
"0","","","","","","","","","","","","","","","","","",""
"0","","","","","","","","","","","","","","","","","",""
"0","","","","","","","","","","","","","","","","","",""
"0","","","","","","","","","","","","","","","","","",""
"0","","","","","","","","","","","","","","","","","",""
"0","","","","","","","","","","","","","","","","","",""
"0","","","","","","","","","","","","","","","","","",""
"0","","","","","","","","","","","","","","","","","",""
"0","","","","","","","","","","","","","","","","","",""
"0","","","","","","","","","","","","","","","","","",""
"0","","","","","","","","","","","","","","","","","",""
"0","","","","","","","","","","","","","","","","","",""
"0","","","","","","","","","","","","","","","","","",""
"0","","","","","","","","","","","","","","","","","",""
"0","","","","","","","","","","","","","","","","","",""
"0","","","","","","","","","","","","","","","","","",""
"0","","","","","","","","","","","","","","","","","",""
"0","","","","","","","","","","","","","","","","","",""
"0","","","","","","","","","","","","","","","","","",""
"0","","","","","","","","","","","","","","","","","",""
"0","","","","","","","","","","","","","","","","","",""
"0","","","","","","","","","","","","","","","","","",""
"0","","","","","","","","","","","","","","","","","",""
"0","","","","","","","","","","","","","","","","","",""
"0","","","","","","","","","","","","","","","","","",""
"0","","","","","","","","","","","","","","","","","",""
"0","","","","","","","","","","","","","","","","","",""
"0","","","","","","","","","","","","","","","","","",""
"0","","","","","","","","","","","","","","","","","",""
"0","","","","","","","","","","","","","","","","","",""
"0","","","","","","","","","","","","","","","","","",""
"0","","","","","","","","","","","","","","","","","",""
"0","","","","","","","","","","","","","","","","","",""
"0","","","","","","","","","","","","","","","","","",""
"0","","","","","","","","","","","","","","","","","",""
"0","","","","","","","","","","","","","","","","","",""
"0","","","","","","","","","","","","","","","","","",""
"0","","","","","","","","","","","","","","","","","",""
"0","","","","","","","","","","","","","","","","","",""
"0","","","","","","","","","","","","","","","","","",""
"0","","","","","","","","","","","","","","","","","",""
"0","","","","","","","","","","","","","","","","","",""
"0","","","","","","","","","","","","","","","","","",""
"0","","","","","","","","","","","","","","","","","",""
"0","","","","","","","","","","","","","","","","","",""
"0","","","","","","","","","","","","","","","","","",""
"0","","","","","","","","","","","","","","","","","",""
"0","","","","","","","","","","","","","","","","","",""
"0","","","","","","","","","","","","","","","","","",""
"0","","","","","","","","","","","","","","","","","",""
"0","","","","","","","","","","","","","","","","","",""
"0","","","","","","","","","","","","","","","","","",""
"0","","","","","","","","","","","","","","","","","",""
"0","","","","","","","","","","","","","","","","","",""
"0","","","","","","","","","","","","","","","","","",""
"0","","","","","","","","","","","","","","","","","",""
"0","","","","","","","","","","","","","","","","","",""
"0","","","","","","","","","","","","","","","","","",""
"0","","","","","","","","","","","","","","","","","",""
"0","","","","","","","","","","","","","","","","","",""
"0","","","","","","","","","","","","","","","","","",""
"0","","","","","","","","","","","","","","","","","",""
"0","","","","","","","","","","","","","","","","","",""
"0","","","","","","","","","","","","","","","","","",""
"0","","","","","","","","","","","","","","","","","",""
"0","","","","","","","","","","","","","","","","","",""
"0","","","","","","","","","","","","","","","","","",""
"0","","","","","","","","","","","","","","","","","",""
"0","","","","","","","","","","","","","","","","","",""
"0","","","","","","","","","","","","","","","","","",""
"0","","","","","","","","","","","","","","","","","",""
"0","","","","","","","","","","","","","","","","","",""
"0","","","","","","","","","","","","","","","","","",""
"0","","","","","","","","","","","","","","","","","",""
"0","","","","","","","","","","","","","","","","","",""
"0","","","","","","","","","","","","","","","","","",""
"0","","","","","","","","","","","","","","","","","",""
"0","","","","","","","","","","","","","","","","","",""
"0","","","","","","","","","","","","","","","","","",""
"0","","","","","","","","","","","","","","","","","",""
"0","","","","","","","","","","","","","","","","","",""
"0","","","","","","","","","","","","","","","","","",""
"0","","","","","","","","","","","","","","","","","",""
"0","","","","","","","","","","","","","","","","","",""
"0","","","","","","","","","","","","","","","","","",""
"0","","","","","","","","","","","","","","","","","",""
"0","","","","","","","","","","","","","","","","","",""
"0","","","","","","","","","","","","","","","","","",""
"0","","","","","","","","","","","","","","","","","",""
"0","","","","","","","","","","","","","","","","","",""
"0","","","","","","","","","","","","","","","","","",""
"0","","","","","","","","","","","","","","","","","",""
"0","","","","","","","","","","","","","","","","","",""
"0","","","","","","","","","","","","","","","","","",""
"0","","","","","","","","","","","","","","","","","",""
"0","","","","","","","","","","","","","","","","","",""
"0","","","","","","","","","","","","","","","","","",""
"0","","","","","","","","","","","","","","","","","",""
"0","","","","","","","","","","","","","","","","","",""
"0","","","","","","","","","","","","","","","","","",""
"0","","","","","","","","","","","","","","","","","",""
"0","","","","","","","","","","","","","","","","","",""
"0","","","","","","","","","","","","","","","","","",""
"0","","","","","","","","","","","","","","","","","",""
"0","","","","","","","","","","","","","","","","","",""
"0","","","","","","","","","","","","","","","","","",""
"0","","","","","","","","","","","","","","","","","",""
"0","","","","","","","","","","","","","","","","","",""
"0","","","","","","","","","","","","","","","","","",""
"0","","","","","","","","","","","","","","","","","",""
"0","","","","","","","","","","","","","","","","","",""
"0","","","","","","","","","","","","","","","","","",""
"0","","","","","","","","","","","","","","","","","",""
"0","","","","","","","","","","","","","","","","","",""
"0","","","","","","","","","","","","","","","","","",""
"0","","","","","","","","","","","","","","","","","",""
"0","","","","","","","","","","","","","","","","","",""
"0","","","","","","","","","","","","","","","","","",""
"0","","","","","","","","","","","","","","","","","",""
"0","","","","","","","","","","","","","","","","","",""
"0","","","","","","","","","","","","","","","","","",""
"0","","","","","","","","","","","","","","","","","",""
"0","","","","","","","","","","","","","","","","","",""
"0","","","","","","","","","","","","","","","","","",""
"0","","","","","","","","","","","","","","","","","",""
"0","","","","","","","","","","","","","","","","","",""
"0","","","","","","","","","","","","","","","","","",""
"0","","","","","","","","","","","","","","","","","",""
"0","","","","","","","","","","","","","","","","","",""
"0","","","","","","","","","","","","","","","","","",""
"0","","","","","","","","","","","","","","","","","",""
"0","","","","","","","","","","","","","","","","","",""
"0","","","","","","","","","","","","","","","","","",""
"0","","","","","","","","","","","","","","","","","",""
"0","","","","","","","","","","","","","","","","","",""
"0","","","","","","","","","","","","","","","","","",""
"0","","","","","","","","","","","","","","","","","",""
"0","","","","","","","","","","","","","","","","","",""
"0","","","","","","","","","","","","","","","","","",""
"0","","","","","","","","","","","","","","","","","",""
"0","","","","","","","","","","","","","","","","","",""
"0","","","","","","","","","","","","","","","","","",""
"0","","","","","","","","","","","","","","","","","",""
"0","","","","","","","","","","","","","","","","","",""
"0","","","","","","","","","","","","","","","","","",""
"0","","","","","","","","","","","","","","","","","",""
"0","","","","","","","","","","","","","","","","","",""
"0","","","","","","","","","","","","","","","","","",""
"0","","","","","","","","","","","","","","","","","",""
"0","","","","","","","","","","","","","","","","","",""
"0","","","","","","","","","","","","","","","","","",""
"0","","","","","","","","","","","","","","","","","",""
"0","","","","","","","","","","","","","","","","","",""
"0","","","","","","","","","","","","","","","","","",""
"0","","","","","","","","","","","","","","","","","",""
"0","","","","","","","","","","","","","","","","","",""
"0","","","","","","","","","","","","","","","","","",""
"0","","","","","","","","","","","","","","","","","",""
"0","","","","","","","","","","","","","","","","","",""
"0","","","","","","","","","","","","","","","","","",""
"0","","","","","","","","","","","","","","","","","",""
"0","","","","","","","","","","","","","","","","","",""
"0","","","","","","","","","","","","","","","","","",""
"0","","","","","","","","","","","","","","","","","",""
"0","","","","","","","","","","","","","","","","","",""
"0","","","","","","","","","","","","","","","","","",""
"0","","","","","","","","","","","","","","","","","",""
"0","","","","","","","","","","","","","","","","","",""
"0","","","","","","","","","","","","","","","","","",""
"0","","","","","","","","","","","","","","","","","",""
"0","","","","","","","","","","","","","","","","","",""
"0","","","","","","","","","","","","","","","","","",""
"0","","","","","","","","","","","","","","","","","",""
"0","","","","","","","","","","","","","","","","","",""
"0","","","","","","","","","","","","","","","","","",""
"0","","","","","","","","","","","","","","","","","",""
"0","","","","","","","","","","","","","","","","","",""
"0","","","","","","","","","","","","","","","","","",""
"0","","","","","","","","","","","","","","","","","",""
"0","","","","","","","","","","","","","","","","","",""
"0","","","","","","","","","","","","","","","","","",""
"0","","","","","","","","","","","","","","","","","",""
"0","","","","","","","","","","","","","","","","","",""
"0","","","","","","","","","","","","","","","","","",""
"0","","","","","","","","","","","","","","","","","",""
"0","","","","","","","","","","","","","","","","","",""
"0","","","","","","","","","","","","","","","","","",""
"0","","","","","","","","","","","","","","","","","",""
"0","","","","","","","","","","","","","","","","","",""
"0","","","","","","","","","","","","","","","","","",""
"0","","","","","","","","","","","","","","","","","",""
"0","","","","","","","","","","","","","","","","","",""
"0","","","","","","","","","","","","","","","","","",""
"0","","","","","","","","","","","","","","","","","",""
"0","","","","","","","","","","","","","","","","","",""
"0","","","","","","","","","","","","","","","","","",""
"0","","","","","","","","","","","","","","","","","",""
"0","","","","","","","","","","","","","","","","","",""
"0","","","","","","","","","","","","","","","","","",""
"0","","","","","","","","","","","","","","","","","",""
"0","","","","","","","","","","","","","","","","","",""
"0","","","","","","","","","","","","","","","","","",""
"0","","","","","","","","","","","","","","","","","",""
"0","","","","","","","","","","","","","","","","","",""
"0","","","","","","","","","","","","","","","","","",""
"0","","","","","","","","","","","","","","","","","",""
"0","","","","","","","","","","","","","","","","","",""
"0","","","","","","","","","","","","","","","","","",""
"0","","","","","","","","","","","","","","","","","",""
"0","","","","","","","","","","","","","","","","","",""
"0","","","","","","","","","","","","","","","","","",""
"0","","","","","","","","","","","","","","","","","",""
"0","","","","","","","","","","","","","","","","","",""
"0","","","","","","","","","","","","","","","","","",""
"0","","","","","","","","","","","","","","","","","",""
"0","","","","","","","","","","","","","","","","","",""
"0","","","","","","","","","","","","","","","","","",""
"0","","","","","","","","","","","","","","","","","",""
"0","","","","","","","","","","","","","","","","","",""
"0","","","","","","","","","","","","","","","","","",""
"0","","","","","","","","","","","","","","","","","",""
"0","","","","","","","","","","","","","","","","","",""
"0","","","","","","","","","","","","","","","","","",""
"0","","","","","","","","","","","","","","","","","",""
"0","","","","","","","","","","","","","","","","","",""
"0","","","","","","","","","","","","","","","","","",""
"0","","","","","","","","","","","","","","","","","",""
"0","","","","","","","","","","","","","","","","","",""
"0","","","","","","","","","","","","","","","","","",""
"0","","","","","","","","","","","","","","","","","",""
"0","","","","","","","","","","","","","","","","","",""
"0","","","","","","","","","","","","","","","","","",""
"0","","","","","","","","","","","","","","","","","",""
"0","","","","","","","","","","","","","","","","","",""
"0","","","","","","","","","","","","","","","","","",""
"0","","","","","","","","","","","","","","","","","",""
"0","","","","","","","","","","","","","","","","","",""
"0","","","","","","","","","","","","","","","","","",""
"0","","","","","","","","","","","","","","","","","",""
"0","","","","","","","","","","","","","","","","","",""
"0","","","","","","","","","","","","","","","","","",""
"0","","","","","","","","","","","","","","","","","",""
"0","","","","","","","","","","","","","","","","","",""
"0","","","","","","","","","","","","","","","","","",""
"0","","","","","","","","","","","","","","","","","",""
"0","","","","","","","","","","","","","","","","","",""
"0","","","","","","","","","","","","","","","","","",""
"0","","","","","","","","","","","","","","","","","",""
"0","","","","","","","","","","","","","","","","","",""
"0","","","","","","","","","","","","","","","","","",""
"0","","","","","","","","","","","","","","","","","",""
"0","","","","","","","","","","","","","","","","","",""
"0","","","","","","","","","","","","","","","","","",""
"0","","","","","","","","","","","","","","","","","",""
"0","","","","","","","","","","","","","","","","","",""
"0","","","","","","","","","","","","","","","","","",""
"0","","","","","","","","","","","","","","","","","",""
"0","","","","","","","","","","","","","","","","","",""
"0","","","","","","","","","","","","","","","","","",""
"0","","","","","","","","","","","","","","","","","",""
"0","","","","","","","","","","","","","","","","","",""
"0","","","","","","","","","","","","","","","","","",""
"0","","","","","","","","","","","","","","","","","",""
"0","","","","","","","","","","","","","","","","","",""
"0","","","","","","","","","","","","","","","","","",""
"0","","","","","","","","","","","","","","","","","",""
"0","","","","","","","","","","","","","","","","","",""
"0","","","","","","","","","","","","","","","","","",""
"0","","","","","","","","","","","","","","","","","",""
"0","","","","","","","","","","","","","","","","","",""
"0","","","","","","","","","","","","","","","","","",""
"0","","","","","","","","","","","","","","","","","",""
"0","","","","","","","","","","","","","","","","","",""
"0","","","","","","","","","","","","","","","","","",""
"0","","","","","","","","","","","","","","","","","",""
"0","","","","","","","","","","","","","","","","","",""
"0","","","","","","","","","","","","","","","","","",""
"0","","","","","","","","","","","","","","","","","",""
"0","","","","","","","","","","","","","","","","","",""
"0","","","","","","","","","","","","","","","","","",""
"0","","","","","","","","","","","","","","","","","",""
"0","","","","","","","","","","","","","","","","","",""
"0","","","","","","","","","","","","","","","","","",""
"0","","","","","","","","","","","","","","","","","",""
"0","","","","","","","","","","","","","","","","","",""
"0","","","","","","","","","","","","","","","","","",""
"0","","","","","","","","","","","","","","","","","",""
"0","","","","","","","","","","","","","","","","","",""
"0","","","","","","","","","","","","","","","","","",""
"0","","","","","","","","","","","","","","","","","",""
"0","","","","","","","","","","","","","","","","","",""
"0","","","","","","","","","","","","","","","","","",""
"0","","","","","","","","","","","","","","","","","",""
"0","","","","","","","","","","","","","","","","","",""
"0","","","","","","","","","","","","","","","","","",""
"0","","","","","","","","","","","","","","","","","",""
"0","","","","","","","","","","","","","","","","","",""
"0","","","","","","","","","","","","","","","","","",""
"0","","","","","","","","","","","","","","","","","",""
"0","","","","","","","","","","","","","","","","","",""
"0","","","","","","","","","","","","","","","","","",""
"0","","","","","","","","","","","","","","","","","",""
"0","","","","","","","","","","","","","","","","","",""
"0","","","","","","","","","","","","","","","","","",""
"0","","","","","","","","","","","","","","","","","",""
"0","","","","","","","","","","","","","","","","","",""
"0","","","","","","","","","","","","","","","","","",""
"0","","","","","","","","","","","","","","","","","",""
"0","","","","","","","","","","","","","","","","","",""
"0","","","","","","","","","","","","","","","","","",""
"0","","","","","","","","","","","","","","","","","",""
"0","","","","","","","","","","","","","","","","","",""
"0","","","","","","","","","","","","","","","","","",""
"0","","","","","","","","","","","","","","","","","",""
"0","","","","","","","","","","","","","","","","","",""
"0","","","","","","","","","","","","","","","","","",""
"0","","","","","","","","","","","","","","","","","",""
"0","","","","","","","","","","","","","","","","","",""
"0","","","","","","","","","","","","","","","","","",""
"0","","","","","","","","","","","","","","","","","",""
"0","","","","","","","","","","","","","","","","","",""
"0","","","","","","","","","","","","","","","","","",""
"0","","","","","","","","","","","","","","","","","",""
"0","","","","","","","","","","","","","","","","","",""
"0","","","","","","","","","","","","","","","","","",""
"0","","","","","","","","","","","","","","","","","",""
"0","","","","","","","","","","","","","","","","","",""
"0","","","","","","","","","","","","","","","","","",""
"0","","","","","","","","","","","","","","","","","",""
"0","","","","","","","","","","","","","","","","","",""
"0","","","","","","","","","","","","","","","","","",""
"0","","","","","","","","","","","","","","","","","",""
"0","","","","","","","","","","","","","","","","","",""
"0","","","","","","","","","","","","","","","","","",""
"0","","","","","","","","","","","","","","","","","",""
"0","","","","","","","","","","","","","","","","","",""
"0","","","","","","","","","","","","","","","","","",""
"0","","","","","","","","","","","","","","","","","",""
"0","","","","","","","","","","","","","","","","","",""
"0","","","","","","","","","","","","","","","","","",""
"0","","","","","","","","","","","","","","","","","",""
"0","","","","","","","","","","","","","","","","","",""
"0","","","","","","","","","","","","","","","","","",""
"0","","","","","","","","","","","","","","","","","",""
"0","","","","","","","","","","","","","","","","","",""
"0","","","","","","","","","","","","","","","","","",""
"0","","","","","","","","","","","","","","","","","",""
"0","","","","","","","","","","","","","","","","","",""
"0","","","","","","","","","","","","","","","","","",""
"0","","","","","","","","","","","","","","","","","",""
"0","","","","","","","","","","","","","","","","","",""
"0","","","","","","","","","","","","","","","","","",""
"0","","","","","","","","","","","","","","","","","",""
"0","","","","","","","","","","","","","","","","","",""
"0","","","","","","","","","","","","","","","","","",""
"0","","","","","","","","","","","","","","","","","",""
"0","","","","","","","","","","","","","","","","","",""
"0","","","","","","","","","","","","","","","","","",""
"0","","","","","","","","","","","","","","","","","",""
"0","","","","","","","","","","","","","","","","","",""
"0","","","","","","","","","","","","","","","","","",""
"0","","","","","","","","","","","","","","","","","",""
"0","","","","","","","","","","","","","","","","","",""
"0","","","","","","","","","","","","","","","","","",""
"0","","","","","","","","","","","","","","","","","",""
"0","","","","","","","","","","","","","","","","","",""
"0","","","","","","","","","","","","","","","","","",""
"0","","","","","","","","","","","","","","","","","",""
"0","","","","","","","","","","","","","","","","","",""
"0","","","","","","","","","","","","","","","","","",""
"0","","","","","","","","","","","","","","","","","",""
"0","","","","","","","","","","","","","","","","","",""
"0","","","","","","","","","","","","","","","","","",""
"0","","","","","","","","","","","","","","","","","",""
"0","","","","","","","","","","","","","","","","","",""
"0","","","","","","","","","","","","","","","","","",""
"0","","","","","","","","","","","","","","","","","",""
"0","","","","","","","","","","","","","","","","","",""
"0","","","","","","","","","","","","","","","","","",""
"0","","","","","","","","","","","","","","","","","",""
"0","","","","","","","","","","","","","","","","","",""
"0","","","","","","","","","","","","","","","","","",""
"0","","","","","","","","","","","","","","","","","",""
"0","","","","","","","","","","","","","","","","","",""
"0","","","","","","","","","","","","","","","","","",""
"0","","","","","","","","","","","","","","","","","",""
"0","","","","","","","","","","","","","","","","","",""
"0","","","","","","","","","","","","","","","","","",""
"0","","","","","","","","","","","","","","","","","",""
"0","","","","","","","","","","","","","","","","","",""
"0","","","","","","","","","","","","","","","","","",""
"0","","","","","","","","","","","","","","","","","",""
"0","","","","","","","","","","","","","","","","","",""
"0","","","","","","","","","","","","","","","","","",""
"0","","","","","","","","","","","","","","","","","",""
"0","","","","","","","","","","","","","","","","","",""
"0","","","","","","","","","","","","","","","","","",""
"0","","","","","","","","","","","","","","","","","",""
"0","","","","","","","","","","","","","","","","","",""
"0","","","","","","","","","","","","","","","","","",""
"0","","","","","","","","","","","","","","","","","",""
"0","","","","","","","","","","","","","","","","","",""
"0","","","","","","","","","","","","","","","","","",""
"0","","","","","","","","","","","","","","","","","",""
"0","","","","","","","","","","","","","","","","","",""
"0","","","","","","","","","","","","","","","","","",""
"0","","","","","","","","","","","","","","","","","",""
"0","","","","","","","","","","","","","","","","","",""
"0","","","","","","","","","","","","","","","","","",""
"0","","","","","","","","","","","","","","","","","",""
"0","","","","","","","","","","","","","","","","","",""
"0","","","","","","","","","","","","","","","","","",""
"0","","","","","","","","","","","","","","","","","",""
"0","","","","","","","","","","","","","","","","","",""
"0","","","","","","","","","","","","","","","","","",""
"0","","","","","","","","","","","","","","","","","",""
"0","","","","","","","","","","","","","","","","","",""
"0","","","","","","","","","","","","","","","","","",""
"0","","","","","","","","","","","","","","","","","",""
"0","","","","","","","","","","","","","","","","","",""
"0","","","","","","","","","","","","","","","","","",""
"0","","","","","","","","","","","","","","","","","",""
"0","","","","","","","","","","","","","","","","","",""
"0","","","","","","","","","","","","","","","","","",""
"0","","","","","","","","","","","","","","","","","",""
"0","","","","","","","","","","","","","","","","","",""
"0","","","","","","","","","","","","","","","","","",""
"0","","","","","","","","","","","","","","","","","",""
"0","","","","","","","","","","","","","","","","","",""
"0","","","","","","","","","","","","","","","","","",""
"0","","","","","","","","","","","","","","","","","",""
"0","","","","","","","","","","","","","","","","","",""
"0","","","","","","","","","","","","","","","","","",""
"0","","","","","","","","","","","","","","","","","",""
"0","","","","","","","","","","","","","","","","","",""
"0","","","","","","","","","","","","","","","","","",""
"0","","","","","","","","","","","","","","","","","",""
"0","","","","","","","","","","","","","","","","","",""
"0","","","","","","","","","","","","","","","","","",""
"0","","","","","","","","","","","","","","","","","",""
"0","","","","","","","","","","","","","","","","","",""
"0","","","","","","","","","","","","","","","","","",""
"0","","","","","","","","","","","","","","","","","",""
"0","","","","","","","","","","","","","","","","","",""
"0","","","","","","","","","","","","","","","","","",""
"0","","","","","","","","","","","","","","","","","",""
"0","","","","","","","","","","","","","","","","","",""
"0","","","","","","","","","","","","","","","","","",""
"0","","","","","","","","","","","","","","","","","",""
"0","","","","","","","","","","","","","","","","","",""
"0","","","","","","","","","","","","","","","","","",""
"0","","","","","","","","","","","","","","","","","",""
"0","","","","","","","","","","","","","","","","","",""
"0","","","","","","","","","","","","","","","","","",""
"0","","","","","","","","","","","","","","","","","",""
"0","","","","","","","","","","","","","","","","","",""
"0","","","","","","","","","","","","","","","","","",""
"0","","","","","","","","","","","","","","","","","",""
"0","","","","","","","","","","","","","","","","","",""
"0","","","","","","","","","","","","","","","","","",""
"0","","","","","","","","","","","","","","","","","",""
"0","","","","","","","","","","","","","","","","","",""
"0","","","","","","","","","","","","","","","","","",""
"0","","","","","","","","","","","","","","","","","",""
"0","","","","","","","","","","","","","","","","","",""
"0","","","","","","","","","","","","","","","","","",""
"0","","","","","","","","","","","","","","","","","",""
"0","","","","","","","","","","","","","","","","","",""
"0","","","","","","","","","","","","","","","","","",""
"0","","","","","","","","","","","","","","","","","",""
"0","","","","","","","","","","","","","","","","","",""
"0","","","","","","","","","","","","","","","","","",""
"0","","","","","","","","","","","","","","","","","",""
"0","","","","","","","","","","","","","","","","","",""
"0","","","","","","","","","","","","","","","","","",""
"0","","","","","","","","","","","","","","","","","",""
"0","","","","","","","","","","","","","","","","","",""
"0","","","","","","","","","","","","","","","","","",""
"0","","","","","","","","","","","","","","","","","",""
"0","","","","","","","","","","","","","","","","","",""
"0","","","","","","","","","","","","","","","","","",""
"0","","","","","","","","","","","","","","","","","",""
"0","","","","","","","","","","","","","","","","","",""
"0","","","","","","","","","","","","","","","","","",""
"0","","","","","","","","","","","","","","","","","",""
"0","","","","","","","","","","","","","","","","","",""
"0","","","","","","","","","","","","","","","","","",""
"0","","","","","","","","","","","","","","","","","",""
"0","","","","","","","","","","","","","","","","","",""
"0","","","","","","","","","","","","","","","","","",""
"0","","","","","","","","","","","","","","","","","",""
"0","","","","","","","","","","","","","","","","","",""
"0","","","","","","","","","","","","","","","","","",""
"0","","","","","","","","","","","","","","","","","",""
"0","","","","","","","","","","","","","","","","","",""
"0","","","","","","","","","","","","","","","","","",""
"0","","","","","","","","","","","","","","","","","",""
"0","","","","","","","","","","","","","","","","","",""
"0","","","","","","","","","","","","","","","","","",""
"0","","","","","","","","","","","","","","","","","",""
"0","","","","","","","","","","","","","","","","","",""
"0","","","","","","","","","","","","","","","","","",""
"0","","","","","","","","","","","","","","","","","",""
"0","","","","","","","","","","","","","","","","","",""
"0","","","","","","","","","","","","","","","","","",""
"0","","","","","","","","","","","","","","","","","",""
"0","","","","","","","","","","","","","","","","","",""
"0","","","","","","","","","","","","","","","","","",""
"0","","","","","","","","","","","","","","","","","",""
"0","","","","","","","","","","","","","","","","","",""
"0","","","","","","","","","","","","","","","","","",""
"0","","","","","","","","","","","","","","","","","",""
"0","","","","","","","","","","","","","","","","","",""
"0","","","","","","","","","","","","","","","","","",""
"0","","","","","","","","","","","","","","","","","",""
"0","","","","","","","","","","","","","","","","","",""
"0","","","","","","","","","","","","","","","","","",""
"0","","","","","","","","","","","","","","","","","",""
"0","","","","","","","","","","","","","","","","","",""
"0","","","","","","","","","","","","","","","","","",""
"0","","","","","","","","","","","","","","","","","",""
"0","","","","","","","","","","","","","","","","","",""
"0","","","","","","","","","","","","","","","","","",""
"0","","","","","","","","","","","","","","","","","",""
"0","","","","","","","","","","","","","","","","","",""
"0","","","","","","","","","","","","","","","","","",""
"0","","","","","","","","","","","","","","","","","",""
"0","","","","","","","","","","","","","","","","","",""
"0","","","","","","","","","","","","","","","","","",""
"0","","","","","","","","","","","","","","","","","",""
"0","","","","","","","","","","","","","","","","","",""
"0","","","","","","","","","","","","","","","","","",""
"0","","","","","","","","","","","","","","","","","",""
"0","","","","","","","","","","","","","","","","","",""
"0","","","","","","","","","","","","","","","","","",""
"0","","","","","","","","","","","","","","","","","",""
"0","","","","","","","","","","","","","","","","","",""
"0","","","","","","","","","","","","","","","","","",""
"0","","","","","","","","","","","","","","","","","",""
"0","","","","","","","","","","","","","","","","","",""
"0","","","","","","","","","","","","","","","","","",""
"0","","","","","","","","","","","","","","","","","",""
"0","","","","","","","","","","","","","","","","","",""
"0","","","","","","","","","","","","","","","","","",""
"0","","","","","","","","","","","","","","","","","",""
"0","","","","","","","","","","","","","","","","","",""
"0","","","","","","","","","","","","","","","","","",""
"0","","","","","","","","","","","","","","","","","",""
"0","","","","","","","","","","","","","","","","","",""
"0","","","","","","","","","","","","","","","","","",""
"0","","","","","","","","","","","","","","","","","",""
"0","","","","","","","","","","","","","","","","","",""
"0","","","","","","","","","","","","","","","","","",""
"0","","","","","","","","","","","","","","","","","",""
"0","","","","","","","","","","","","","","","","","",""
"0","","","","","","","","","","","","","","","","","",""
"0","","","","","","","","","","","","","","","","","",""
"0","","","","","","","","","","","","","","","","","",""
"0","","","","","","","","","","","","","","","","","",""
"0","","","","","","","","","","","","","","","","","",""
"0","","","","","","","","","","","","","","","","","",""
"0","","","","","","","","","","","","","","","","","",""
"0","","","","","","","","","","","","","","","","","",""
"0","","","","","","","","","","","","","","","","","",""
"0","","","","","","","","","","","","","","","","","",""
"0","","","","","","","","","","","","","","","","","",""
"0","","","","","","","","","","","","","","","","","",""
"0","","","","","","","","","","","","","","","","","",""
"0","","","","","","","","","","","","","","","","","",""
"0","","","","","","","","","","","","","","","","","",""
"0","","","","","","","","","","","","","","","","","",""
"0","","","","","","","","","","","","","","","","","",""
"0","","","","","","","","","","","","","","","","","",""
"0","","","","","","","","","","","","","","","","","",""
"0","","","","","","","","","","","","","","","","","",""
"0","","","","","","","","","","","","","","","","","",""
"0","","","","","","","","","","","","","","","","","",""
"0","","","","","","","","","","","","","","","","","",""
"0","","","","","","","","","","","","","","","","","",""
"0","","","","","","","","","","","","","","","","","",""
"0","","","","","","","","","","","","","","","","","",""
"0","","","","","","","","","","","","","","","","","",""
"0","","","","","","","","","","","","","","","","","",""
"0","","","","","","","","","","","","","","","","","",""
"0","","","","","","","","","","","","","","","","","",""
"0","","","","","","","","","","","","","","","","","",""
"0","","","","","","","","","","","","","","","","","",""
"0","","","","","","","","","","","","","","","","","",""
"0","","","","","","","","","","","","","","","","","",""
"0","","","","","","","","","","","","","","","","","",""
"0","","","","","","","","","","","","","","","","","",""
"0","","","","","","","","","","","","","","","","","",""
"0","","","","","","","","","","","","","","","","","",""
"0","","","","","","","","","","","","","","","","","",""
"0","","","","","","","","","","","","","","","","","",""
"0","","","","","","","","","","","","","","","","","",""
"0","","","","","","","","","","","","","","","","","",""
"0","","","","","","","","","","","","","","","","","",""
"0","","","","","","","","","","","","","","","","","",""
"0","","","","","","","","","","","","","","","","","",""
"0","","","","","","","","","","","","","","","","","",""
"0","","","","","","","","","","","","","","","","","",""
"0","","","","","","","","","","","","","","","","","",""
"0","","","","","","","","","","","","","","","","","",""
"0","","","","","","","","","","","","","","","","","",""
"0","","","","","","","","","","","","","","","","","",""
"0","","","","","","","","","","","","","","","","","",""
"0","","","","","","","","","","","","","","","","","",""
"0","","","","","","","","","","","","","","","","","",""
"0","","","","","","","","","","","","","","","","","",""
"0","","","","","","","","","","","","","","","","","",""
"0","","","","","","","","","","","","","","","","","",""
"0","","","","","","","","","","","","","","","","","",""
"0","","","","","","","","","","","","","","","","","",""
"0","","","","","","","","","","","","","","","","","",""
"0","","","","","","","","","","","","","","","","","",""
"0","","","","","","","","","","","","","","","","","",""
"0","","","","","","","","","","","","","","","","","",""
"0","","","","","","","","","","","","","","","","","",""
"0","","","","","","","","","","","","","","","","","",""
"0","","","","","","","","","","","","","","","","","",""
"0","","","","","","","","","","","","","","","","","",""
"0","","","","","","","","","","","","","","","","","",""
"0","","","","","","","","","","","","","","","","","",""
"0","","","","","","","","","","","","","","","","","",""
"0","","","","","","","","","","","","","","","","","",""
"0","","","","","","","","","","","","","","","","","",""
"0","","","","","","","","","","","","","","","","","",""
"0","","","","","","","","","","","","","","","","","",""
"0","","","","","","","","","","","","","","","","","",""
"0","","","","","","","","","","","","","","","","","",""
"0","","","","","","","","","","","","","","","","","",""
"0","","","","","","","","","","","","","","","","","",""
"0","","","","","","","","","","","","","","","","","",""
"0","","","","","","","","","","","","","","","","","",""
"0","","","","","","","","","","","","","","","","","",""
"0","","","","","","","","","","","","","","","","","",""
"0","","","","","","","","","","","","","","","","","",""
"0","","","","","","","","","","","","","","","","","",""
"0","","","","","","","","","","","","","","","","","",""
"0","","","","","","","","","","","","","","","","","",""
"0","","","","","","","","","","","","","","","","","",""
"0","","","","","","","","","","","","","","","","","",""
"0","","","","","","","","","","","","","","","","","",""
"0","","","","","","","","","","","","","","","","","",""
"0","","","","","","","","","","","","","","","","","",""
"0","","","","","","","","","","","","","","","","","",""
"0","","","","","","","","","","","","","","","","","",""
"0","","","","","","","","","","","","","","","","","",""
"0","","","","","","","","","","","","","","","","","",""
"0","","","","","","","","","","","","","","","","","",""
"0","","","","","","","","","","","","","","","","","",""
"0","","","","","","","","","","","","","","","","","",""
"0","","","","","","","","","","","","","","","","","",""
"0","","","","","","","","","","","","","","","","","",""
"0","","","","","","","","","","","","","","","","","",""
"0","","","","","","","","","","","","","","","","","",""
"0","","","","","","","","","","","","","","","","","",""
"0","","","","","","","","","","","","","","","","","",""
"0","","","","","","","","","","","","","","","","","",""
"0","","","","","","","","","","","","","","","","","",""
"0","","","","","","","","","","","","","","","","","",""
"0","","","","","","","","","","","","","","","","","",""
"0","","","","","","","","","","","","","","","","","",""
"0","","","","","","","","","","","","","","","","","",""
"0","","","","","","","","","","","","","","","","","",""
"0","","","","","","","","","","","","","","","","","",""
"0","","","","","","","","","","","","","","","","","",""
"0","","","","","","","","","","","","","","","","","",""
"0","","","","","","","","","","","","","","","","","",""
"0","","","","","","","","","","","","","","","","","",""
"0","","","","","","","","","","","","","","","","","",""
"0","","","","","","","","","","","","","","","","","",""
"0","","","","","","","","","","","","","","","","","",""
"0","","","","","","","","","","","","","","","","","",""
"0","","","","","","","","","","","","","","","","","",""
"0","","","","","","","","","","","","","","","","","",""
"0","","","","","","","","","","","","","","","","","",""
"0","","","","","","","","","","","","","","","","","",""
"0","","","","","","","","","","","","","","","","","",""
"0","","","","","","","","","","","","","","","","","",""
"0","","","","","","","","","","","","","","","","","",""
"0","","","","","","","","","","","","","","","","","",""
"0","","","","","","","","","","","","","","","","","",""
"0","","","","","","","","","","","","","","","","","",""
"0","","","","","","","","","","","","","","","","","",""
"0","","","","","","","","","","","","","","","","","",""
"0","","","","","","","","","","","","","","","","","",""
"0","","","","","","","","","","","","","","","","","",""
"0","","","","","","","","","","","","","","","","","",""
"0","","","","","","","","","","","","","","","","","",""
"0","","","","","","","","","","","","","","","","","",""
"0","","","","","","","","","","","","","","","","","",""
"0","","","","","","","","","","","","","","","","","",""
"0","","","","","","","","","","","","","","","","","",""
"0","","","","","","","","","","","","","","","","","",""
"0","","","","","","","","","","","","","","","","","",""
"0","","","","","","","","","","","","","","","","","",""
"0","","","","","","","","","","","","","","","","","",""
"0","","","","","","","","","","","","","","","","","",""
"0","","","","","","","","","","","","","","","","","",""
"0","","","","","","","","","","","","","","","","","",""
"0","","","","","","","","","","","","","","","","","",""
"0","","","","","","","","","","","","","","","","","",""
"0","","","","","","","","","","","","","","","","","",""
"0","","","","","","","","","","","","","","","","","",""
"0","","","","","","","","","","","","","","","","","",""
"0","","","","","","","","","","","","","","","","","",""
"0","","","","","","","","","","","","","","","","","",""
"0","","","","","","","","","","","","","","","","","",""
"0","","","","","","","","","","","","","","","","","",""
"0","","","","","","","","","","","","","","","","","",""
"0","","","","","","","","","","","","","","","","","",""
"0","","","","","","","","","","","","","","","","","",""
"0","","","","","","","","","","","","","","","","","",""
"0","","","","","","","","","","","","","","","","","",""
"0","","","","","","","","","","","","","","","","","",""
"0","","","","","","","","","","","","","","","","","",""
"0","","","","","","","","","","","","","","","","","",""
"0","","","","","","","","","","","","","","","","","",""
"0","","","","","","","","","","","","","","","","","",""
"0","","","","","","","","","","","","","","","","","",""
"0","","","","","","","","","","","","","","","","","",""
"0","","","","","","","","","","","","","","","","","",""
"0","","","","","","","","","","","","","","","","","",""
"0","","","","","","","","","","","","","","","","","",""
"0","","","","","","","","","","","","","","","","","",""
"0","","","","","","","","","","","","","","","","","",""
"0","","","","","","","","","","","","","","","","","",""
"0","","","","","","","","","","","","","","","","","",""
"0","","","","","","","","","","","","","","","","","",""
"0","","","","","","","","","","","","","","","","","",""
"0","","","","","","","","","","","","","","","","","",""
"0","","","","","","","","","","","","","","","","","",""
"0","","","","","","","","","","","","","","","","","",""
"0","","","","","","","","","","","","","","","","","",""
"0","","","","","","","","","","","","","","","","","",""
"0","","","","","","","","","","","","","","","","","",""
"0","","","","","","","","","","","","","","","","","",""
"0","","","","","","","","","","","","","","","","","",""
"0","","","","","","","","","","","","","","","","","",""
"0","","","","","","","","","","","","","","","","","",""
"0","","","","","","","","","","","","","","","","","",""
"0","","","","","","","","","","","","","","","","","",""
"0","","","","","","","","","","","","","","","","","",""
"0","","","","","","","","","","","","","","","","","",""
"0","","","","","","","","","","","","","","","","","",""
"0","","","","","","","","","","","","","","","","","",""
"0","","","","","","","","","","","","","","","","","",""
"0","","","","","","","","","","","","","","","","","",""
"0","","","","","","","","","","","","","","","","","",""
"0","","","","","","","","","","","","","","","","","",""
"0","","","","","","","","","","","","","","","","","",""
"0","","","","","","","","","","","","","","","","","",""
"0","","","","","","","","","","","","","","","","","",""
"0","","","","","","","","","","","","","","","","","",""
"0","","","","","","","","","","","","","","","","","",""
"0","","","","","","","","","","","","","","","","","",""
"0","","","","","","","","","","","","","","","","","",""
"0","","","","","","","","","","","","","","","","","",""
"0","","","","","","","","","","","","","","","","","",""
"0","","","","","","","","","","","","","","","","","",""
"0","","","","","","","","","","","","","","","","","",""
"0","","","","","","","","","","","","","","","","","",""
"0","","","","","","","","","","","","","","","","","",""
"0","","","","","","","","","","","","","","","","","",""
"0","","","","","","","","","","","","","","","","","",""
"0","","","","","","","","","","","","","","","","","",""
"0","","","","","","","","","","","","","","","","","",""
"0","","","","","","","","","","","","","","","","","",""
"0","","","","","","","","","","","","","","","","","",""
"0","","","","","","","","","","","","","","","","","",""
"0","","","","","","","","","","","","","","","","","",""
"0","","","","","","","","","","","","","","","","","",""
"0","","","","","","","","","","","","","","","","","",""
"0","","","","","","","","","","","","","","","","","",""
"0","","","","","","","","","","","","","","","","","",""
"0","","","","","","","","","","","","","","","","","",""
"0","","","","","","","","","","","","","","","","","",""
"0","","","","","","","","","","","","","","","","","",""
"0","","","","","","","","","","","","","","","","","",""
"0","","","","","","","","","","","","","","","","","",""
"0","","","","","","","","","","","","","","","","","",""
"0","","","","","","","","","","","","","","","","","",""
"0","","","","","","","","","","","","","","","","","",""
"0","","","","","","","","","","","","","","","","","",""
"0","","","","","","","","","","","","","","","","","",""
"0","","","","","","","","","","","","","","","","","",""
"0","","","","","","","","","","","","","","","","","",""
"0","","","","","","","","","","","","","","","","","",""
"0","","","","","","","","","","","","","","","","","",""
"0","","","","","","","","","","","","","","","","","",""
"0","","","","","","","","","","","","","","","","","",""
"0","","","","","","","","","","","","","","","","","",""
"0","","","","","","","","","","","","","","","","","",""
"0","","","","","","","","","","","","","","","","","",""
"0","","","","","","","","","","","","","","","","","",""
"0","","","","","","","","","","","","","","","","","",""
"0","","","","","","","","","","","","","","","","","",""
"0","","","","","","","","","","","","","","","","","",""
"0","","","","","","","","","","","","","","","","","",""
"0","","","","","","","","","","","","","","","","","",""
"0","","","","","","","","","","","","","","","","","",""
"0","","","","","","","","","","","","","","","","","",""
"0","","","","","","","","","","","","","","","","","",""
"0","","","","","","","","","","","","","","","","","",""
"0","","","","","","","","","","","","","","","","","",""
"0","","","","","","","","","","","","","","","","","",""
"0","","","","","","","","","","","","","","","","","",""
"0","","","","","","","","","","","","","","","","","",""
"0","","","","","","","","","","","","","","","","","",""
"0","","","","","","","","","","","","","","","","","",""
"0","","","","","","","","","","","","","","","","","",""
"0","","","","","","","","","","","","","","","","","",""
"0","","","","","","","","","","","","","","","","","",""
"0","","","","","","","","","","","","","","","","","",""
"0","","","","","","","","","","","","","","","","","",""
"0","","","","","","","","","","","","","","","","","",""
"0","","","","","","","","","","","","","","","","","",""
"0","","","","","","","","","","","","","","","","","",""
"0","","","","","","","","","","","","","","","","","",""
"0","","","","","","","","","","","","","","","","","",""
"0","","","","","","","","","","","","","","","","","",""
"0","","","","","","","","","","","","","","","","","",""
"0","","","","","","","","","","","","","","","","","",""
"0","","","","","","","","","","","","","","","","","",""
"0","","","","","","","","","","","","","","","","","",""
"0","","","","","","","","","","","","","","","","","",""
"0","","","","","","","","","","","","","","","","","",""
"0","","","","","","","","","","","","","","","","","",""
"0","","","","","","","","","","","","","","","","","",""
"0","","","","","","","","","","","","","","","","","",""
"0","","","","","","","","","","","","","","","","","",""
"0","","","","","","","","","","","","","","","","","",""
"0","","","","","","","","","","","","","","","","","",""
"0","","","","","","","","","","","","","","","","","",""
"0","","","","","","","","","","","","","","","","","",""
"0","","","","","","","","","","","","","","","","","",""
"0","","","","","","","","","","","","","","","","","",""
"0","","","","","","","","","","","","","","","","","",""
"0","","","","","","","","","","","","","","","","","",""
"0","","","","","","","","","","","","","","","","","",""
"0","","","","","","","","","","","","","","","","","",""
"0","","","","","","","","","","","","","","","","","",""
"0","","","","","","","","","","","","","","","","","",""
"0","","","","","","","","","","","","","","","","","",""
"0","","","","","","","","","","","","","","","","","",""
"0","","","","","","","","","","","","","","","","","",""
"0","","","","","","","","","","","","","","","","","",""
"0","","","","","","","","","","","","","","","","","",""
"0","","","","","","","","","","","","","","","","","",""
"0","","","","","","","","","","","","","","","","","",""
"0","","","","","","","","","","","","","","","","","",""
"0","","","","","","","","","","","","","","","","","",""
"0","","","","","","","","","","","","","","","","","",""
"0","","","","","","","","","","","","","","","","","",""
"0","","","","","","","","","","","","","","","","","",""
"0","","","","","","","","","","","","","","","","","",""
"0","","","","","","","","","","","","","","","","","",""
"0","","","","","","","","","","","","","","","","","",""
"0","","","","","","","","","","","","","","","","","",""
"0","","","","","","","","","","","","","","","","","",""
"0","","","","","","","","","","","","","","","","","",""
"0","","","","","","","","","","","","","","","","","",""
"0","","","","","","","","","","","","","","","","","",""
"0","","","","","","","","","","","","","","","","","",""
"0","","","","","","","","","","","","","","","","","",""
"0","","","","","","","","","","","","","","","","","",""
"0","","","","","","","","","","","","","","","","","",""
"0","","","","","","","","","","","","","","","","","",""
"0","","","","","","","","","","","","","","","","","",""
"0","","","","","","","","","","","","","","","","","",""
"0","","","","","","","","","","","","","","","","","",""
"0","","","","","","","","","","","","","","","","","",""
"0","","","","","","","","","","","","","","","","","",""
"0","","","","","","","","","","","","","","","","","",""
"0","","","","","","","","","","","","","","","","","",""
"0","","","","","","","","","","","","","","","","","",""
"0","","","","","","","","","","","","","","","","","",""
"0","","","","","","","","","","","","","","","","","",""
"0","","","","","","","","","","","","","","","","","",""
"0","","","","","","","","","","","","","","","","","",""
"0","","","","","","","","","","","","","","","","","",""
"0","","","","","","","","","","","","","","","","","",""
"0","","","","","","","","","","","","","","","","","",""
"0","","","","","","","","","","","","","","","","","",""
"0","","","","","","","","","","","","","","","","","",""
"0","","","","","","","","","","","","","","","","","",""
"0","","","","","","","","","","","","","","","","","",""
"0","","","","","","","","","","","","","","","","","",""
"0","","","","","","","","","","","","","","","","","",""
"0","","","","","","","","","","","","","","","","","",""
"0","","","","","","","","","","","","","","","","","",""
"0","","","","","","","","","","","","","","","","","",""
"0","","","","","","","","","","","","","","","","","",""
"0","","","","","","","","","","","","","","","","","",""
"0","","","","","","","","","","","","","","","","","",""
"0","","","","","","","","","","","","","","","","","",""
"0","","","","","","","","","","","","","","","","","",""
"0","","","","","","","","","","","","","","","","","",""
"0","","","","","","","","","","","","","","","","","",""
"0","","","","","","","","","","","","","","","","","",""
"0","","","","","","","","","","","","","","","","","",""
"0","","","","","","","","","","","","","","","","","",""
"0","","","","","","","","","","","","","","","","","",""
"0","","","","","","","","","","","","","","","","","",""
"0","","","","","","","","","","","","","","","","","",""
"0","","","","","","","","","","","","","","","","","",""
"0","","","","","","","","","","","","","","","","","",""
"0","","","","","","","","","","","","","","","","","",""
"0","","","","","","","","","","","","","","","","","",""
"0","","","","","","","","","","","","","","","","","",""
"0","","","","","","","","","","","","","","","","","",""
"0","","","","","","","","","","","","","","","","","",""
"0","","","","","","","","","","","","","","","","","",""
"0","","","","","","","","","","","","","","","","","",""
"0","","","","","","","","","","","","","","","","","",""
"0","","","","","","","","","","","","","","","","","",""
"0","","","","","","","","","","","","","","","","","",""
"0","","","","","","","","","","","","","","","","","",""
"0","","","","","","","","","","","","","","","","","",""
"0","","","","","","","","","","","","","","","","","",""
"0","","","","","","","","","","","","","","","","","",""
"0","","","","","","","","","","","","","","","","","",""
"0","","","","","","","","","","","","","","","","","",""
"0","","","","","","","","","","","","","","","","","",""
"0","","","","","","","","","","","","","","","","","",""
"0","","","","","","","","","","","","","","","","","",""
"0","","","","","","","","","","","","","","","","","",""
"0","","","","","","","","","","","","","","","","","",""
"0","","","","","","","","","","","","","","","","","",""
"0","","","","","","","","","","","","","","","","","",""
"0","","","","","","","","","","","","","","","","","",""
"0","","","","","","","","","","","","","","","","","",""
"0","","","","","","","","","","","","","","","","","",""
"0","","","","","","","","","","","","","","","","","",""
"0","","","","","","","","","","","","","","","","","",""
"0","","","","","","","","","","","","","","","","","",""
"0","","","","","","","","","","","","","","","","","",""
"0","","","","","","","","","","","","","","","","","",""
"0","","","","","","","","","","","","","","","","","",""
"0","","","","","","","","","","","","","","","","","",""
"0","","","","","","","","","","","","","","","","","",""
"0","","","","","","","","","","","","","","","","","",""
"0","","","","","","","","","","","","","","","","","",""
"0","","","","","","","","","","","","","","","","","",""
"0","","","","","","","","","","","","","","","","","",""
"0","","","","","","","","","","","","","","","","","",""
"0","","","","","","","","","","","","","","","","","",""
"0","","","","","","","","","","","","","","","","","",""
"0","","","","","","","","","","","","","","","","","",""
"0","","","","","","","","","","","","","","","","","",""
"0","","","","","","","","","","","","","","","","","",""
"0","","","","","","","","","","","","","","","","","",""
"0","","","","","","","","","","","","","","","","","",""
"0","","","","","","","","","","","","","","","","","",""
"0","","","","","","","","","","","","","","","","","",""
"0","","","","","","","","","","","","","","","","","",""
"0","","","","","","","","","","","","","","","","","",""
"0","","","","","","","","","","","","","","","","","",""
"0","","","","","","","","","","","","","","","","","",""
"0","","","","","","","","","","","","","","","","","",""
"0","","","","","","","","","","","","","","","","","",""
"0","","","","","","","","","","","","","","","","","",""
"0","","","","","","","","","","","","","","","","","",""
"0","","","","","","","","","","","","","","","","","",""
"0","","","","","","","","","","","","","","","","","",""
"0","","","","","","","","","","","","","","","","","",""
"0","","","","","","","","","","","","","","","","","",""
"0","","","","","","","","","","","","","","","","","",""
"0","","","","","","","","","","","","","","","","","",""
"0","","","","","","","","","","","","","","","","","",""
"0","","","","","","","","","","","","","","","","","",""
"0","","","","","","","","","","","","","","","","","",""
"0","","","","","","","","","","","","","","","","","",""
"0","","","","","","","","","","","","","","","","","",""
"0","","","","","","","","","","","","","","","","","",""
"0","","","","","","","","","","","","","","","","","",""
"0","","","","","","","","","","","","","","","","","",""
"0","","","","","","","","","","","","","","","","","",""
"0","","","","","","","","","","","","","","","","","",""
"0","","","","","","","","","","","","","","","","","",""
"0","","","","","","","","","","","","","","","","","",""
"0","","","","","","","","","","","","","","","","","",""
"0","","","","","","","","","","","","","","","","","",""
"0","","","","","","","","","","","","","","","","","",""
"0","","","","","","","","","","","","","","","","","",""
"0","","","","","","","","","","","","","","","","","",""
"0","","","","","","","","","","","","","","","","","",""
"0","","","","","","","","","","","","","","","","","",""
"0","","","","","","","","","","","","","","","","","",""
"0","","","","","","","","","","","","","","","","","",""
"0","","","","","","","","","","","","","","","","","",""
"0","","","","","","","","","","","","","","","","","",""
"0","","","","","","","","","","","","","","","","","",""
"0","","","","","","","","","","","","","","","","","",""
"0","","","","","","","","","","","","","","","","","",""
"0","","","","","","","","","","","","","","","","","",""
"0","","","","","","","","","","","","","","","","","",""
"0","","","","","","","","","","","","","","","","","",""
"0","","","","","","","","","","","","","","","","","",""
"0","","","","","","","","","","","","","","","","","",""
"0","","","","","","","","","","","","","","","","","",""
"0","","","","","","","","","","","","","","","","","",""
"0","","","","","","","","","","","","","","","","","",""
"0","","","","","","","","","","","","","","","","","",""
"0","","","","","","","","","","","","","","","","","",""
"0","","","","","","","","","","","","","","","","","",""
"0","","","","","","","","","","","","","","","","","",""
"0","","","","","","","","","","","","","","","","","",""
"0","","","","","","","","","","","","","","","","","",""
"0","","","","","","","","","","","","","","","","","",""
"0","","","","","","","","","","","","","","","","","",""
"0","","","","","","","","","","","","","","","","","",""
"0","","","","","","","","","","","","","","","","","",""
"0","","","","","","","","","","","","","","","","","",""
"0","","","","","","","","","","","","","","","","","",""
"0","","","","","","","","","","","","","","","","","",""
"0","","","","","","","","","","","","","","","","","",""
"0","","","","","","","","","","","","","","","","","",""
"0","","","","","","","","","","","","","","","","","",""
"0","","","","","","","","","","","","","","","","","",""
"0","","","","","","","","","","","","","","","","","",""
"0","","","","","","","","","","","","","","","","","",""
"0","","","","","","","","","","","","","","","","","",""
"0","","","","","","","","","","","","","","","","","",""
"0","","","","","","","","","","","","","","","","","",""
"0","","","","","","","","","","","","","","","","","",""
"0","","","","","","","","","","","","","","","","","",""
"0","","","","","","","","","","","","","","","","","",""
"0","","","","","","","","","","","","","","","","","",""
"0","","","","","","","","","","","","","","","","","",""
"0","","","","","","","","","","","","","","","","","",""
"0","","","","","","","","","","","","","","","","","",""
"0","","","","","","","","","","","","","","","","","",""
"0","","","","","","","","","","","","","","","","","",""
"0","","","","","","","","","","","","","","","","","",""
"0","","","","","","","","","","","","","","","","","",""
"0","","","","","","","","","","","","","","","","","",""
"0","","","","","","","","","","","","","","","","","",""
"0","","","","","","","","","","","","","","","","","",""
"0","","","","","","","","","","","","","","","","","",""
"0","","","","","","","","","","","","","","","","","",""
"0","","","","","","","","","","","","","","","","","",""
"0","","","","","","","","","","","","","","","","","",""
"0","","","","","","","","","","","","","","","","","",""
"0","","","","","","","","","","","","","","","","","",""
"0","","","","","","","","","","","","","","","","","",""
"0","","","","","","","","","","","","","","","","","",""
"0","","","","","","","","","","","","","","","","","",""
"0","","","","","","","","","","","","","","","","","",""
"0","","","","","","","","","","","","","","","","","",""
"0","","","","","","","","","","","","","","","","","",""
"0","","","","","","","","","","","","","","","","","",""
"0","","","","","","","","","","","","","","","","","",""
"0","","","","","","","","","","","","","","","","","",""
"0","","","","","","","","","","","","","","","","","",""
"0","","","","","","","","","","","","","","","","","",""
"0","","","","","","","","","","","","","","","","","",""
"0","","","","","","","","","","","","","","","","","",""
"0","","","","","","","","","","","","","","","","","",""
"0","","","","","","","","","","","","","","","","","",""
"0","","","","","","","","","","","","","","","","","",""
"0","","","","","","","","","","","","","","","","","",""
"0","","","","","","","","","","","","","","","","","",""
"0","","","","","","","","","","","","","","","","","",""
"0","","","","","","","","","","","","","","","","","",""
"0","","","","","","","","","","","","","","","","","",""
"0","","","","","","","","","","","","","","","","","",""
"0","","","","","","","","","","","","","","","","","",""
"0","","","","","","","","","","","","","","","","","",""
"0","","","","","","","","","","","","","","","","","",""
"0","","","","","","","","","","","","","","","","","",""
"0","","","","","","","","","","","","","","","","","",""
"0","","","","","","","","","","","","","","","","","",""
"0","","","","","","","","","","","","","","","","","",""
"0","","","","","","","","","","","","","","","","","",""
"0","","","","","","","","","","","","","","","","","",""
"0","","","","","","","","","","","","","","","","","",""
"0","","","","","","","","","","","","","","","","","",""
"0","","","","","","","","","","","","","","","","","",""
"0","","","","","","","","","","","","","","","","","",""
"0","","","","","","","","","","","","","","","","","",""
"0","","","","","","","","","","","","","","","","","",""
"0","","","","","","","","","","","","","","","","","",""
"0","","","","","","","","","","","","","","","","","",""
"0","","","","","","","","","","","","","","","","","",""
"0","","","","","","","","","","","","","","","","","",""
"0","","","","","","","","","","","","","","","","","",""
"0","","","","","","","","","","","","","","","","","",""
"0","","","","","","","","","","","","","","","","","",""
"0","","","","","","","","","","","","","","","","","",""
"0","","","","","","","","","","","","","","","","","",""
"0","","","","","","","","","","","","","","","","","",""
"0","","","","","","","","","","","","","","","","","",""
"0","","","","","","","","","","","","","","","","","",""
"0","","","","","","","","","","","","","","","","","",""
"0","","","","","","","","","","","","","","","","","",""
"0","","","","","","","","","","","","","","","","","",""
"0","","","","","","","","","","","","","","","","","",""
"0","","","","","","","","","","","","","","","","","",""
"0","","","","","","","","","","","","","","","","","",""
"0","","","","","","","","","","","","","","","","","",""
"0","","","","","","","","","","","","","","","","","",""
"0","","","","","","","","","","","","","","","","","",""
"0","","","","","","","","","","","","","","","","","",""
"0","","","","","","","","","","","","","","","","","",""
"0","","","","","","","","","","","","","","","","","",""
"0","","","","","","","","","","","","","","","","","",""
"0","","","","","","","","","","","","","","","","","",""
"0","","","","","","","","","","","","","","","","","",""
"0","","","","","","","","","","","","","","","","","",""
"0","","","","","","","","","","","","","","","","","",""
"0","","","","","","","","","","","","","","","","","",""
"0","","","","","","","","","","","","","","","","","",""
"0","","","","","","","","","","","","","","","","","",""
"0","","","","","","","","","","","","","","","","","",""
"0","","","","","","","","","","","","","","","","","",""
"0","","","","","","","","","","","","","","","","","",""
"0","","","","","","","","","","","","","","","","","",""
"0","","","","","","","","","","","","","","","","","",""
"0","","","","","","","","","","","","","","","","","",""
"0","","","","","","","","","","","","","","","","","",""
"0","","","","","","","","","","","","","","","","","",""
"0","","","","","","","","","","","","","","","","","",""
"0","","","","","","","","","","","","","","","","","",""
"0","","","","","","","","","","","","","","","","","",""
"0","","","","","","","","","","","","","","","","","",""
"0","","","","","","","","","","","","","","","","","",""
"0","","","","","","","","","","","","","","","","","",""
"0","","","","","","","","","","","","","","","","","",""
"0","","","","","","","","","","","","","","","","","",""
"0","","","","","","","","","","","","","","","","","",""
"0","","","","","","","","","","","","","","","","","",""
"0","","","","","","","","","","","","","","","","","",""
"0","","","","","","","","","","","","","","","","","",""
"0","","","","","","","","","","","","","","","","","",""
"0","","","","","","","","","","","","","","","","","",""
"0","","","","","","","","","","","","","","","","","",""
"0","","","","","","","","","","","","","","","","","",""
"0","","","","","","","","","","","","","","","","","",""
"0","","","","","","","","","","","","","","","","","",""
"0","","","","","","","","","","","","","","","","","",""
"0","","","","","","","","","","","","","","","","","",""
"0","","","","","","","","","","","","","","","","","",""
"0","","","","","","","","","","","","","","","","","",""
"0","","","","","","","","","","","","","","","","","",""
"0","","","","","","","","","","","","","","","","","",""
"0","","","","","","","","","","","","","","","","","",""
"0","","","","","","","","","","","","","","","","","",""
"0","","","","","","","","","","","","","","","","","",""
"0","","","","","","","","","","","","","","","","","",""
"0","","","","","","","","","","","","","","","","","",""
"0","","","","","","","","","","","","","","","","","",""
"0","","","","","","","","","","","","","","","","","",""
"0","","","","","","","","","","","","","","","","","",""
"0","","","","","","","","","","","","","","","","","",""
"0","","","","","","","","","","","","","","","","","",""
"0","","","","","","","","","","","","","","","","","",""
"0","","","","","","","","","","","","","","","","","",""
"0","","","","","","","","","","","","","","","","","",""
"0","","","","","","","","","","","","","","","","","",""
"0","","","","","","","","","","","","","","","","","",""
"0","","","","","","","","","","","","","","","","","",""
"0","","","","","","","","","","","","","","","","","",""
"0","","","","","","","","","","","","","","","","","",""
"0","","","","","","","","","","","","","","","","","",""
"0","","","","","","","","","","","","","","","","","",""
"0","","","","","","","","","","","","","","","","","",""
"0","","","","","","","","","","","","","","","","","",""
"0","","","","","","","","","","","","","","","","","",""
"0","","","","","","","","","","","","","","","","","",""
"0","","","","","","","","","","","","","","","","","",""
"0","","","","","","","","","","","","","","","","","",""
"0","","","","","","","","","","","","","","","","","",""
"0","","","","","","","","","","","","","","","","","",""
"0","","","","","","","","","","","","","","","","","",""
"0","","","","","","","","","","","","","","","","","",""
"0","","","","","","","","","","","","","","","","","",""
"0","","","","","","","","","","","","","","","","","",""
"0","","","","","","","","","","","","","","","","","",""
"0","","","","","","","","","","","","","","","","","",""
"0","","","","","","","","","","","","","","","","","",""
"0","","","","","","","","","","","","","","","","","",""
"0","","","","","","","","","","","","","","","","","",""
"0","","","","","","","","","","","","","","","","","",""
"0","","","","","","","","","","","","","","","","","",""
"0","","","","","","","","","","","","","","","","","",""
"0","","","","","","","","","","","","","","","","","",""
"0","","","","","","","","","","","","","","","","","",""
"0","","","","","","","","","","","","","","","","","",""
"0","","","","","","","","","","","","","","","","","",""
"0","","","","","","","","","","","","","","","","","",""
"0","","","","","","","","","","","","","","","","","",""
"0","","","","","","","","","","","","","","","","","",""
"0","","","","","","","","","","","","","","","","","",""
"0","","","","","","","","","","","","","","","","","",""
"0","","","","","","","","","","","","","","","","","",""
"0","","","","","","","","","","","","","","","","","",""
"0","","","","","","","","","","","","","","","","","",""
"0","","","","","","","","","","","","","","","","","",""
"0","","","","","","","","","","","","","","","","","",""
"0","","","","","","","","","","","","","","","","","",""
"0","","","","","","","","","","","","","","","","","",""
"0","","","","","","","","","","","","","","","","","",""
"0","","","","","","","","","","","","","","","","","",""
"0","","","","","","","","","","","","","","","","","",""
"0","","","","","","","","","","","","","","","","","",""
"0","","","","","","","","","","","","","","","","","",""
"0","","","","","","","","","","","","","","","","","",""
"0","","","","","","","","","","","","","","","","","",""
"0","","","","","","","","","","","","","","","","","",""
"0","","","","","","","","","","","","","","","","","",""
"0","","","","","","","","","","","","","","","","","",""
"0","","","","","","","","","","","","","","","","","",""
"0","","","","","","","","","","","","","","","","","",""
"0","","","","","","","","","","","","","","","","","",""
"0","","","","","","","","","","","","","","","","","",""
"0","","","","","","","","","","","","","","","","","",""
"0","","","","","","","","","","","","","","","","","",""
"0","","","","","","","","","","","","","","","","","",""
"0","","","","","","","","","","","","","","","","","",""
"0","","","","","","","","","","","","","","","","","",""
"0","","","","","","","","","","","","","","","","","",""
"0","","","","","","","","","","","","","","","","","",""
"0","","","","","","","","","","","","","","","","","",""
"0","","","","","","","","","","","","","","","","","",""
"0","","","","","","","","","","","","","","","","","",""
"0","","","","","","","","","","","","","","","","","",""
"0","","","","","","","","","","","","","","","","","",""
"0","","","","","","","","","","","","","","","","","",""
"0","","","","","","","","","","","","","","","","","",""
"0","","","","","","","","","","","","","","","","","",""
"0","","","","","","","","","","","","","","","","","",""
"0","","","","","","","","","","","","","","","","","",""
"0","","","","","","","","","","","","","","","","","",""
"0","","","","","","","","","","","","","","","","","",""
"0","","","","","","","","","","","","","","","","","",""
"0","","","","","","","","","","","","","","","","","",""
"0","","","","","","","","","","","","","","","","","",""
"0","","","","","","","","","","","","","","","","","",""
"0","","","","","","","","","","","","","","","","","",""
"0","","","","","","","","","","","","","","","","","",""
"0","","","","","","","","","","","","","","","","","",""
"0","","","","","","","","","","","","","","","","","",""
"0","","","","","","","","","","","","","","","","","",""
"0","","","","","","","","","","","","","","","","","",""
"0","","","","","","","","","","","","","","","","","",""
"0","","","","","","","","","","","","","","","","","",""
"0","","","","","","","","","","","","","","","","","",""
"0","","","","","","","","","","","","","","","","","",""
"0","","","","","","","","","","","","","","","","","",""
"0","","","","","","","","","","","","","","","","","",""
"0","","","","","","","","","","","","","","","","","",""
"0","","","","","","","","","","","","","","","","","",""
"0","","","","","","","","","","","","","","","","","",""
"0","","","","","","","","","","","","","","","","","",""
"0","","","","","","","","","","","","","","","","","",""
"0","","","","","","","","","","","","","","","","","",""
"0","","","","","","","","","","","","","","","","","",""
"0","","","","","","","","","","","","","","","","","",""
"0","","","","","","","","","","","","","","","","","",""
"0","","","","","","","","","","","","","","","","","",""
"0","","","","","","","","","","","","","","","","","",""
"0","","","","","","","","","","","","","","","","","",""
"0","","","","","","","","","","","","","","","","","",""
"0","","","","","","","","","","","","","","","","","",""
"0","","","","","","","","","","","","","","","","","",""
"0","","","","","","","","","","","","","","","","","",""
"0","","","","","","","","","","","","","","","","","",""
"0","","","","","","","","","","","","","","","","","",""
"0","","","","","","","","","","","","","","","","","",""
"0","","","","","","","","","","","","","","","","","",""
"0","","","","","","","","","","","","","","","","","",""
"0","","","","","","","","","","","","","","","","","",""
"0","","","","","","","","","","","","","","","","","",""
"0","","","","","","","","","","","","","","","","","",""
"0","","","","","","","","","","","","","","","","","",""
"0","","","","","","","","","","","","","","","","","",""
"0","","","","","","","","","","","","","","","","","",""
"0","","","","","","","","","","","","","","","","","",""
"0","","","","","","","","","","","","","","","","","",""
"0","","","","","","","","","","","","","","","","","",""
"0","","","","","","","","","","","","","","","","","",""
"0","","","","","","","","","","","","","","","","","",""
"0","","","","","","","","","","","","","","","","","",""
"0","","","","","","","","","","","","","","","","","",""
"0","","","","","","","","","","","","","","","","","",""
"0","","","","","","","","","","","","","","","","","",""
"0","","","","","","","","","","","","","","","","","",""
"0","","","","","","","","","","","","","","","","","",""
"0","","","","","","","","","","","","","","","","","",""
"0","","","","","","","","","","","","","","","","","",""
"0","","","","","","","","","","","","","","","","","",""
"0","","","","","","","","","","","","","","","","","",""
"0","","","","","","","","","","","","","","","","","",""
"0","","","","","","","","","","","","","","","","","",""
"0","","","","","","","","","","","","","","","","","",""
"0","","","","","","","","","","","","","","","","","",""
"0","","","","","","","","","","","","","","","","","",""
"0","","","","","","","","","","","","","","","","","",""
"0","","","","","","","","","","","","","","","","","",""
"0","","","","","","","","","","","","","","","","","",""
"0","","","","","","","","","","","","","","","","","",""
"0","","","","","","","","","","","","","","","","","",""
"0","","","","","","","","","","","","","","","","","",""
"0","","","","","","","","","","","","","","","","","",""
"0","","","","","","","","","","","","","","","","","",""
"0","","","","","","","","","","","","","","","","","",""
"0","","","","","","","","","","","","","","","","","",""
"0","","","","","","","","","","","","","","","","","",""
"0","","","","","","","","","","","","","","","","","",""
"0","","","","","","","","","","","","","","","","","",""
"0","","","","","","","","","","","","","","","","","",""
"0","","","","","","","","","","","","","","","","","",""
"0","","","","","","","","","","","","","","","","","",""
"0","","","","","","","","","","","","","","","","","",""
"0","","","","","","","","","","","","","","","","","",""
"0","","","","","","","","","","","","","","","","","",""
"0","","","","","","","","","","","","","","","","","",""
"0","","","","","","","","","","","","","","","","","",""
"0","","","","","","","","","","","","","","","","","",""
"0","","","","","","","","","","","","","","","","","",""
"0","","","","","","","","","","","","","","","","","",""
"0","","","","","","","","","","","","","","","","","",""
"0","","","","","","","","","","","","","","","","","",""
"0","","","","","","","","","","","","","","","","","",""
"0","","","","","","","","","","","","","","","","","",""
"0","","","","","","","","","","","","","","","","","",""
"0","","","","","","","","","","","","","","","","","",""
"0","","","","","","","","","","","","","","","","","",""
"0","","","","","","","","","","","","","","","","","",""
"0","","","","","","","","","","","","","","","","","",""
"0","","","","","","","","","","","","","","","","","",""
"0","","","","","","","","","","","","","","","","","",""
"0","","","","","","","","","","","","","","","","","",""
"0","","","","","","","","","","","","","","","","","",""
"0","","","","","","","","","","","","","","","","","",""
"0","","","","","","","","","","","","","","","","","",""
"0","","","","","","","","","","","","","","","","","",""
"0","","","","","","","","","","","","","","","","","",""
"0","","","","","","","","","","","","","","","","","",""
"0","","","","","","","","","","","","","","","","","",""
"0","","","","","","","","","","","","","","","","","",""
"0","","","","","","","","","","","","","","","","","",""
"0","","","","","","","","","","","","","","","","","",""
"0","","","","","","","","","","","","","","","","","",""
"0","","","","","","","","","","","","","","","","","",""
"0","","","","","","","","","","","","","","","","","",""
"0","","","","","","","","","","","","","","","","","",""
"0","","","","","","","","","","","","","","","","","",""
"0","","","","","","","","","","","","","","","","","",""
"0","","","","","","","","","","","","","","","","","",""
"0","","","","","","","","","","","","","","","","","",""
"0","","","","","","","","","","","","","","","","","",""
"0","","","","","","","","","","","","","","","","","",""
"0","","","","","","","","","","","","","","","","","",""
"0","","","","","","","","","","","","","","","","","",""
"0","","","","","","","","","","","","","","","","","",""
"0","","","","","","","","","","","","","","","","","",""
"0","","","","","","","","","","","","","","","","","",""
"0","","","","","","","","","","","","","","","","","",""
"0","","","","","","","","","","","","","","","","","",""
"0","","","","","","","","","","","","","","","","","",""
"0","","","","","","","","","","","","","","","","","",""
"0","","","","","","","","","","","","","","","","","",""
"0","","","","","","","","","","","","","","","","","",""
"0","","","","","","","","","","","","","","","","","",""
"0","","","","","","","","","","","","","","","","","",""
"0","","","","","","","","","","","","","","","","","",""
"0","","","","","","","","","","","","","","","","","",""
"0","","","","","","","","","","","","","","","","","",""
"0","","","","","","","","","","","","","","","","","",""
"0","","","","","","","","","","","","","","","","","",""
"0","","","","","","","","","","","","","","","","","",""
"0","","","","","","","","","","","","","","","","","",""
"0","","","","","","","","","","","","","","","","","",""
"0","","","","","","","","","","","","","","","","","",""
"0","","","","","","","","","","","","","","","","","",""
"0","","","","","","","","","","","","","","","","","",""
"0","","","","","","","","","","","","","","","","","",""
"0","","","","","","","","","","","","","","","","","",""
"0","","","","","","","","","","","","","","","","","",""
"0","","","","","","","","","","","","","","","","","",""
"0","","","","","","","","","","","","","","","","","",""
"0","","","","","","","","","","","","","","","","","",""
"0","","","","","","","","","","","","","","","","","",""
"0","","","","","","","","","","","","","","","","","",""
"0","","","","","","","","","","","","","","","","","",""
"0","","","","","","","","","","","","","","","","","",""
"0","","","","","","","","","","","","","","","","","",""
"0","","","","","","","","","","","","","","","","","",""
"0","","","","","","","","","","","","","","","","","",""
"0","","","","","","","","","","","","","","","","","",""
"0","","","","","","","","","","","","","","","","","",""
"0","","","","","","","","","","","","","","","","","",""
"0","","","","","","","","","","","","","","","","","",""
"0","","","","","","","","","","","","","","","","","",""
"0","","","","","","","","","","","","","","","","","",""
"0","","","","","","","","","","","","","","","","","",""
"0","","","","","","","","","","","","","","","","","",""
"0","","","","","","","","","","","","","","","","","",""
"0","","","","","","","","","","","","","","","","","",""
"0","","","","","","","","","","","","","","","","","",""
"0","","","","","","","","","","","","","","","","","",""
"0","","","","","","","","","","","","","","","","","",""
"0","","","","","","","","","","","","","","","","","",""
"0","","","","","","","","","","","","","","","","","",""
"0","","","","","","","","","","","","","","","","","",""
"0","","","","","","","","","","","","","","","","","",""
"0","","","","","","","","","","","","","","","","","",""
"0","","","","","","","","","","","","","","","","","",""
"0","","","","","","","","","","","","","","","","","",""
"0","","","","","","","","","","","","","","","","","",""
"0","","","","","","","","","","","","","","","","","",""
"0","","","","","","","","","","","","","","","","","",""
"0","","","","","","","","","","","","","","","","","",""
"0","","","","","","","","","","","","","","","","","",""
"0","","","","","","","","","","","","","","","","","",""
"0","","","","","","","","","","","","","","","","","",""
"0","","","","","","","","","","","","","","","","","",""
"0","","","","","","","","","","","","","","","","","",""
"0","","","","","","","","","","","","","","","","","",""
"0","","","","","","","","","","","","","","","","","",""
"0","","","","","","","","","","","","","","","","","",""
"0","","","","","","","","","","","","","","","","","",""
"0","","","","","","","","","","","","","","","","","",""
"0","","","","","","","","","","","","","","","","","",""
"0","","","","","","","","","","","","","","","","","",""
"0","","","","","","","","","","","","","","","","","",""
"0","","","","","","","","","","","","","","","","","",""
"0","","","","","","","","","","","","","","","","","",""
"0","","","","","","","","","","","","","","","","","",""
"0","","","","","","","","","","","","","","","","","",""
"0","","","","","","","","","","","","","","","","","",""
"0","","","","","","","","","","","","","","","","","",""
"0","","","","","","","","","","","","","","","","","",""
"0","","","","","","","","","","","","","","","","","",""
"0","","","","","","","","","","","","","","","","","",""
"0","","","","","","","","","","","","","","","","","",""
"0","","","","","","","","","","","","","","","","","",""
"0","","","","","","","","","","","","","","","","","",""
"0","","","","","","","","","","","","","","","","","",""
"0","","","","","","","","","","","","","","","","","",""
"0","","","","","","","","","","","","","","","","","",""
"0","","","","","","","","","","","","","","","","","",""
"0","","","","","","","","","","","","","","","","","",""
"0","","","","","","","","","","","","","","","","","",""
"0","","","","","","","","","","","","","","","","","",""
"0","","","","","","","","","","","","","","","","","",""
"0","","","","","","","","","","","","","","","","","",""
"0","","","","","","","","","","","","","","","","","",""
"0","","","","","","","","","","","","","","","","","",""
"0","","","","","","","","","","","","","","","","","",""
"0","","","","","","","","","","","","","","","","","",""
"0","","","","","","","","","","","","","","","","","",""
"0","","","","","","","","","","","","","","","","","",""
"0","","","","","","","","","","","","","","","","","",""
"0","","","","","","","","","","","","","","","","","",""
"0","","","","","","","","","","","","","","","","","",""
"0","","","","","","","","","","","","","","","","","",""
"0","","","","","","","","","","","","","","","","","",""
"0","","","","","","","","","","","","","","","","","",""
"0","","","","","","","","","","","","","","","","","",""
"0","","","","","","","","","","","","","","","","","",""
"0","","","","","","","","","","","","","","","","","",""
"0","","","","","","","","","","","","","","","","","",""
"0","","","","","","","","","","","","","","","","","",""
"0","","","","","","","","","","","","","","","","","",""
"0","","","","","","","","","","","","","","","","","",""
"0","","","","","","","","","","","","","","","","","",""
"0","","","","","","","","","","","","","","","","","",""
"0","","","","","","","","","","","","","","","","","",""
"0","","","","","","","","","","","","","","","","","",""
"0","","","","","","","","","","","","","","","","","",""
"0","","","","","","","","","","","","","","","","","",""
"0","","","","","","","","","","","","","","","","","",""
"0","","","","","","","","","","","","","","","","","",""
"0","","","","","","","","","","","","","","","","","",""
"0","","","","","","","","","","","","","","","","","",""
"0","","","","","","","","","","","","","","","","","",""
"0","","","","","","","","","","","","","","","","","",""
"0","","","","","","","","","","","","","","","","","",""
"0","","","","","","","","","","","","","","","","","",""
"0","","","","","","","","","","","","","","","","","",""
"0","","","","","","","","","","","","","","","","","",""
"0","","","","","","","","","","","","","","","","","",""
"0","","","","","","","","","","","","","","","","","",""
"0","","","","","","","","","","","","","","","","","",""
"0","","","","","","","","","","","","","","","","","",""
"0","","","","","","","","","","","","","","","","","",""
"0","","","","","","","","","","","","","","","","","",""
"0","","","","","","","","","","","","","","","","","",""
"0","","","","","","","","","","","","","","","","","",""
"0","","","","","","","","","","","","","","","","","",""
"0","","","","","","","","","","","","","","","","","",""
"0","","","","","","","","","","","","","","","","","",""
"0","","","","","","","","","","","","","","","","","",""
"0","","","","","","","","","","","","","","","","","",""
"0","","","","","","","","","","","","","","","","","",""
"0","","","","","","","","","","","","","","","","","",""
"0","","","","","","","","","","","","","","","","","",""
"0","","","","","","","","","","","","","","","","","",""
"0","","","","","","","","","","","","","","","","","",""
"0","","","","","","","","","","","","","","","","","",""
"0","","","","","","","","","","","","","","","","","",""
"0","","","","","","","","","","","","","","","","","",""
"0","","","","","","","","","","","","","","","","","",""
"0","","","","","","","","","","","","","","","","","",""
"0","","","","","","","","","","","","","","","","","",""
"0","","","","","","","","","","","","","","","","","",""
"0","","","","","","","","","","","","","","","","","",""
"0","","","","","","","","","","","","","","","","","",""
"0","","","","","","","","","","","","","","","","","",""
"0","","","","","","","","","","","","","","","","","",""
"0","","","","","","","","","","","","","","","","","",""
"0","","","","","","","","","","","","","","","","","",""
"0","","","","","","","","","","","","","","","","","",""
"0","","","","","","","","","","","","","","","","","",""
"0","","","","","","","","","","","","","","","","","",""
"0","","","","","","","","","","","","","","","","","",""
"0","","","","","","","","","","","","","","","","","",""
"0","","","","","","","","","","","","","","","","","",""
"0","","","","","","","","","","","","","","","","","",""
"0","","","","","","","","","","","","","","","","","",""
"0","","","","","","","","","","","","","","","","","",""
"0","","","","","","","","","","","","","","","","","",""
"0","","","","","","","","","","","","","","","","","",""
"0","","","","","","","","","","","","","","","","","",""
"0","","","","","","","","","","","","","","","","","",""
"0","","","","","","","","","","","","","","","","","",""
"0","","","","","","","","","","","","","","","","","",""
"0","","","","","","","","","","","","","","","","","",""
"0","","","","","","","","","","","","","","","","","",""
"0","","","","","","","","","","","","","","","","","",""
"0","","","","","","","","","","","","","","","","","",""
"0","","","","","","","","","","","","","","","","","",""
"0","","","","","","","","","","","","","","","","","",""
"0","","","","","","","","","","","","","","","","","",""
"0","","","","","","","","","","","","","","","","","",""
"0","","","","","","","","","","","","","","","","","",""
"0","","","","","","","","","","","","","","","","","",""
"0","","","","","","","","","","","","","","","","","",""
"0","","","","","","","","","","","","","","","","","",""
"0","","","","","","","","","","","","","","","","","",""
"0","","","","","","","","","","","","","","","","","",""
"0","","","","","","","","","","","","","","","","","",""
"0","","","","","","","","","","","","","","","","","",""
"0","","","","","","","","","","","","","","","","","",""
"0","","","","","","","","","","","","","","","","","",""
"0","","","","","","","","","","","","","","","","","",""
"0","","","","","","","","","","","","","","","","","",""
"0","","","","","","","","","","","","","","","","","",""
"0","","","","","","","","","","","","","","","","","",""
"0","","","","","","","","","","","","","","","","","",""
"0","","","","","","","","","","","","","","","","","",""
"0","","","","","","","","","","","","","","","","","",""
"0","","","","","","","","","","","","","","","","","",""
"0","","","","","","","","","","","","","","","","","",""
"0","","","","","","","","","","","","","","","","","",""
"0","","","","","","","","","","","","","","","","","",""
"0","","","","","","","","","","","","","","","","","",""
"0","","","","","","","","","","","","","","","","","",""
"0","","","","","","","","","","","","","","","","","",""
"0","","","","","","","","","","","","","","","","","",""
"0","","","","","","","","","","","","","","","","","",""
"0","","","","","","","","","","","","","","","","","",""
"0","","","","","","","","","","","","","","","","","",""
"0","","","","","","","","","","","","","","","","","",""
"0","","","","","","","","","","","","","","","","","",""
"0","","","","","","","","","","","","","","","","","",""
"0","","","","","","","","","","","","","","","","","",""
"0","","","","","","","","","","","","","","","","","",""
"0","","","","","","","","","","","","","","","","","",""
"0","","","","","","","","","","","","","","","","","",""
"0","","","","","","","","","","","","","","","","","",""
"0","","","","","","","","","","","","","","","","","",""
"0","","","","","","","","","","","","","","","","","",""
"0","","","","","","","","","","","","","","","","","",""
"0","","","","","","","","","","","","","","","","","",""
"0","","","","","","","","","","","","","","","","","",""
"0","","","","","","","","","","","","","","","","","",""
"0","","","","","","","","","","","","","","","","","",""
"0","","","","","","","","","","","","","","","","","",""
"0","","","","","","","","","","","","","","","","","",""
"0","","","","","","","","","","","","","","","","","",""
"0","","","","","","","","","","","","","","","","","",""
"0","","","","","","","","","","","","","","","","","",""
"0","","","","","","","","","","","","","","","","","",""
"0","","","","","","","","","","","","","","","","","",""
"0","","","","","","","","","","","","","","","","","",""
"0","","","","","","","","","","","","","","","","","",""
"0","","","","","","","","","","","","","","","","","",""
"0","","","","","","","","","","","","","","","","","",""
"0","","","","","","","","","","","","","","","","","",""
"0","","","","","","","","","","","","","","","","","",""
"0","","","","","","","","","","","","","","","","","",""
"0","","","","","","","","","","","","","","","","","",""
"0","","","","","","","","","","","","","","","","","",""
"0","","","","","","","","","","","","","","","","","",""
"0","","","","","","","","","","","","","","","","","",""
"0","","","","","","","","","","","","","","","","","",""
"0","","","","","","","","","","","","","","","","","",""
"0","","","","","","","","","","","","","","","","","",""
"0","","","","","","","","","","","","","","","","","",""
"0","","","","","","","","","","","","","","","","","",""
"0","","","","","","","","","","","","","","","","","",""
"0","","","","","","","","","","","","","","","","","",""
"0","","","","","","","","","","","","","","","","","",""
"0","","","","","","","","","","","","","","","","","",""
"0","","","","","","","","","","","","","","","","","",""
"0","","","","","","","","","","","","","","","","","",""
"0","","","","","","","","","","","","","","","","","",""
"0","","","","","","","","","","","","","","","","","",""
"0","","","","","","","","","","","","","","","","","",""
"0","","","","","","","","","","","","","","","","","",""
"0","","","","","","","","","","","","","","","","","",""
"0","","","","","","","","","","","","","","","","","",""
"0","","","","","","","","","","","","","","","","","",""
"0","","","","","","","","","","","","","","","","","",""
"0","","","","","","","","","","","","","","","","","",""
"0","","","","","","","","","","","","","","","","","",""
"0","","","","","","","","","","","","","","","","","",""
"0","","","","","","","","","","","","","","","","","",""
"0","","","","","","","","","","","","","","","","","",""
"0","","","","","","","","","","","","","","","","","",""
"0","","","","","","","","","","","","","","","","","",""
"0","","","","","","","","","","","","","","","","","",""
"0","","","","","","","","","","","","","","","","","",""
"0","","","","","","","","","","","","","","","","","",""
"0","","","","","","","","","","","","","","","","","",""
"0","","","","","","","","","","","","","","","","","",""
"0","","","","","","","","","","","","","","","","","",""
"0","","","","","","","","","","","","","","","","","",""
"0","","","","","","","","","","","","","","","","","",""
"0","","","","","","","","","","","","","","","","","",""
"0","","","","","","","","","","","","","","","","","",""
"0","","","","","","","","","","","","","","","","","",""
"0","","","","","","","","","","","","","","","","","",""
"0","","","","","","","","","","","","","","","","","",""
"0","","","","","","","","","","","","","","","","","",""
"0","","","","","","","","","","","","","","","","","",""
"0","","","","","","","","","","","","","","","","","",""
"0","","","","","","","","","","","","","","","","","",""
"0","","","","","","","","","","","","","","","","","",""
"0","","","","","","","","","","","","","","","","","",""
"0","","","","","","","","","","","","","","","","","",""
"0","","","","","","","","","","","","","","","","","",""
"0","","","","","","","","","","","","","","","","","",""
"0","","","","","","","","","","","","","","","","","",""
"0","","","","","","","","","","","","","","","","","",""
"0","","","","","","","","","","","","","","","","","",""
"0","","","","","","","","","","","","","","","","","",""
"0","","","","","","","","","","","","","","","","","",""
"0","","","","","","","","","","","","","","","","","",""
"0","","","","","","","","","","","","","","","","","",""
"0","","","","","","","","","","","","","","","","","",""
"0","","","","","","","","","","","","","","","","","",""
"0","","","","","","","","","","","","","","","","","",""
"0","","","","","","","","","","","","","","","","","",""
"0","","","","","","","","","","","","","","","","","",""
"0","","","","","","","","","","","","","","","","","",""
"0","","","","","","","","","","","","","","","","","",""
"0","","","","","","","","","","","","","","","","","",""
"0","","","","","","","","","","","","","","","","","",""
"0","","","","","","","","","","","","","","","","","",""
"0","","","","","","","","","","","","","","","","","",""
"0","","","","","","","","","","","","","","","","","",""
"0","","","","","","","","","","","","","","","","","",""
"0","","","","","","","","","","","","","","","","","",""
"0","","","","","","","","","","","","","","","","","",""
"0","","","","","","","","","","","","","","","","","",""
"0","","","","","","","","","","","","","","","","","",""
"0","","","","","","","","","","","","","","","","","",""
"0","","","","","","","","","","","","","","","","","",""
"0","","","","","","","","","","","","","","","","","",""
"0","","","","","","","","","","","","","","","","","",""
"0","","","","","","","","","","","","","","","","","",""
"0","","","","","","","","","","","","","","","","","",""
"0","","","","","","","","","","","","","","","","","",""
"0","","","","","","","","","","","","","","","","","",""
"0","","","","","","","","","","","","","","","","","",""
"0","","","","","","","","","","","","","","","","","",""
"0","","","","","","","","","","","","","","","","","",""
"0","","","","","","","","","","","","","","","","","",""
"0","","","","","","","","","","","","","","","","","",""
"0","","","","","","","","","","","","","","","","","",""
"0","","","","","","","","","","","","","","","","","",""
"0","","","","","","","","","","","","","","","","","",""
"0","","","","","","","","","","","","","","","","","",""
"0","","","","","","","","","","","","","","","","","",""
"0","","","","","","","","","","","","","","","","","",""
"0","","","","","","","","","","","","","","","","","",""
"0","","","","","","","","","","","","","","","","","",""
"0","","","","","","","","","","","","","","","","","",""
"0","","","","","","","","","","","","","","","","","",""
"0","","","","","","","","","","","","","","","","","",""
"0","","","","","","","","","","","","","","","","","",""
"0","","","","","","","","","","","","","","","","","",""
"0","","","","","","","","","","","","","","","","","",""
"0","","","","","","","","","","","","","","","","","",""
"0","","","","","","","","","","","","","","","","","",""
"0","","","","","","","","","","","","","","","","","",""
"0","","","","","","","","","","","","","","","","","",""
"0","","","","","","","","","","","","","","","","","",""
"0","","","","","","","","","","","","","","","","","",""
"0","","","","","","","","","","","","","","","","","",""
"0","","","","","","","","","","","","","","","","","",""
"0","","","","","","","","","","","","","","","","","",""
"0","","","","","","","","","","","","","","","","","",""
"0","","","","","","","","","","","","","","","","","",""
"0","","","","","","","","","","","","","","","","","",""
"0","","","","","","","","","","","","","","","","","",""
"0","","","","","","","","","","","","","","","","","",""
"0","","","","","","","","","","","","","","","","","",""
"0","","","","","","","","","","","","","","","","","",""
"0","","","","","","","","","","","","","","","","","",""
"0","","","","","","","","","","","","","","","","","",""
"0","","","","","","","","","","","","","","","","","",""
"0","","","","","","","","","","","","","","","","","",""
"0","","","","","","","","","","","","","","","","","",""
"0","","","","","","","","","","","","","","","","","",""
"0","","","","","","","","","","","","","","","","","",""
"0","","","","","","","","","","","","","","","","","",""
"0","","","","","","","","","","","","","","","","","",""
"0","","","","","","","","","","","","","","","","","",""
"0","","","","","","","","","","","","","","","","","",""
"0","","","","","","","","","","","","","","","","","",""
"0","","","","","","","","","","","","","","","","","",""
"0","","","","","","","","","","","","","","","","","",""
"0","","","","","","","","","","","","","","","","","",""
"0","","","","","","","","","","","","","","","","","",""
"0","","","","","","","","","","","","","","","","","",""
"0","","","","","","","","","","","","","","","","","",""
"0","","","","","","","","","","","","","","","","","",""
"0","","","","","","","","","","","","","","","","","",""
"0","","","","","","","","","","","","","","","","","",""
"0","","","","","","","","","","","","","","","","","",""
"0","","","","","","","","","","","","","","","","","",""
"0","","","","","","","","","","","","","","","","","",""
"0","","","","","","","","","","","","","","","","","",""
"0","","","","","","","","","","","","","","","","","",""
"0","","","","","","","","","","","","","","","","","",""
"0","","","","","","","","","","","","","","","","","",""
"0","","","","","","","","","","","","","","","","","",""
"0","","","","","","","","","","","","","","","","","",""
"0","","","","","","","","","","","","","","","","","",""
"0","","","","","","","","","","","","","","","","","",""
"0","","","","","","","","","","","","","","","","","",""
"0","","","","","","","","","","","","","","","","","",""
"0","","","","","","","","","","","","","","","","","",""
"0","","","","","","","","","","","","","","","","","",""
"0","","","","","","","","","","","","","","","","","",""
"0","","","","","","","","","","","","","","","","","",""
"0","","","","","","","","","","","","","","","","","",""
"0","","","","","","","","","","","","","","","","","",""
"0","","","","","","","","","","","","","","","","","",""
"0","","","","","","","","","","","","","","","","","",""
"0","","","","","","","","","","","","","","","","","",""
"0","","","","","","","","","","","","","","","","","",""
"0","","","","","","","","","","","","","","","","","",""
"0","","","","","","","","","","","","","","","","","",""
"0","","","","","","","","","","","","","","","","","",""
"0","","","","","","","","","","","","","","","","","",""
"0","","","","","","","","","","","","","","","","","",""
"0","","","","","","","","","","","","","","","","","",""
"0","","","","","","","","","","","","","","","","","",""
"0","","","","","","","","","","","","","","","","","",""
"0","","","","","","","","","","","","","","","","","",""
"0","","","","","","","","","","","","","","","","","",""
"0","","","","","","","","","","","","","","","","","",""
"0","","","","","","","","","","","","","","","","","",""
"0","","","","","","","","","","","","","","","","","",""
"0","","","","","","","","","","","","","","","","","",""
"0","","","","","","","","","","","","","","","","","",""
"0","","","","","","","","","","","","","","","","","",""
"0","","","","","","","","","","","","","","","","","",""
"0","","","","","","","","","","","","","","","","","",""
"0","","","","","","","","","","","","","","","","","",""
"0","","","","","","","","","","","","","","","","","",""
"0","","","","","","","","","","","","","","","","","",""
"0","","","","","","","","","","","","","","","","","",""
"0","","","","","","","","","","","","","","","","","",""
"0","","","","","","","","","","","","","","","","","",""
"0","","","","","","","","","","","","","","","","","",""
"0","","","","","","","","","","","","","","","","","",""
"0","","","","","","","","","","","","","","","","","",""
"0","","","","","","","","","","","","","","","","","",""
"0","","","","","","","","","","","","","","","","","",""
"0","","","","","","","","","","","","","","","","","",""
"0","","","","","","","","","","","","","","","","","",""
"0","","","","","","","","","","","","","","","","","",""
"0","","","","","","","","","","","","","","","","","",""
"0","","","","","","","","","","","","","","","","","",""
"0","","","","","","","","","","","","","","","","","",""
"0","","","","","","","","","","","","","","","","","",""
"0","","","","","","","","","","","","","","","","","",""
"0","","","","","","","","","","","","","","","","","",""
"0","","","","","","","","","","","","","","","","","",""
"0","","","","","","","","","","","","","","","","","",""
"0","","","","","","","","","","","","","","","","","",""
"0","","","","","","","","","","","","","","","","","",""
"0","","","","","","","","","","","","","","","","","",""
"0","","","","","","","","","","","","","","","","","",""
"0","","","","","","","","","","","","","","","","","",""
"0","","","","","","","","","","","","","","","","","",""
"0","","","","","","","","","","","","","","","","","",""
"0","","","","","","","","","","","","","","","","","",""
"0","","","","","","","","","","","","","","","","","",""
"0","","","","","","","","","","","","","","","","","",""
"0","","","","","","","","","","","","","","","","","",""
"0","","","","","","","","","","","","","","","","","",""
"0","","","","","","","","","","","","","","","","","",""
"0","","","","","","","","","","","","","","","","","",""
"0","","","","","","","","","","","","","","","","","",""
"0","","","","","","","","","","","","","","","","","",""
"0","","","","","","","","","","","","","","","","","",""
"0","","","","","","","","","","","","","","","","","",""
"0","","","","","","","","","","","","","","","","","",""
"0","","","","","","","","","","","","","","","","","",""
"0","","","","","","","","","","","","","","","","","",""
"0","","","","","","","","","","","","","","","","","",""
"0","","","","","","","","","","","","","","","","","",""
"0","","","","","","","","","","","","","","","","","",""
"0","","","","","","","","","","","","","","","","","",""
"0","","","","","","","","","","","","","","","","","",""
"0","","","","","","","","","","","","","","","","","",""
"0","","","","","","","","","","","","","","","","","",""
"0","","","","","","","","","","","","","","","","","",""
"0","","","","","","","","","","","","","","","","","",""
"0","","","","","","","","","","","","","","","","","",""
"0","","","","","","","","","","","","","","","","","",""
"0","","","","","","","","","","","","","","","","","",""
"0","","","","","","","","","","","","","","","","","",""
"0","","","","","","","","","","","","","","","","","",""
"0","","","","","","","","","","","","","","","","","",""
"0","","","","","","","","","","","","","","","","","",""
"0","","","","","","","","","","","","","","","","","",""
"0","","","","","","","","","","","","","","","","","",""
"0","","","","","","","","","","","","","","","","","",""
"0","","","","","","","","","","","","","","","","","",""
"0","","","","","","","","","","","","","","","","","",""
"0","","","","","","","","","","","","","","","","","",""
"0","","","","","","","","","","","","","","","","","",""
"0","","","","","","","","","","","","","","","","","",""
"0","","","","","","","","","","","","","","","","","",""
"0","","","","","","","","","","","","","","","","","",""
"0","","","","","","","","","","","","","","","","","",""
"0","","","","","","","","","","","","","","","","","",""
"0","","","","","","","","","","","","","","","","","",""
"0","","","","","","","","","","","","","","","","","",""
"0","","","","","","","","","","","","","","","","","",""
"0","","","","","","","","","","","","","","","","","",""
"0","","","","","","","","","","","","","","","","","",""
"0","","","","","","","","","","","","","","","","","",""
"0","","","","","","","","","","","","","","","","","",""
"0","","","","","","","","","","","","","","","","","",""
"0","","","","","","","","","","","","","","","","","",""
"0","","","","","","","","","","","","","","","","","",""
"0","","","","","","","","","","","","","","","","","",""
"0","","","","","","","","","","","","","","","","","",""
"0","","","","","","","","","","","","","","","","","",""
"0","","","","","","","","","","","","","","","","","",""
"0","","","","","","","","","","","","","","","","","",""
"0","","","","","","","","","","","","","","","","","",""
"0","","","","","","","","","","","","","","","","","",""
"0","","","","","","","","","","","","","","","","","",""
"0","","","","","","","","","","","","","","","","","",""
"0","","","","","","","","","","","","","","","","","",""
"0","","","","","","","","","","","","","","","","","",""
"0","","","","","","","","","","","","","","","","","",""
"0","","","","","","","","","","","","","","","","","",""
"0","","","","","","","","","","","","","","","","","",""
"0","","","","","","","","","","","","","","","","","",""
"0","","","","","","","","","","","","","","","","","",""
"0","","","","","","","","","","","","","","","","","",""
"0","","","","","","","","","","","","","","","","","",""
"0","","","","","","","","","","","","","","","","","",""
"0","","","","","","","","","","","","","","","","","",""
"0","","","","","","","","","","","","","","","","","",""
"0","","","","","","","","","","","","","","","","","",""
"0","","","","","","","","","","","","","","","","","",""
"0","","","","","","","","","","","","","","","","","",""
"0","","","","","","","","","","","","","","","","","",""
"0","","","","","","","","","","","","","","","","","",""
"0","","","","","","","","","","","","","","","","","",""
"0","","","","","","","","","","","","","","","","","",""
"0","","","","","","","","","","","","","","","","","",""
"0","","","","","","","","","","","","","","","","","",""
"0","","","","","","","","","","","","","","","","","",""
"0","","","","","","","","","","","","","","","","","",""
"0","","","","","","","","","","","","","","","","","",""
"0","","","","","","","","","","","","","","","","","",""
"0","","","","","","","","","","","","","","","","","",""
"0","","","","","","","","","","","","","","","","","",""
"0","","","","","","","","","","","","","","","","","",""
"0","","","","","","","","","","","","","","","","","",""
"0","","","","","","","","","","","","","","","","","",""
"0","","","","","","","","","","","","","","","","","",""
"0","","","","","","","","","","","","","","","","","",""
"0","","","","","","","","","","","","","","","","","",""
"0","","","","","","","","","","","","","","","","","",""
"0","","","","","","","","","","","","","","","","","",""
"0","","","","","","","","","","","","","","","","","",""
"0","","","","","","","","","","","","","","","","","",""
"0","","","","","","","","","","","","","","","","","",""
"0","","","","","","","","","","","","","","","","","",""
"0","","","","","","","","","","","","","","","","","",""
"0","","","","","","","","","","","","","","","","","",""
"0","","","","","","","","","","","","","","","","","",""
"0","","","","","","","","","","","","","","","","","",""
"0","","","","","","","","","","","","","","","","","",""
"0","","","","","","","","","","","","","","","","","",""
"0","","","","","","","","","","","","","","","","","",""
"0","","","","","","","","","","","","","","","","","",""
"0","","","","","","","","","","","","","","","","","",""
"0","","","","","","","","","","","","","","","","","",""
"0","","","","","","","","","","","","","","","","","",""
"0","","","","","","","","","","","","","","","","","",""
"0","","","","","","","","","","","","","","","","","",""
"0","","","","","","","","","","","","","","","","","",""
"0","","","","","","","","","","","","","","","","","",""
"0","","","","","","","","","","","","","","","","","",""
"0","","","","","","","","","","","","","","","","","",""
"0","","","","","","","","","","","","","","","","","",""
"0","","","","","","","","","","","","","","","","","",""
"0","","","","","","","","","","","","","","","","","",""
"0","","","","","","","","","","","","","","","","","",""
"0","","","","","","","","","","","","","","","","","",""
"0","","","","","","","","","","","","","","","","","",""
"0","","","","","","","","","","","","","","","","","",""
"0","","","","","","","","","","","","","","","","","",""
"0","","","","","","","","","","","","","","","","","",""
"0","","","","","","","","","","","","","","","","","",""
"0","","","","","","","","","","","","","","","","","",""
"0","","","","","","","","","","","","","","","","","",""
"0","","","","","","","","","","","","","","","","","",""
"0","","","","","","","","","","","","","","","","","",""
"0","","","","","","","","","","","","","","","","","",""
"0","","","","","","","","","","","","","","","","","",""
"0","","","","","","","","","","","","","","","","","",""
"0","","","","","","","","","","","","","","","","","",""
"0","","","","","","","","","","","","","","","","","",""
"0","","","","","","","","","","","","","","","","","",""
"0","","","","","","","","","","","","","","","","","",""
"0","","","","","","","","","","","","","","","","","",""
"0","","","","","","","","","","","","","","","","","",""
"0","","","","","","","","","","","","","","","","","",""
"0","","","","","","","","","","","","","","","","","",""
"0","","","","","","","","","","","","","","","","","",""
"0","","","","","","","","","","","","","","","","","",""
"0","","","","","","","","","","","","","","","","","",""
"0","","","","","","","","","","","","","","","","","",""
"0","","","","","","","","","","","","","","","","","",""
"0","","","","","","","","","","","","","","","","","",""
"0","","","","","","","","","","","","","","","","","",""
"0","","","","","","","","","","","","","","","","","",""
"0","","","","","","","","","","","","","","","","","",""
"0","","","","","","","","","","","","","","","","","",""
"0","","","","","","","","","","","","","","","","","",""
"0","","","","","","","","","","","","","","","","","",""
"0","","","","","","","","","","","","","","","","","",""
"0","","","","","","","","","","","","","","","","","",""
"0","","","","","","","","","","","","","","","","","",""
"0","","","","","","","","","","","","","","","","","",""
"0","","","","","","","","","","","","","","","","","",""
"0","","","","","","","","","","","","","","","","","",""
"0","","","","","","","","","","","","","","","","","",""
"0","","","","","","","","","","","","","","","","","",""
"0","","","","","","","","","","","","","","","","","",""
"0","","","","","","","","","","","","","","","","","",""
"0","","","","","","","","","","","","","","","","","",""
"0","","","","","","","","","","","","","","","","","",""
"0","","","","","","","","","","","","","","","","","",""
"0","","","","","","","","","","","","","","","","","",""
"0","","","","","","","","","","","","","","","","","",""
"0","","","","","","","","","","","","","","","","","",""
"0","","","","","","","","","","","","","","","","","",""
"0","","","","","","","","","","","","","","","","","",""
"0","","","","","","","","","","","","","","","","","",""
"0","","","","","","","","","","","","","","","","","",""
"0","","","","","","","","","","","","","","","","","",""
"0","","","","","","","","","","","","","","","","","",""
"0","","","","","","","","","","","","","","","","","",""
"0","","","","","","","","","","","","","","","","","",""
"0","","","","","","","","","","","","","","","","","",""
"0","","","","","","","","","","","","","","","","","",""
"0","","","","","","","","","","","","","","","","","",""
"0","","","","","","","","","","","","","","","","","",""
"0","","","","","","","","","","","","","","","","","",""
"0","","","","","","","","","","","","","","","","","",""
"0","","","","","","","","","","","","","","","","","",""
"0","","","","","","","","","","","","","","","","","",""
"0","","","","","","","","","","","","","","","","","",""
"0","","","","","","","","","","","","","","","","","",""
"0","","","","","","","","","","","","","","","","","",""
"0","","","","","","","","","","","","","","","","","",""
"0","","","","","","","","","","","","","","","","","",""
"0","","","","","","","","","","","","","","","","","",""
"0","","","","","","","","","","","","","","","","","",""
"0","","","","","","","","","","","","","","","","","",""
"0","","","","","","","","","","","","","","","","","",""
"0","","","","","","","","","","","","","","","","","",""
"0","","","","","","","","","","","","","","","","","",""
"0","","","","","","","","","","","","","","","","","",""
"0","","","","","","","","","","","","","","","","","",""
"0","","","","","","","","","","","","","","","","","",""
"0","","","","","","","","","","","","","","","","","",""
"0","","","","","","","","","","","","","","","","","",""
"0","","","","","","","","","","","","","","","","","",""
"0","","","","","","","","","","","","","","","","","",""
"0","","","","","","","","","","","","","","","","","",""
"0","","","","","","","","","","","","","","","","","",""
"0","","","","","","","","","","","","","","","","","",""
"0","","","","","","","","","","","","","","","","","",""
"0","","","","","","","","","","","","","","","","","",""
"0","","","","","","","","","","","","","","","","","",""
"0","","","","","","","","","","","","","","","","","",""
"0","","","","","","","","","","","","","","","","","",""
"0","","","","","","","","","","","","","","","","","",""
"0","","","","","","","","","","","","","","","","","",""
"0","","","","","","","","","","","","","","","","","",""
"0","","","","","","","","","","","","","","","","","",""
"0","","","","","","","","","","","","","","","","","",""
"0","","","","","","","","","","","","","","","","","",""
"0","","","","","","","","","","","","","","","","","",""
"0","","","","","","","","","","","","","","","","","",""
"0","","","","","","","","","","","","","","","","","",""
"0","","","","","","","","","","","","","","","","","",""
"0","","","","","","","","","","","","","","","","","",""
"0","","","","","","","","","","","","","","","","","",""
"0","","","","","","","","","","","","","","","","","",""
"0","","","","","","","","","","","","","","","","","",""
"0","","","","","","","","","","","","","","","","","",""
"0","","","","","","","","","","","","","","","","","",""
"0","","","","","","","","","","","","","","","","","",""
"0","","","","","","","","","","","","","","","","","",""
"0","","","","","","","","","","","","","","","","","",""
"0","","","","","","","","","","","","","","","","","",""
"0","","","","","","","","","","","","","","","","","",""
"0","","","","","","","","","","","","","","","","","",""
"0","","","","","","","","","","","","","","","","","",""
"0","","","","","","","","","","","","","","","","","",""
"0","","","","","","","","","","","","","","","","","",""
"0","","","","","","","","","","","","","","","","","",""
"0","","","","","","","","","","","","","","","","","",""
"0","","","","","","","","","","","","","","","","","",""
"0","","","","","","","","","","","","","","","","","",""
"0","","","","","","","","","","","","","","","","","",""
"0","","","","","","","","","","","","","","","","","",""
"0","","","","","","","","","","","","","","","","","",""
"0","","","","","","","","","","","","","","","","","",""
"0","","","","","","","","","","","","","","","","","",""
"0","","","","","","","","","","","","","","","","","",""
"0","","","","","","","","","","","","","","","","","",""
"0","","","","","","","","","","","","","","","","","",""
"0","","","","","","","","","","","","","","","","","",""
"0","","","","","","","","","","","","","","","","","",""
"0","","","","","","","","","","","","","","","","","",""
"0","","","","","","","","","","","","","","","","","",""
"0","","","","","","","","","","","","","","","","","",""
"0","","","","","","","","","","","","","","","","","",""
"0","","","","","","","","","","","","","","","","","",""
"0","","","","","","","","","","","","","","","","","",""
"0","","","","","","","","","","","","","","","","","",""
"0","","","","","","","","","","","","","","","","","",""
"0","","","","","","","","","","","","","","","","","",""
"0","","","","","","","","","","","","","","","","","",""
"0","","","","","","","","","","","","","","","","","",""
"0","","","","","","","","","","","","","","","","","",""
"0","","","","","","","","","","","","","","","","","",""
"0","","","","","","","","","","","","","","","","","",""
"0","","","","","","","","","","","","","","","","","",""
"0","","","","","","","","","","","","","","","","","",""
"0","","","","","","","","","","","","","","","","","",""
"0","","","","","","","","","","","","","","","","","",""
"0","","","","","","","","","","","","","","","","","",""
"0","","","","","","","","","","","","","","","","","",""
"0","","","","","","","","","","","","","","","","","",""
"0","","","","","","","","","","","","","","","","","",""
"0","","","","","","","","","","","","","","","","","",""
"0","","","","","","","","","","","","","","","","","",""
"0","","","","","","","","","","","","","","","","","",""
"0","","","","","","","","","","","","","","","","","",""
"0","","","","","","","","","","","","","","","","","",""
"0","","","","","","","","","","","","","","","","","",""
"0","","","","","","","","","","","","","","","","","",""
"0","","","","","","","","","","","","","","","","","",""
"0","","","","","","","","","","","","","","","","","",""
"0","","","","","","","","","","","","","","","","","",""
"0","","","","","","","","","","","","","","","","","",""
"0","","","","","","","","","","","","","","","","","",""
"0","","","","","","","","","","","","","","","","","",""
"0","","","","","","","","","","","","","","","","","",""
"0","","","","","","","","","","","","","","","","","",""
"0","","","","","","","","","","","","","","","","","",""
"0","","","","","","","","","","","","","","","","","",""
"0","","","","","","","","","","","","","","","","","",""
"0","","","","","","","","","","","","","","","","","",""
"0","","","","","","","","","","","","","","","","","",""
"0","","","","","","","","","","","","","","","","","",""
"0","","","","","","","","","","","","","","","","","",""
"0","","","","","","","","","","","","","","","","","",""
"0","","","","","","","","","","","","","","","","","",""
"0","","","","","","","","","","","","","","","","","",""
"0","","","","","","","","","","","","","","","","","",""
"0","","","","","","","","","","","","","","","","","",""
"0","","","","","","","","","","","","","","","","","",""
"0","","","","","","","","","","","","","","","","","",""
"0","","","","","","","","","","","","","","","","","",""
"0","","","","","","","","","","","","","","","","","",""
"0","","","","","","","","","","","","","","","","","",""
"0","","","","","","","","","","","","","","","","","",""
"0","","","","","","","","","","","","","","","","","",""
"0","","","","","","","","","","","","","","","","","",""
"0","","","","","","","","","","","","","","","","","",""
"0","","","","","","","","","","","","","","","","","",""
"0","","","","","","","","","","","","","","","","","",""
"0","","","","","","","","","","","","","","","","","",""
"0","","","","","","","","","","","","","","","","","",""
"0","","","","","","","","","","","","","","","","","",""
"0","","","","","","","","","","","","","","","","","",""
"0","","","","","","","","","","","","","","","","","",""
"0","","","","","","","","","","","","","","","","","",""
"0","","","","","","","","","","","","","","","","","",""
"0","","","","","","","","","","","","","","","","","",""
"0","","","","","","","","","","","","","","","","","",""
"0","","","","","","","","","","","","","","","","","",""
"0","","","","","","","","","","","","","","","","","",""
"0","","","","","","","","","","","","","","","","","",""
"0","","","","","","","","","","","","","","","","","",""
"0","","","","","","","","","","","","","","","","","",""
"0","","","","","","","","","","","","","","","","","",""
"0","","","","","","","","","","","","","","","","","",""
"0","","","","","","","","","","","","","","","","","",""
"0","","","","","","","","","","","","","","","","","",""
"0","","","","","","","","","","","","","","","","","",""
"0","","","","","","","","","","","","","","","","","",""
"0","","","","","","","","","","","","","","","","","",""
"0","","","","","","","","","","","","","","","","","",""
"0","","","","","","","","","","","","","","","","","",""
"0","","","","","","","","","","","","","","","","","",""
"0","","","","","","","","","","","","","","","","","",""
"0","","","","","","","","","","","","","","","","","",""
"0","","","","","","","","","","","","","","","","","",""
"0","","","","","","","","","","","","","","","","","",""
"0","","","","","","","","","","","","","","","","","",""
"0","","","","","","","","","","","","","","","","","",""
"0","","","","","","","","","","","","","","","","","",""
"0","","","","","","","","","","","","","","","","","",""
"0","","","","","","","","","","","","","","","","","",""
"0","","","","","","","","","","","","","","","","","",""
"0","","","","","","","","","","","","","","","","","",""
"0","","","","","","","","","","","","","","","","","",""
"0","","","","","","","","","","","","","","","","","",""
"0","","","","","","","","","","","","","","","","","",""
"0","","","","","","","","","","","","","","","","","",""
"0","","","","","","","","","","","","","","","","","",""
"0","","","","","","","","","","","","","","","","","",""
"0","","","","","","","","","","","","","","","","","",""
"0","","","","","","","","","","","","","","","","","",""
"0","","","","","","","","","","","","","","","","","",""
"0","","","","","","","","","","","","","","","","","",""
"0","","","","","","","","","","","","","","","","","",""
"0","","","","","","","","","","","","","","","","","",""
"0","","","","","","","","","","","","","","","","","",""
"0","","","","","","","","","","","","","","","","","",""
"0","","","","","","","","","","","","","","","","","",""
"0","","","","","","","","","","","","","","","","","",""
"0","","","","","","","","","","","","","","","","","",""
"0","","","","","","","","","","","","","","","","","",""
"0","","","","","","","","","","","","","","","","","",""
"0","","","","","","","","","","","","","","","","","",""
"0","","","","","","","","","","","","","","","","","",""
"0","","","","","","","","","","","","","","","","","",""
"0","","","","","","","","","","","","","","","","","",""
"0","","","","","","","","","","","","","","","","","",""
"0","","","","","","","","","","","","","","","","","",""
"0","","","","","","","","","","","","","","","","","",""
"0","","","","","","","","","","","","","","","","","",""
"0","","","","","","","","","","","","","","","","","",""
"0","","","","","","","","","","","","","","","","","",""
"0","","","","","","","","","","","","","","","","","",""
"0","","","","","","","","","","","","","","","","","",""
"0","","","","","","","","","","","","","","","","","",""
"0","","","","","","","","","","","","","","","","","",""
"0","","","","","","","","","","","","","","","","","",""
"0","","","","","","","","","","","","","","","","","",""
"0","","","","","","","","","","","","","","","","","",""
"0","","","","","","","","","","","","","","","","","",""
"0","","","","","","","","","","","","","","","","","",""
"0","","","","","","","","","","","","","","","","","",""
"0","","","","","","","","","","","","","","","","","",""
"0","","","","","","","","","","","","","","","","","",""
"0","","","","","","","","","","","","","","","","","",""
"0","","","","","","","","","","","","","","","","","",""
"0","","","","","","","","","","","","","","","","","",""
"0","","","","","","","","","","","","","","","","","",""
"0","","","","","","","","","","","","","","","","","",""
"0","","","","","","","","","","","","","","","","","",""
"0","","","","","","","","","","","","","","","","","",""
"0","","","","","","","","","","","","","","","","","",""
"0","","","","","","","","","","","","","","","","","",""
"0","","","","","","","","","","","","","","","","","",""
"0","","","","","","","","","","","","","","","","","",""
"0","","","","","","","","","","","","","","","","","",""
"0","","","","","","","","","","","","","","","","","",""
"0","","","","","","","","","","","","","","","","","",""
"0","","","","","","","","","","","","","","","","","",""
"0","","","","","","","","","","","","","","","","","",""
"0","","","","","","","","","","","","","","","","","",""
"0","","","","","","","","","","","","","","","","","",""
"0","","","","","","","","","","","","","","","","","",""
"0","","","","","","","","","","","","","","","","","",""
"0","","","","","","","","","","","","","","","","","",""
"0","","","","","","","","","","","","","","","","","",""
"0","","","","","","","","","","","","","","","","","",""
"0","","","","","","","","","","","","","","","","","",""
"0","","","","","","","","","","","","","","","","","",""
"0","","","","","","","","","","","","","","","","","",""
"0","","","","","","","","","","","","","","","","","",""
"0","","","","","","","","","","","","","","","","","",""
"0","","","","","","","","","","","","","","","","","",""
"0","","","","","","","","","","","","","","","","","",""
"0","","","","","","","","","","","","","","","","","",""
"0","","","","","","","","","","","","","","","","","",""
"0","","","","","","","","","","","","","","","","","",""
"0","","","","","","","","","","","","","","","","","",""
"0","","","","","","","","","","","","","","","","","",""
"0","","","","","","","","","","","","","","","","","",""
"0","","","","","","","","","","","","","","","","","",""
"0","","","","","","","","","","","","","","","","","",""
"0","","","","","","","","","","","","","","","","","",""
"0","","","","","","","","","","","","","","","","","",""
"0","","","","","","","","","","","","","","","","","",""
"0","","","","","","","","","","","","","","","","","",""
"0","","","","","","","","","","","","","","","","","",""
"0","","","","","","","","","","","","","","","","","",""
"0","","","","","","","","","","","","","","","","","",""
"0","","","","","","","","","","","","","","","","","",""
"0","","","","","","","","","","","","","","","","","",""
"0","","","","","","","","","","","","","","","","","",""
"0","","","","","","","","","","","","","","","","","",""
"0","","","","","","","","","","","","","","","","","",""
"0","","","","","","","","","","","","","","","","","",""
"0","","","","","","","","","","","","","","","","","",""
"0","","","","","","","","","","","","","","","","","",""
"0","","","","","","","","","","","","","","","","","",""
"0","","","","","","","","","","","","","","","","","",""
"0","","","","","","","","","","","","","","","","","",""
"0","","","","","","","","","","","","","","","","","",""
"0","","","","","","","","","","","","","","","","","",""
"0","","","","","","","","","","","","","","","","","",""
"0","","","","","","","","","","","","","","","","","",""
"0","","","","","","","","","","","","","","","","","",""
"0","","","","","","","","","","","","","","","","","",""
"0","","","","","","","","","","","","","","","","","",""
"0","","","","","","","","","","","","","","","","","",""
"0","","","","","","","","","","","","","","","","","",""
"0","","","","","","","","","","","","","","","","","",""
"0","","","","","","","","","","","","","","","","","",""
"0","","","","","","","","","","","","","","","","","",""
"0","","","","","","","","","","","","","","","","","",""
"0","","","","","","","","","","","","","","","","","",""
"0","","","","","","","","","","","","","","","","","",""
"0","","","","","","","","","","","","","","","","","",""
"0","","","","","","","","","","","","","","","","","",""
"0","","","","","","","","","","","","","","","","","",""
"0","","","","","","","","","","","","","","","","","",""
"0","","","","","","","","","","","","","","","","","",""
"0","","","","","","","","","","","","","","","","","",""
"0","","","","","","","","","","","","","","","","","",""
"0","","","","","","","","","","","","","","","","","",""
"0","","","","","","","","","","","","","","","","","",""
"0","","","","","","","","","","","","","","","","","",""
"0","","","","","","","","","","","","","","","","","",""
"0","","","","","","","","","","","","","","","","","",""
"0","","","","","","","","","","","","","","","","","",""
"0","","","","","","","","","","","","","","","","","",""
"0","","","","","","","","","","","","","","","","","",""
"0","","","","","","","","","","","","","","","","","",""
"0","","","","","","","","","","","","","","","","","",""
"0","","","","","","","","","","","","","","","","","",""
"0","","","","","","","","","","","","","","","","","",""
"0","","","","","","","","","","","","","","","","","",""
"0","","","","","","","","","","","","","","","","","",""
"0","","","","","","","","","","","","","","","","","",""
"0","","","","","","","","","","","","","","","","","",""
"0","","","","","","","","","","","","","","","","","",""
"0","","","","","","","","","","","","","","","","","",""
"0","","","","","","","","","","","","","","","","","",""
"0","","","","","","","","","","","","","","","","","",""
"0","","","","","","","","","","","","","","","","","",""
"0","","","","","","","","","","","","","","","","","",""
"0","","","","","","","","","","","","","","","","","",""
"0","","","","","","","","","","","","","","","","","",""
"0","","","","","","","","","","","","","","","","","",""
"0","","","","","","","","","","","","","","","","","",""
"0","","","","","","","","","","","","","","","","","",""
"0","","","","","","","","","","","","","","","","","",""
"0","","","","","","","","","","","","","","","","","",""
"0","","","","","","","","","","","","","","","","","",""
"0","","","","","","","","","","","","","","","","","",""
"0","","","","","","","","","","","","","","","","","",""
"0","","","","","","","","","","","","","","","","","",""
"0","","","","","","","","","","","","","","","","","",""
"0","","","","","","","","","","","","","","","","","",""
"0","","","","","","","","","","","","","","","","","",""
"0","","","","","","","","","","","","","","","","","",""
"0","","","","","","","","","","","","","","","","","",""
"0","","","","","","","","","","","","","","","","","",""
"0","","","","","","","","","","","","","","","","","",""
"0","","","","","","","","","","","","","","","","","",""
"0","","","","","","","","","","","","","","","","","",""
"0","","","","","","","","","","","","","","","","","",""
"0","","","","","","","","","","","","","","","","","",""
"0","","","","","","","","","","","","","","","","","",""
"0","","","","","","","","","","","","","","","","","",""
"0","","","","","","","","","","","","","","","","","",""
"0","","","","","","","","","","","","","","","","","",""
"0","","","","","","","","","","","","","","","","","",""
"0","","","","","","","","","","","","","","","","","",""
"0","","","","","","","","","","","","","","","","","",""
"0","","","","","","","","","","","","","","","","","",""
"0","","","","","","","","","","","","","","","","","",""
"0","","","","","","","","","","","","","","","","","",""
"0","","","","","","","","","","","","","","","","","",""
"0","","","","","","","","","","","","","","","","","",""
"0","","","","","","","","","","","","","","","","","",""
"0","","","","","","","","","","","","","","","","","",""
"0","","","","","","","","","","","","","","","","","",""
"0","","","","","","","","","","","","","","","","","",""
"0","","","","","","","","","","","","","","","","","",""
"0","","","","","","","","","","","","","","","","","",""
"0","","","","","","","","","","","","","","","","","",""
"0","","","","","","","","","","","","","","","","","",""
"0","","","","","","","","","","","","","","","","","",""
"0","","","","","","","","","","","","","","","","","",""
"0","","","","","","","","","","","","","","","","","",""
"0","","","","","","","","","","","","","","","","","",""
"0","","","","","","","","","","","","","","","","","",""
"0","","","","","","","","","","","","","","","","","",""
"0","","","","","","","","","","","","","","","","","",""
"0","","","","","","","","","","","","","","","","","",""
"0","","","","","","","","","","","","","","","","","",""
"0","","","","","","","","","","","","","","","","","",""
"0","","","","","","","","","","","","","","","","","",""
"0","","","","","","","","","","","","","","","","","",""
"0","","","","","","","","","","","","","","","","","",""
"0","","","","","","","","","","","","","","","","","",""
"0","","","","","","","","","","","","","","","","","",""
"0","","","","","","","","","","","","","","","","","",""
"0","","","","","","","","","","","","","","","","","",""
"0","","","","","","","","","","","","","","","","","",""
"0","","","","","","","","","","","","","","","","","",""
"0","","","","","","","","","","","","","","","","","",""
"0","","","","","","","","","","","","","","","","","",""
"0","","","","","","","","","","","","","","","","","",""
"0","","","","","","","","","","","","","","","","","",""
"0","","","","","","","","","","","","","","","","","",""
"0","","","","","","","","","","","","","","","","","",""
"0","","","","","","","","","","","","","","","","","",""
"0","","","","","","","","","","","","","","","","","",""
"0","","","","","","","","","","","","","","","","","",""
"0","","","","","","","","","","","","","","","","","",""
"0","","","","","","","","","","","","","","","","","",""
"0","","","","","","","","","","","","","","","","","",""
"0","","","","","","","","","","","","","","","","","",""
"0","","","","","","","","","","","","","","","","","",""
"0","","","","","","","","","","","","","","","","","",""
"0","","","","","","","","","","","","","","","","","",""
"0","","","","","","","","","","","","","","","","","",""
"0","","","","","","","","","","","","","","","","","",""
"0","","","","","","","","","","","","","","","","","",""
"0","","","","","","","","","","","","","","","","","",""
"0","","","","","","","","","","","","","","","","","",""
"0","","","","","","","","","","","","","","","","","",""
"0","","","","","","","","","","","","","","","","","",""
"0","","","","","","","","","","","","","","","","","",""
"0","","","","","","","","","","","","","","","","","",""
"0","","","","","","","","","","","","","","","","","",""
"0","","","","","","","","","","","","","","","","","",""
"0","","","","","","","","","","","","","","","","","",""
"0","","","","","","","","","","","","","","","","","",""
"0","","","","","","","","","","","","","","","","","",""
"0","","","","","","","","","","","","","","","","","",""
"0","","","","","","","","","","","","","","","","","",""
"0","","","","","","","","","","","","","","","","","",""
"0","","","","","","","","","","","","","","","","","",""
"0","","","","","","","","","","","","","","","","","",""
"0","","","","","","","","","","","","","","","","","",""
"0","","","","","","","","","","","","","","","","","",""
"0","","","","","","","","","","","","","","","","","",""
"0","","","","","","","","","","","","","","","","","",""
"0","","","","","","","","","","","","","","","","","",""
"0","","","","","","","","","","","","","","","","","",""
"0","","","","","","","","","","","","","","","","","",""
"0","","","","","","","","","","","","","","","","","",""
"0","","","","","","","","","","","","","","","","","",""
"0","","","","","","","","","","","","","","","","","",""
"0","","","","","","","","","","","","","","","","","",""
"0","","","","","","","","","","","","","","","","","",""
"0","","","","","","","","","","","","","","","","","",""
"0","","","","","","","","","","","","","","","","","",""
"0","","","","","","","","","","","","","","","","","",""
"0","","","","","","","","","","","","","","","","","",""
"0","","","","","","","","","","","","","","","","","",""
"0","","","","","","","","","","","","","","","","","",""
"0","","","","","","","","","","","","","","","","","",""
"0","","","","","","","","","","","","","","","","","",""
"0","","","","","","","","","","","","","","","","","",""
"0","","","","","","","","","","","","","","","","","",""
"0","","","","","","","","","","","","","","","","","",""
"0","","","","","","","","","","","","","","","","","",""
"0","","","","","","","","","","","","","","","","","",""
"0","","","","","","","","","","","","","","","","","",""
"0","","","","","","","","","","","","","","","","","",""
"0","","","","","","","","","","","","","","","","","",""
"0","","","","","","","","","","","","","","","","","",""
"0","","","","","","","","","","","","","","","","","",""
"0","","","","","","","","","","","","","","","","","",""
"0","","","","","","","","","","","","","","","","","",""
"0","","","","","","","","","","","","","","","","","",""
"0","","","","","","","","","","","","","","","","","",""
"0","","","","","","","","","","","","","","","","","",""
"0","","","","","","","","","","","","","","","","","",""
"0","","","","","","","","","","","","","","","","","",""
"0","","","","","","","","","","","","","","","","","",""
"0","","","","","","","","","","","","","","","","","",""
"0","","","","","","","","","","","","","","","","","",""
"0","","","","","","","","","","","","","","","","","",""
"0","","","","","","","","","","","","","","","","","",""
"0","","","","","","","","","","","","","","","","","",""
"0","","","","","","","","","","","","","","","","","",""
"0","","","","","","","","","","","","","","","","","",""
"0","","","","","","","","","","","","","","","","","",""
"0","","","","","","","","","","","","","","","","","",""
"0","","","","","","","","","","","","","","","","","",""
"0","","","","","","","","","","","","","","","","","",""
"0","","","","","","","","","","","","","","","","","",""
"0","","","","","","","","","","","","","","","","","",""
"0","","","","","","","","","","","","","","","","","",""
"0","","","","","","","","","","","","","","","","","",""
"0","","","","","","","","","","","","","","","","","",""
"0","","","","","","","","","","","","","","","","","",""
"0","","","","","","","","","","","","","","","","","",""
"0","","","","","","","","","","","","","","","","","",""
"0","","","","","","","","","","","","","","","","","",""
"0","","","","","","","","","","","","","","","","","",""
"0","","","","","","","","","","","","","","","","","",""
"0","","","","","","","","","","","","","","","","","",""
"0","","","","","","","","","","","","","","","","","",""
"0","","","","","","","","","","","","","","","","","",""
"0","","","","","","","","","","","","","","","","","",""
"0","","","","","","","","","","","","","","","","","",""
"0","","","","","","","","","","","","","","","","","",""
"0","","","","","","","","","","","","","","","","","",""
"0","","","","","","","","","","","","","","","","","",""
"0","","","","","","","","","","","","","","","","","",""
"0","","","","","","","","","","","","","","","","","",""
"0","","","","","","","","","","","","","","","","","",""
"0","","","","","","","","","","","","","","","","","",""
"0","","","","","","","","","","","","","","","","","",""
"0","","","","","","","","","","","","","","","","","",""
"0","","","","","","","","","","","","","","","","","",""
"0","","","","","","","","","","","","","","","","","",""
"0","","","","","","","","","","","","","","","","","",""
"0","","","","","","","","","","","","","","","","","",""
"0","","","","","","","","","","","","","","","","","",""
"0","","","","","","","","","","","","","","","","","",""
"0","","","","","","","","","","","","","","","","","",""
"0","","","","","","","","","","","","","","","","","",""
"0","","","","","","","","","","","","","","","","","",""
"0","","","","","","","","","","","","","","","","","",""
"0","","","","","","","","","","","","","","","","","",""
"0","","","","","","","","","","","","","","","","","",""
"0","","","","","","","","","","","","","","","","","",""
"0","","","","","","","","","","","","","","","","","",""
"0","","","","","","","","","","","","","","","","","",""
"0","","","","","","","","","","","","","","","","","",""
"0","","","","","","","","","","","","","","","","","",""
"0","","","","","","","","","","","","","","","","","",""
"0","","","","","","","","","","","","","","","","","",""
"0","","","","","","","","","","","","","","","","","",""
"0","","","","","","","","","","","","","","","","","",""
"0","","","","","","","","","","","","","","","","","",""
"0","","","","","","","","","","","","","","","","","",""
"0","","","","","","","","","","","","","","","","","",""
"0","","","","","","","","","","","","","","","","","",""
"0","","","","","","","","","","","","","","","","","",""
"0","","","","","","","","","","","","","","","","","",""
"0","","","","","","","","","","","","","","","","","",""
"0","","","","","","","","","","","","","","","","","",""
"0","","","","","","","","","","","","","","","","","",""
"0","","","","","","","","","","","","","","","","","",""
"0","","","","","","","","","","","","","","","","","",""
"0","","","","","","","","","","","","","","","","","",""
"0","","","","","","","","","","","","","","","","","",""
"0","","","","","","","","","","","","","","","","","",""
"0","","","","","","","","","","","","","","","","","",""
"0","","","","","","","","","","","","","","","","","",""
"0","","","","","","","","","","","","","","","","","",""
"0","","","","","","","","","","","","","","","","","",""
"0","","","","","","","","","","","","","","","","","",""
"0","","","","","","","","","","","","","","","","","",""
"0","","","","","","","","","","","","","","","","","",""
"0","","","","","","","","","","","","","","","","","",""
"0","","","","","","","","","","","","","","","","","",""
"0","","","","","","","","","","","","","","","","","",""
"0","","","","","","","","","","","","","","","","","",""
"0","","","","","","","","","","","","","","","","","",""
"0","","","","","","","","","","","","","","","","","",""
"0","","","","","","","","","","","","","","","","","",""
"0","","","","","","","","","","","","","","","","","",""
"0","","","","","","","","","","","","","","","","","",""
"0","","","","","","","","","","","","","","","","","",""
"0","","","","","","","","","","","","","","","","","",""
"0","","","","","","","","","","","","","","","","","",""
"0","","","","","","","","","","","","","","","","","",""
"0","","","","","","","","","","","","","","","","","",""
"0","","","","","","","","","","","","","","","","","",""
"0","","","","","","","","","","","","","","","","","",""
"0","","","","","","","","","","","","","","","","","",""
"0","","","","","","","","","","","","","","","","","",""
"0","","","","","","","","","","","","","","","","","",""
"0","","","","","","","","","","","","","","","","","",""
"0","","","","","","","","","","","","","","","","","",""
"0","","","","","","","","","","","","","","","","","",""
"0","","","","","","","","","","","","","","","","","",""
"0","","","","","","","","","","","","","","","","","",""
"0","","","","","","","","","","","","","","","","","",""
"0","","","","","","","","","","","","","","","","","",""
"0","","","","","","","","","","","","","","","","","",""
"0","","","","","","","","","","","","","","","","","",""
"0","","","","","","","","","","","","","","","","","",""
"0","","","","","","","","","","","","","","","","","",""
"0","","","","","","","","","","","","","","","","","",""
"0","","","","","","","","","","","","","","","","","",""
"0","","","","","","","","","","","","","","","","","",""
"0","","","","","","","","","","","","","","","","","",""
"0","","","","","","","","","","","","","","","","","",""
"0","","","","","","","","","","","","","","","","","",""
"0","","","","","","","","","","","","","","","","","",""
"0","","","","","","","","","","","","","","","","","",""
"0","","","","","","","","","","","","","","","","","",""
"0","","","","","","","","","","","","","","","","","",""
"0","","","","","","","","","","","","","","","","","",""
"0","","","","","","","","","","","","","","","","","",""
"0","","","","","","","","","","","","","","","","","",""
"0","","","","","","","","","","","","","","","","","",""
"0","","","","","","","","","","","","","","","","","",""
"0","","","","","","","","","","","","","","","","","",""
"0","","","","","","","","","","","","","","","","","",""
"0","","","","","","","","","","","","","","","","","",""
"0","","","","","","","","","","","","","","","","","",""
"0","","","","","","","","","","","","","","","","","",""
"0","","","","","","","","","","","","","","","","","",""
"0","","","","","","","","","","","","","","","","","",""
"0","","","","","","","","","","","","","","","","","",""
"0","","","","","","","","","","","","","","","","","",""
"0","","","","","","","","","","","","","","","","","",""
"0","","","","","","","","","","","","","","","","","",""
"0","","","","","","","","","","","","","","","","","",""
"0","","","","","","","","","","","","","","","","","",""
"0","","","","","","","","","","","","","","","","","",""
"0","","","","","","","","","","","","","","","","","",""
"0","","","","","","","","","","","","","","","","","",""
"0","","","","","","","","","","","","","","","","","",""
"0","","","","","","","","","","","","","","","","","",""
"0","","","","","","","","","","","","","","","","","",""
"0","","","","","","","","","","","","","","","","","",""
"0","","","","","","","","","","","","","","","","","",""
"0","","","","","","","","","","","","","","","","","",""
"0","","","","","","","","","","","","","","","","","",""
"0","","","","","","","","","","","","","","","","","",""
"0","","","","","","","","","","","","","","","","","",""
"0","","","","","","","","","","","","","","","","","",""
"0","","","","","","","","","","","","","","","","","",""
"0","","","","","","","","","","","","","","","","","",""
"0","","","","","","","","","","","","","","","","","",""
"0","","","","","","","","","","","","","","","","","",""
"0","","","","","","","","","","","","","","","","","",""
"0","","","","","","","","","","","","","","","","","",""
"0","","","","","","","","","","","","","","","","","",""
"0","","","","","","","","","","","","","","","","","",""
"0","","","","","","","","","","","","","","","","","",""
"0","","","","","","","","","","","","","","","","","",""
"0","","","","","","","","","","","","","","","","","",""
"0","","","","","","","","","","","","","","","","","",""
"0","","","","","","","","","","","","","","","","","",""
"0","","","","","","","","","","","","","","","","","",""
"0","","","","","","","","","","","","","","","","","",""
"0","","","","","","","","","","","","","","","","","",""
"0","","","","","","","","","","","","","","","","","",""
"0","","","","","","","","","","","","","","","","","",""
"0","","","","","","","","","","","","","","","","","",""
"0","","","","","","","","","","","","","","","","","",""
"0","","","","","","","","","","","","","","","","","",""
"0","","","","","","","","","","","","","","","","","",""
"0","","","","","","","","","","","","","","","","","",""
"0","","","","","","","","","","","","","","","","","",""
"0","","","","","","","","","","","","","","","","","",""
"0","","","","","","","","","","","","","","","","","",""
"0","","","","","","","","","","","","","","","","","",""
"0","","","","","","","","","","","","","","","","","",""
"0","","","","","","","","","","","","","","","","","",""
"0","","","","","","","","","","","","","","","","","",""
"0","","","","","","","","","","","","","","","","","",""
"0","","","","","","","","","","","","","","","","","",""
"0","","","","","","","","","","","","","","","","","",""
"0","","","","","","","","","","","","","","","","","",""
"0","","","","","","","","","","","","","","","","","",""
"0","","","","","","","","","","","","","","","","","",""
"0","","","","","","","","","","","","","","","","","",""
"0","","","","","","","","","","","","","","","","","",""
"0","","","","","","","","","","","","","","","","","",""
"0","","","","","","","","","","","","","","","","","",""
"0","","","","","","","","","","","","","","","","","",""
"0","","","","","","","","","","","","","","","","","",""
"0","","","","","","","","","","","","","","","","","",""
"0","","","","","","","","","","","","","","","","","",""
"0","","","","","","","","","","","","","","","","","",""
"0","","","","","","","","","","","","","","","","","",""
"0","","","","","","","","","","","","","","","","","",""
"0","","","","","","","","","","","","","","","","","",""
"0","","","","","","","","","","","","","","","","","",""
"0","","","","","","","","","","","","","","","","","",""
"0","","","","","","","","","","","","","","","","","",""
"0","","","","","","","","","","","","","","","","","",""
"0","","","","","","","","","","","","","","","","","",""
"0","","","","","","","","","","","","","","","","","",""
"0","","","","","","","","","","","","","","","","","",""
"0","","","","","","","","","","","","","","","","","",""
"0","","","","","","","","","","","","","","","","","",""
"0","","","","","","","","","","","","","","","","","",""
"0","","","","","","","","","","","","","","","","","",""
"0","","","","","","","","","","","","","","","","","",""
"0","","","","","","","","","","","","","","","","","",""
"0","","","","","","","","","","","","","","","","","",""
"0","","","","","","","","","","","","","","","","","",""
"0","","","","","","","","","","","","","","","","","",""
"0","","","","","","","","","","","","","","","","","",""
"0","","","","","","","","","","","","","","","","","",""
"0","","","","","","","","","","","","","","","","","",""
"0","","","","","","","","","","","","","","","","","",""
"0","","","","","","","","","","","","","","","","","",""
"0","","","","","","","","","","","","","","","","","",""
"0","","","","","","","","","","","","","","","","","",""
"0","","","","","","","","","","","","","","","","","",""
"0","","","","","","","","","","","","","","","","","",""
"0","","","","","","","","","","","","","","","","","",""
"0","","","","","","","","","","","","","","","","","",""
"0","","","","","","","","","","","","","","","","","",""
"0","","","","","","","","","","","","","","","","","",""
"0","","","","","","","","","","","","","","","","","",""
"0","","","","","","","","","","","","","","","","","",""
"0","","","","","","","","","","","","","","","","","",""
"0","","","","","","","","","","","","","","","","","",""
"0","","","","","","","","","","","","","","","","","",""
"0","","","","","","","","","","","","","","","","","",""
"0","","","","","","","","","","","","","","","","","",""
"0","","","","","","","","","","","","","","","","","",""
"0","","","","","","","","","","","","","","","","","",""
"0","","","","","","","","","","","","","","","","","",""
"0","","","","","","","","","","","","","","","","","",""
"0","","","","","","","","","","","","","","","","","",""
"0","","","","","","","","","","","","","","","","","",""
"0","","","","","","","","","","","","","","","","","",""
"0","","","","","","","","","","","","","","","","","",""
"0","","","","","","","","","","","","","","","","","",""
"0","","","","","","","","","","","","","","","","","",""
"0","","","","","","","","","","","","","","","","","",""
"0","","","","","","","","","","","","","","","","","",""
"0","","","","","","","","","","","","","","","","","",""
"0","","","","","","","","","","","","","","","","","",""
"0","","","","","","","","","","","","","","","","","",""
"0","","","","","","","","","","","","","","","","","",""
"0","","","","","","","","","","","","","","","","","",""
"0","","","","","","","","","","","","","","","","","",""
"0","","","","","","","","","","","","","","","","","",""
"0","","","","","","","","","","","","","","","","","",""
"0","","","","","","","","","","","","","","","","","",""
"0","","","","","","","","","","","","","","","","","",""
"0","","","","","","","","","","","","","","","","","",""
"0","","","","","","","","","","","","","","","","","",""
"0","","","","","","","","","","","","","","","","","",""
"0","","","","","","","","","","","","","","","","","",""
"0","","","","","","","","","","","","","","","","","",""
"0","","","","","","","","","","","","","","","","","",""
"0","","","","","","","","","","","","","","","","","",""
"0","","","","","","","","","","","","","","","","","",""
"0","","","","","","","","","","","","","","","","","",""
"0","","","","","","","","","","","","","","","","","",""
"0","","","","","","","","","","","","","","","","","",""
"0","","","","","","","","","","","","","","","","","",""
"0","","","","","","","","","","","","","","","","","",""
"0","","","","","","","","","","","","","","","","","",""
"0","","","","","","","","","","","","","","","","","",""
"0","","","","","","","","","","","","","","","","","",""
"0","","","","","","","","","","","","","","","","","",""
"0","","","","","","","","","","","","","","","","","",""
"0","","","","","","","","","","","","","","","","","",""
"0","","","","","","","","","","","","","","","","","",""
"0","","","","","","","","","","","","","","","","","",""
"0","","","","","","","","","","","","","","","","","",""
"0","","","","","","","","","","","","","","","","","",""
"0","","","","","","","","","","","","","","","","","",""
"0","","","","","","","","","","","","","","","","","",""
"0","","","","","","","","","","","","","","","","","",""
"0","","","","","","","","","","","","","","","","","",""
"0","","","","","","","","","","","","","","","","","",""
"0","","","","","","","","","","","","","","","","","",""
"0","","","","","","","","","","","","","","","","","",""
"0","","","","","","","","","","","","","","","","","",""
"0","","","","","","","","","","","","","","","","","",""
"0","","","","","","","","","","","","","","","","","",""
"0","","","","","","","","","","","","","","","","","",""
"0","","","","","","","","","","","","","","","","","",""
"0","","","","","","","","","","","","","","","","","",""
"0","","","","","","","","","","","","","","","","","",""
"0","","","","","","","","","","","","","","","","","",""
"0","","","","","","","","","","","","","","","","","",""
"0","","","","","","","","","","","","","","","","","",""
"0","","","","","","","","","","","","","","","","","",""
"0","","","","","","","","","","","","","","","","","",""
"0","","","","","","","","","","","","","","","","","",""
"0","","","","","","","","","","","","","","","","","",""
"0","","","","","","","","","","","","","","","","","",""
"0","","","","","","","","","","","","","","","","","",""
"0","","","","","","","","","","","","","","","","","",""
"0","","","","","","","","","","","","","","","","","",""
"0","","","","","","","","","","","","","","","","","",""
"0","","","","","","","","","","","","","","","","","",""
"0","","","","","","","","","","","","","","","","","",""
"0","","","","","","","","","","","","","","","","","",""
"0","","","","","","","","","","","","","","","","","",""
"0","","","","","","","","","","","","","","","","","",""
"0","","","","","","","","","","","","","","","","","",""
"0","","","","","","","","","","","","","","","","","",""
"0","","","","","","","","","","","","","","","","","",""
"0","","","","","","","","","","","","","","","","","",""
"0","","","","","","","","","","","","","","","","","",""
"0","","","","","","","","","","","","","","","","","",""
"0","","","","","","","","","","","","","","","","","",""
"0","","","","","","","","","","","","","","","","","",""
"0","","","","","","","","","","","","","","","","","",""
"0","","","","","","","","","","","","","","","","","",""
"0","","","","","","","","","","","","","","","","","",""
"0","","","","","","","","","","","","","","","","","",""
"0","","","","","","","","","","","","","","","","","",""
"0","","","","","","","","","","","","","","","","","",""
"0","","","","","","","","","","","","","","","","","",""
"0","","","","","","","","","","","","","","","","","",""
"0","","","","","","","","","","","","","","","","","",""
"0","","","","","","","","","","","","","","","","","",""
"0","","","","","","","","","","","","","","","","","",""
"0","","","","","","","","","","","","","","","","","",""
"0","","","","","","","","","","","","","","","","","",""
"0","","","","","","","","","","","","","","","","","",""
"0","","","","","","","","","","","","","","","","","",""
"0","","","","","","","","","","","","","","","","","",""
"0","","","","","","","","","","","","","","","","","",""
"0","","","","","","","","","","","","","","","","","",""
"0","","","","","","","","","","","","","","","","","",""
"0","","","","","","","","","","","","","","","","","",""
"0","","","","","","","","","","","","","","","","","",""
"0","","","","","","","","","","","","","","","","","",""
"0","","","","","","","","","","","","","","","","","",""
"0","","","","","","","","","","","","","","","","","",""
"0","","","","","","","","","","","","","","","","","",""
"0","","","","","","","","","","","","","","","","","",""
"0","","","","","","","","","","","","","","","","","",""
"0","","","","","","","","","","","","","","","","","",""
"0","","","","","","","","","","","","","","","","","",""
"0","","","","","","","","","","","","","","","","","",""
"0","","","","","","","","","","","","","","","","","",""
"0","","","","","","","","","","","","","","","","","",""
"0","","","","","","","","","","","","","","","","","",""
"0","","","","","","","","","","","","","","","","","",""
"0","","","","","","","","","","","","","","","","","",""
"0","","","","","","","","","","","","","","","","","",""
"0","","","","","","","","","","","","","","","","","",""
"0","","","","","","","","","","","","","","","","","",""
"0","","","","","","","","","","","","","","","","","",""
"0","","","","","","","","","","","","","","","","","",""
"0","","","","","","","","","","","","","","","","","",""
"0","","","","","","","","","","","","","","","","","",""
"0","","","","","","","","","","","","","","","","","",""
"0","","","","","","","","","","","","","","","","","",""
"0","","","","","","","","","","","","","","","","","",""
"0","","","","","","","","","","","","","","","","","",""
"0","","","","","","","","","","","","","","","","","",""
"0","","","","","","","","","","","","","","","","","",""
"0","","","","","","","","","","","","","","","","","",""
"0","","","","","","","","","","","","","","","","","",""
"0","","","","","","","","","","","","","","","","","",""
"0","","","","","","","","","","","","","","","","","",""
"0","","","","","","","","","","","","","","","","","",""
"0","","","","","","","","","","","","","","","","","",""
"0","","","","","","","","","","","","","","","","","",""
"0","","","","","","","","","","","","","","","","","",""
"0","","","","","","","","","","","","","","","","","",""
"0","","","","","","","","","","","","","","","","","",""
"0","","","","","","","","","","","","","","","","","",""
"0","","","","","","","","","","","","","","","","","",""
"0","","","","","","","","","","","","","","","","","",""
"0","","","","","","","","","","","","","","","","","",""
"0","","","","","","","","","","","","","","","","","",""
"0","","","","","","","","","","","","","","","","","",""
"0","","","","","","","","","","","","","","","","","",""
"0","","","","","","","","","","","","","","","","","",""
"0","","","","","","","","","","","","","","","","","",""
"0","","","","","","","","","","","","","","","","","",""
"0","","","","","","","","","","","","","","","","","",""
"0","","","","","","","","","","","","","","","","","",""
"0","","","","","","","","","","","","","","","","","",""
"0","","","","","","","","","","","","","","","","","",""
"0","","","","","","","","","","","","","","","","","",""
"0","","","","","","","","","","","","","","","","","",""
"0","","","","","","","","","","","","","","","","","",""
"0","","","","","","","","","","","","","","","","","",""
"0","","","","","","","","","","","","","","","","","",""
"0","","","","","","","","","","","","","","","","","",""
"0","","","","","","","","","","","","","","","","","",""
"0","","","","","","","","","","","","","","","","","",""
"0","","","","","","","","","","","","","","","","","",""
"0","","","","","","","","","","","","","","","","","",""
"0","","","","","","","","","","","","","","","","","",""
"0","","","","","","","","","","","","","","","","","",""
"0","","","","","","","","","","","","","","","","","",""
"0","","","","","","","","","","","","","","","","","",""
"0","","","","","","","","","","","","","","","","","",""
"0","","","","","","","","","","","","","","","","","",""
"0","","","","","","","","","","","","","","","","","",""
"0","","","","","","","","","","","","","","","","","",""
"0","","","","","","","","","","","","","","","","","",""
"0","","","","","","","","","","","","","","","","","",""
"0","","","","","","","","","","","","","","","","","",""
"0","","","","","","","","","","","","","","","","","",""
"0","","","","","","","","","","","","","","","","","",""
"0","","","","","","","","","","","","","","","","","",""
"0","","","","","","","","","","","","","","","","","",""
"0","","","","","","","","","","","","","","","","","",""
"0","","","","","","","","","","","","","","","","","",""
"0","","","","","","","","","","","","","","","","","",""
"0","","","","","","","","","","","","","","","","","",""
"0","","","","","","","","","","","","","","","","","",""
"0","","","","","","","","","","","","","","","","","",""
"0","","","","","","","","","","","","","","","","","",""
"0","","","","","","","","","","","","","","","","","",""
"0","","","","","","","","","","","","","","","","","",""
"0","","","","","","","","","","","","","","","","","",""
"0","","","","","","","","","","","","","","","","","",""
"0","","","","","","","","","","","","","","","","","",""
"0","","","","","","","","","","","","","","","","","",""
"0","","","","","","","","","","","","","","","","","",""
"0","","","","","","","","","","","","","","","","","",""
"0","","","","","","","","","","","","","","","","","",""
"0","","","","","","","","","","","","","","","","","",""
"0","","","","","","","","","","","","","","","","","",""
"0","","","","","","","","","","","","","","","","","",""
"0","","","","","","","","","","","","","","","","","",""
"0","","","","","","","","","","","","","","","","","",""
"0","","","","","","","","","","","","","","","","","",""
"0","","","","","","","","","","","","","","","","","",""
"0","","","","","","","","","","","","","","","","","",""
"0","","","","","","","","","","","","","","","","","",""
"0","","","","","","","","","","","","","","","","","",""
"0","","","","","","","","","","","","","","","","","",""
"0","","","","","","","","","","","","","","","","","",""
"0","","","","","","","","","","","","","","","","","",""
"0","","","","","","","","","","","","","","","","","",""
"0","","","","","","","","","","","","","","","","","",""
"0","","","","","","","","","","","","","","","","","",""
"0","","","","","","","","","","","","","","","","","",""
"0","","","","","","","","","","","","","","","","","",""
"0","","","","","","","","","","","","","","","","","",""
"0","","","","","","","","","","","","","","","","","",""
"0","","","","","","","","","","","","","","","","","",""
"0","","","","","","","","","","","","","","","","","",""
"0","","","","","","","","","","","","","","","","","",""
"0","","","","","","","","","","","","","","","","","",""
"0","","","","","","","","","","","","","","","","","",""
"0","","","","","","","","","","","","","","","","","",""
"0","","","","","","","","","","","","","","","","","",""
"0","","","","","","","","","","","","","","","","","",""
"0","","","","","","","","","","","","","","","","","",""
"0","","","","","","","","","","","","","","","","","",""
"0","","","","","","","","","","","","","","","","","",""
"0","","","","","","","","","","","","","","","","","",""
"0","","","","","","","","","","","","","","","","","",""
"0","","","","","","","","","","","","","","","","","",""
"0","","","","","","","","","","","","","","","","","",""
"0","","","","","","","","","","","","","","","","","",""
"0","","","","","","","","","","","","","","","","","",""
"0","","","","","","","","","","","","","","","","","",""
"0","","","","","","","","","","","","","","","","","",""
"0","","","","","","","","","","","","","","","","","",""
"0","","","","","","","","","","","","","","","","","",""
"0","","","","","","","","","","","","","","","","","",""
"0","","","","","","","","","","","","","","","","","",""
"0","","","","","","","","","","","","","","","","","",""
"0","","","","","","","","","","","","","","","","","",""
"0","","","","","","","","","","","","","","","","","",""
"0","","","","","","","","","","","","","","","","","",""
"0","","","","","","","","","","","","","","","","","",""
"0","","","","","","","","","","","","","","","","","",""
"0","","","","","","","","","","","","","","","","","",""
"0","","","","","","","","","","","","","","","","","",""
"0","","","","","","","","","","","","","","","","","",""
"0","","","","","","","","","","","","","","","","","",""
"0","","","","","","","","","","","","","","","","","",""
"0","","","","","","","","","","","","","","","","","",""
"0","","","","","","","","","","","","","","","","","",""
"0","","","","","","","","","","","","","","","","","",""
"0","","","","","","","","","","","","","","","","","",""
"0","","","","","","","","","","","","","","","","","",""
"0","","","","","","","","","","","","","","","","","",""
"0","","","","","","","","","","","","","","","","","",""
"0","","","","","","","","","","","","","","","","","",""
"0","","","","","","","","","","","","","","","","","",""
"0","","","","","","","","","","","","","","","","","",""
"0","","","","","","","","","","","","","","","","","",""
"0","","","","","","","","","","","","","","","","","",""
"0","","","","","","","","","","","","","","","","","",""
"0","","","","","","","","","","","","","","","","","",""
"0","","","","","","","","","","","","","","","","","",""
"0","","","","","","","","","","","","","","","","","",""
"0","","","","","","","","","","","","","","","","","",""
"0","","","","","","","","","","","","","","","","","",""
"0","","","","","","","","","","","","","","","","","",""
"0","","","","","","","","","","","","","","","","","",""
"0","","","","","","","","","","","","","","","","","",""
"0","","","","","","","","","","","","","","","","","",""
"0","","","","","","","","","","","","","","","","","",""
"0","","","","","","","","","","","","","","","","","",""
"0","","","","","","","","","","","","","","","","","",""
"0","","","","","","","","","","","","","","","","","",""
"0","","","","","","","","","","","","","","","","","",""
"0","","","","","","","","","","","","","","","","","",""
"0","","","","","","","","","","","","","","","","","",""
"0","","","","","","","","","","","","","","","","","",""
"0","","","","","","","","","","","","","","","","","",""
"0","","","","","","","","","","","","","","","","","",""
"0","","","","","","","","","","","","","","","","","",""
"0","","","","","","","","","","","","","","","","","",""
"0","","","","","","","","","","","","","","","","","",""
"0","","","","","","","","","","","","","","","","","",""
"0","","","","","","","","","","","","","","","","","",""
"0","","","","","","","","","","","","","","","","","",""
"0","","","","","","","","","","","","","","","","","",""
"0","","","","","","","","","","","","","","","","","",""
"0","","","","","","","","","","","","","","","","","",""
"0","","","","","","","","","","","","","","","","","",""
"0","","","","","","","","","","","","","","","","","",""
"0","","","","","","","","","","","","","","","","","",""
"0","","","","","","","","","","","","","","","","","",""
"0","","","","","","","","","","","","","","","","","",""
"0","","","","","","","","","","","","","","","","","",""
"0","","","","","","","","","","","","","","","","","",""
"0","","","","","","","","","","","","","","","","","",""
"0","","","","","","","","","","","","","","","","","",""
"0","","","","","","","","","","","","","","","","","",""
"0","","","","","","","","","","","","","","","","","",""
"0","","","","","","","","","","","","","","","","","",""
"0","","","","","","","","","","","","","","","","","",""
"0","","","","","","","","","","","","","","","","","",""
"0","","","","","","","","","","","","","","","","","",""
"0","","","","","","","","","","","","","","","","","",""
"0","","","","","","","","","","","","","","","","","",""
"0","","","","","","","","","","","","","","","","","",""
"0","","","","","","","","","","","","","","","","","",""
"0","","","","","","","","","","","","","","","","","",""
"0","","","","","","","","","","","","","","","","","",""
"0","","","","","","","","","","","","","","","","","",""
"0","","","","","","","","","","","","","","","","","",""
"0","","","","","","","","","","","","","","","","","",""
"0","","","","","","","","","","","","","","","","","",""
"0","","","","","","","","","","","","","","","","","",""
"0","","","","","","","","","","","","","","","","","",""
"0","","","","","","","","","","","","","","","","","",""
"0","","","","","","","","","","","","","","","","","",""
"0","","","","","","","","","","","","","","","","","",""
"0","","","","","","","","","","","","","","","","","",""
"0","","","","","","","","","","","","","","","","","",""
"0","","","","","","","","","","","","","","","","","",""
"0","","","","","","","","","","","","","","","","","",""
"0","","","","","","","","","","","","","","","","","",""
"0","","","","","","","","","","","","","","","","","",""
"0","","","","","","","","","","","","","","","","","",""
"0","","","","","","","","","","","","","","","","","",""
"0","","","","","","","","","","","","","","","","","",""
"0","","","","","","","","","","","","","","","","","",""
"0","","","","","","","","","","","","","","","","","",""
"0","","","","","","","","","","","","","","","","","",""
"0","","","","","","","","","","","","","","","","","",""
"0","","","","","","","","","","","","","","","","","",""
"0","","","","","","","","","","","","","","","","","",""
"0","","","","","","","","","","","","","","","","","",""
"0","","","","","","","","","","","","","","","","","",""
"0","","","","","","","","","","","","","","","","","",""
"0","","","","","","","","","","","","","","","","","",""
"0","","","","","","","","","","","","","","","","","",""
"0","","","","","","","","","","","","","","","","","",""
"0","","","","","","","","","","","","","","","","","",""
"0","","","","","","","","","","","","","","","","","",""
"0","","","","","","","","","","","","","","","","","",""
"0","","","","","","","","","","","","","","","","","",""
"0","","","","","","","","","","","","","","","","","",""
"0","","","","","","","","","","","","","","","","","",""
"0","","","","","","","","","","","","","","","","","",""
"0","","","","","","","","","","","","","","","","","",""
"0","","","","","","","","","","","","","","","","","",""
"0","","","","","","","","","","","","","","","","","",""
"0","","","","","","","","","","","","","","","","","",""
"0","","","","","","","","","","","","","","","","","",""
"0","","","","","","","","","","","","","","","","","",""
"0","","","","","","","","","","","","","","","","","",""
"0","","","","","","","","","","","","","","","","","",""
"0","","","","","","","","","","","","","","","","","",""
"0","","","","","","","","","","","","","","","","","",""
"0","","","","","","","","","","","","","","","","","",""
"0","","","","","","","","","","","","","","","","","",""
"0","","","","","","","","","","","","","","","","","",""
"0","","","","","","","","","","","","","","","","","",""
"0","","","","","","","","","","","","","","","","","",""
"0","","","","","","","","","","","","","","","","","",""
"0","","","","","","","","","","","","","","","","","",""
"0","","","","","","","","","","","","","","","","","",""
"0","","","","","","","","","","","","","","","","","",""
"0","","","","","","","","","","","","","","","","","",""
"0","","","","","","","","","","","","","","","","","",""
"0","","","","","","","","","","","","","","","","","",""
"0","","","","","","","","","","","","","","","","","",""
"0","","","","","","","","","","","","","","","","","",""
"0","","","","","","","","","","","","","","","","","",""
"0","","","","","","","","","","","","","","","","","",""
"0","","","","","","","","","","","","","","","","","",""
"0","","","","","","","","","","","","","","","","","",""
"0","","","","","","","","","","","","","","","","","",""
"0","","","","","","","","","","","","","","","","","",""
"0","","","","","","","","","","","","","","","","","",""
"0","","","","","","","","","","","","","","","","","",""
"0","","","","","","","","","","","","","","","","","",""
"0","","","","","","","","","","","","","","","","","",""
"0","","","","","","","","","","","","","","","","","",""
"0","","","","","","","","","","","","","","","","","",""
"0","","","","","","","","","","","","","","","","","",""
"0","","","","","","","","","","","","","","","","","",""
"0","","","","","","","","","","","","","","","","","",""
"0","","","","","","","","","","","","","","","","","",""
"0","","","","","","","","","","","","","","","","","",""
"0","","","","","","","","","","","","","","","","","",""
"0","","","","","","","","","","","","","","","","","",""
"0","","","","","","","","","","","","","","","","","",""
"0","","","","","","","","","","","","","","","","","",""
"0","","","","","","","","","","","","","","","","","",""
"0","","","","","","","","","","","","","","","","","",""
"0","","","","","","","","","","","","","","","","","",""
"0","","","","","","","","","","","","","","","","","",""
"0","","","","","","","","","","","","","","","","","",""
"0","","","","","","","","","","","","","","","","","",""
"0","","","","","","","","","","","","","","","","","",""
"0","","","","","","","","","","","","","","","","","",""
"0","","","","","","","","","","","","","","","","","",""
"0","","","","","","","","","","","","","","","","","",""
"0","","","","","","","","","","","","","","","","","",""
"0","","","","","","","","","","","","","","","","","",""
"0","","","","","","","","","","","","","","","","","",""
"0","","","","","","","","","","","","","","","","","",""
"0","","","","","","","","","","","","","","","","","",""
"0","","","","","","","","","","","","","","","","","",""
"0","","","","","","","","","","","","","","","","","",""
"0","","","","","","","","","","","","","","","","","",""
"0","","","","","","","","","","","","","","","","","",""
"0","","","","","","","","","","","","","","","","","",""
"0","","","","","","","","","","","","","","","","","",""
"0","","","","","","","","","","","","","","","","","",""
"0","","","","","","","","","","","","","","","","","",""
"0","","","","","","","","","","","","","","","","","",""
"0","","","","","","","","","","","","","","","","","",""
"0","","","","","","","","","","","","","","","","","",""
"0","","","","","","","","","","","","","","","","","",""
"0","","","","","","","","","","","","","","","","","",""
"0","","","","","","","","","","","","","","","","","",""
"0","","","","","","","","","","","","","","","","","",""
"0","","","","","","","","","","","","","","","","","",""
"0","","","","","","","","","","","","","","","","","",""
"0","","","","","","","","","","","","","","","","","",""
"0","","","","","","","","","","","","","","","","","",""
"0","","","","","","","","","","","","","","","","","",""
"0","","","","","","","","","","","","","","","","","",""
"0","","","","","","","","","","","","","","","","","",""
"0","","","","","","","","","","","","","","","","","",""
"0","","","","","","","","","","","","","","","","","",""
"0","","","","","","","","","","","","","","","","","",""
"0","","","","","","","","","","","","","","","","","",""
"0","","","","","","","","","","","","","","","","","",""
"0","","","","","","","","","","","","","","","","","",""
"0","","","","","","","","","","","","","","","","","",""
"0","","","","","","","","","","","","","","","","","",""
"0","","","","","","","","","","","","","","","","","",""
"0","","","","","","","","","","","","","","","","","",""
"0","","","","","","","","","","","","","","","","","",""
"0","","","","","","","","","","","","","","","","","",""
"0","","","","","","","","","","","","","","","","","",""
"0","","","","","","","","","","","","","","","","","",""
"0","","","","","","","","","","","","","","","","","",""
"0","","","","","","","","","","","","","","","","","",""
"0","","","","","","","","","","","","","","","","","",""
"0","","","","","","","","","","","","","","","","","",""
"0","","","","","","","","","","","","","","","","","",""
"0","","","","","","","","","","","","","","","","","",""
"0","","","","","","","","","","","","","","","","","",""
"0","","","","","","","","","","","","","","","","","",""
"0","","","","","","","","","","","","","","","","","",""
"0","","","","","","","","","","","","","","","","","",""
"0","","","","","","","","","","","","","","","","","",""
"0","","","","","","","","","","","","","","","","","",""
"0","","","","","","","","","","","","","","","","","",""
"0","","","","","","","","","","","","","","","","","",""
"0","","","","","","","","","","","","","","","","","",""
"0","","","","","","","","","","","","","","","","","",""
"0","","","","","","","","","","","","","","","","","",""
"0","","","","","","","","","","","","","","","","","",""
"0","","","","","","","","","","","","","","","","","",""
"0","","","","","","","","","","","","","","","","","",""
"0","","","","","","","","","","","","","","","","","",""
"0","","","","","","","","","","","","","","","","","",""
"0","","","","","","","","","","","","","","","","","",""
"0","","","","","","","","","","","","","","","","","",""
"0","","","","","","","","","","","","","","","","","",""
"0","","","","","","","","","","","","","","","","","",""
"0","","","","","","","","","","","","","","","","","",""
"0","","","","","","","","","","","","","","","","","",""
"0","","","","","","","","","","","","","","","","","",""
"0","","","","","","","","","","","","","","","","","",""
"0","","","","","","","","","","","","","","","","","",""
"0","","","","","","","","","","","","","","","","","",""
"0","","","","","","","","","","","","","","","","","",""
"0","","","","","","","","","","","","","","","","","",""
"0","","","","","","","","","","","","","","","","","",""
"0","","","","","","","","","","","","","","","","","",""
"0","","","","","","","","","","","","","","","","","",""
"0","","","","","","","","","","","","","","","","","",""
"0","","","","","","","","","","","","","","","","","",""
"0","","","","","","","","","","","","","","","","","",""
"0","","","","","","","","","","","","","","","","","",""
"0","","","","","","","","","","","","","","","","","",""
"0","","","","","","","","","","","","","","","","","",""
"0","","","","","","","","","","","","","","","","","",""
"0","","","","","","","","","","","","","","","","","",""
"0","","","","","","","","","","","","","","","","","",""
"0","","","","","","","","","","","","","","","","","",""
"0","","","","","","","","","","","","","","","","","",""
"0","","","","","","","","","","","","","","","","","",""
"0","","","","","","","","","","","","","","","","","",""
"0","","","","","","","","","","","","","","","","","",""
"0","","","","","","","","","","","","","","","","","",""
"0","","","","","","","","","","","","","","","","","",""
"0","","","","","","","","","","","","","","","","","",""
"0","","","","","","","","","","","","","","","","","",""
"0","","","","","","","","","","","","","","","","","",""
"0","","","","","","","","","","","","","","","","","",""
"0","","","","","","","","","","","","","","","","","",""
"0","","","","","","","","","","","","","","","","","",""
"0","","","","","","","","","","","","","","","","","",""
"0","","","","","","","","","","","","","","","","","",""
"0","","","","","","","","","","","","","","","","","",""
"0","","","","","","","","","","","","","","","","","",""
"0","","","","","","","","","","","","","","","","","",""
"0","","","","","","","","","","","","","","","","","",""
"0","","","","","","","","","","","","","","","","","",""
"0","","","","","","","","","","","","","","","","","",""
"0","","","","","","","","","","","","","","","","","",""
"0","","","","","","","","","","","","","","","","","",""
"0","","","","","","","","","","","","","","","","","",""
"0","","","","","","","","","","","","","","","","","",""
"0","","","","","","","","","","","","","","","","","",""
"0","","","","","","","","","","","","","","","","","",""
"0","","","","","","","","","","","","","","","","","",""
"0","","","","","","","","","","","","","","","","","",""
"0","","","","","","","","","","","","","","","","","",""
"0","","","","","","","","","","","","","","","","","",""
"0","","","","","","","","","","","","","","","","","",""
"0","","","","","","","","","","","","","","","","","",""
"0","","","","","","","","","","","","","","","","","",""
"0","","","","","","","","","","","","","","","","","",""
"0","","","","","","","","","","","","","","","","","",""
"0","","","","","","","","","","","","","","","","","",""
"0","","","","","","","","","","","","","","","","","",""
"0","","","","","","","","","","","","","","","","","",""
"0","","","","","","","","","","","","","","","","","",""
"0","","","","","","","","","","","","","","","","","",""
"0","","","","","","","","","","","","","","","","","",""
"0","","","","","","","","","","","","","","","","","",""
"0","","","","","","","","","","","","","","","","","",""
"0","","","","","","","","","","","","","","","","","",""
"0","","","","","","","","","","","","","","","","","",""
"0","","","","","","","","","","","","","","","","","",""
"0","","","","","","","","","","","","","","","","","",""
"0","","","","","","","","","","","","","","","","","",""
"0","","","","","","","","","","","","","","","","","",""
"0","","","","","","","","","","","","","","","","","",""
"0","","","","","","","","","","","","","","","","","",""
"0","","","","","","","","","","","","","","","","","",""
"0","","","","","","","","","","","","","","","","","",""
"0","","","","","","","","","","","","","","","","","",""
"0","","","","","","","","","","","","","","","","","",""
"0","","","","","","","","","","","","","","","","","",""
"0","","","","","","","","","","","","","","","","","",""
"0","","","","","","","","","","","","","","","","","",""
"0","","","","","","","","","","","","","","","","","",""
"0","","","","","","","","","","","","","","","","","",""
"0","","","","","","","","","","","","","","","","","",""
"0","","","","","","","","","","","","","","","","","",""
"0","","","","","","","","","","","","","","","","","",""
"0","","","","","","","","","","","","","","","","","",""
"0","","","","","","","","","","","","","","","","","",""
"0","","","","","","","","","","","","","","","","","",""
"0","","","","","","","","","","","","","","","","","",""
"0","","","","","","","","","","","","","","","","","",""
"0","","","","","","","","","","","","","","","","","",""
"0","","","","","","","","","","","","","","","","","",""
"0","","","","","","","","","","","","","","","","","",""
"0","","","","","","","","","","","","","","","","","",""
"0","","","","","","","","","","","","","","","","","",""
"0","","","","","","","","","","","","","","","","","",""
"0","","","","","","","","","","","","","","","","","",""
"0","","","","","","","","","","","","","","","","","",""
"0","","","","","","","","","","","","","","","","","",""
"0","","","","","","","","","","","","","","","","","",""
"0","","","","","","","","","","","","","","","","","",""
"0","","","","","","","","","","","","","","","","","",""
"0","","","","","","","","","","","","","","","","","",""
"0","","","","","","","","","","","","","","","","","",""
"0","","","","","","","","","","","","","","","","","",""
"0","","","","","","","","","","","","","","","","","",""
"0","","","","","","","","","","","","","","","","","",""
"0","","","","","","","","","","","","","","","","","",""
"0","","","","","","","","","","","","","","","","","",""
"0","","","","","","","","","","","","","","","","","",""
"0","","","","","","","","","","","","","","","","","",""
"0","","","","","","","","","","","","","","","","","",""
"0","","","","","","","","","","","","","","","","","",""
"0","","","","","","","","","","","","","","","","","",""
"0","","","","","","","","","","","","","","","","","",""
"0","","","","","","","","","","","","","","","","","",""
"0","","","","","","","","","","","","","","","","","",""
"0","","","","","","","","","","","","","","","","","",""
"0","","","","","","","","","","","","","","","","","",""
"0","","","","","","","","","","","","","","","","","",""
"0","","","","","","","","","","","","","","","","","",""
"0","","","","","","","","","","","","","","","","","",""
"0","","","","","","","","","","","","","","","","","",""
"0","","","","","","","","","","","","","","","","","",""
"0","","","","","","","","","","","","","","","","","",""
"0","","","","","","","","","","","","","","","","","",""
"0","","","","","","","","","","","","","","","","","",""
"0","","","","","","","","","","","","","","","","","",""
"0","","","","","","","","","","","","","","","","","",""
"0","","","","","","","","","","","","","","","","","",""
"0","","","","","","","","","","","","","","","","","",""
"0","","","","","","","","","","","","","","","","","",""
"0","","","","","","","","","","","","","","","","","",""
"0","","","","","","","","","","","","","","","","","",""
"0","","","","","","","","","","","","","","","","","",""
"0","","","","","","","","","","","","","","","","","",""
"0","","","","","","","","","","","","","","","","","",""
"0","","","","","","","","","","","","","","","","","",""
"0","","","","","","","","","","","","","","","","","",""
"0","","","","","","","","","","","","","","","","","",""
"0","","","","","","","","","","","","","","","","","",""
"0","","","","","","","","","","","","","","","","","",""
"0","","","","","","","","","","","","","","","","","",""
"0","","","","","","","","","","","","","","","","","",""
"0","","","","","","","","","","","","","","","","","",""
"0","","","","","","","","","","","","","","","","","",""
"0","","","","","","","","","","","","","","","","","",""
"0","","","","","","","","","","","","","","","","","",""
"0","","","","","","","","","","","","","","","","","",""
"0","","","","","","","","","","","","","","","","","",""
"0","","","","","","","","","","","","","","","","","",""
"0","","","","","","","","","","","","","","","","","",""
"0","","","","","","","","","","","","","","","","","",""
"0","","","","","","","","","","","","","","","","","",""
"0","","","","","","","","","","","","","","","","","",""
"0","","","","","","","","","","","","","","","","","",""
"0","","","","","","","","","","","","","","","","","",""
"0","","","","","","","","","","","","","","","","","",""
"0","","","","","","","","","","","","","","","","","",""
"0","","","","","","","","","","","","","","","","","",""
"0","","","","","","","","","","","","","","","","","",""
"0","","","","","","","","","","","","","","","","","",""
"0","","","","","","","","","","","","","","","","","",""
"0","","","","","","","","","","","","","","","","","",""
"0","","","","","","","","","","","","","","","","","",""
"0","","","","","","","","","","","","","","","","","",""
"0","","","","","","","","","","","","","","","","","",""
"0","","","","","","","","","","","","","","","","","",""
"0","","","","","","","","","","","","","","","","","",""
"0","","","","","","","","","","","","","","","","","",""
"0","","","","","","","","","","","","","","","","","",""
"0","","","","","","","","","","","","","","","","","",""
"0","","","","","","","","","","","","","","","","","",""
"0","","","","","","","","","","","","","","","","","",""
"0","","","","","","","","","","","","","","","","","",""
"0","","","","","","","","","","","","","","","","","",""
"0","","","","","","","","","","","","","","","","","",""
"0","","","","","","","","","","","","","","","","","",""
"0","","","","","","","","","","","","","","","","","",""
"0","","","","","","","","","","","","","","","","","",""
"0","","","","","","","","","","","","","","","","","",""
"0","","","","","","","","","","","","","","","","","",""
"0","","","","","","","","","","","","","","","","","",""
"0","","","","","","","","","","","","","","","","","",""
"0","","","","","","","","","","","","","","","","","",""
"0","","","","","","","","","","","","","","","","","",""
"0","","","","","","","","","","","","","","","","","",""
"0","","","","","","","","","","","","","","","","","",""
"0","","","","","","","","","","","","","","","","","",""
"0","","","","","","","","","","","","","","","","","",""
"0","","","","","","","","","","","","","","","","","",""
"0","","","","","","","","","","","","","","","","","",""
"0","","","","","","","","","","","","","","","","","",""
"0","","","","","","","","","","","","","","","","","",""
"0","","","","","","","","","","","","","","","","","",""
"0","","","","","","","","","","","","","","","","","",""
"0","","","","","","","","","","","","","","","","","",""
"0","","","","","","","","","","","","","","","","","",""
"0","","","","","","","","","","","","","","","","","",""
"0","","","","","","","","","","","","","","","","","",""
"0","","","","","","","","","","","","","","","","","",""
"0","","","","","","","","","","","","","","","","","",""
"0","","","","","","","","","","","","","","","","","",""
"0","","","","","","","","","","","","","","","","","",""
"0","","","","","","","","","","","","","","","","","",""
"0","","","","","","","","","","","","","","","","","",""
"0","","","","","","","","","","","","","","","","","",""
"0","","","","","","","","","","","","","","","","","",""
"0","","","","","","","","","","","","","","","","","",""
"0","","","","","","","","","","","","","","","","","",""
"0","","","","","","","","","","","","","","","","","",""
"0","","","","","","","","","","","","","","","","","",""
"0","","","","","","","","","","","","","","","","","",""
"0","","","","","","","","","","","","","","","","","",""
"0","","","","","","","","","","","","","","","","","",""
"0","","","","","","","","","","","","","","","","","",""
"0","","","","","","","","","","","","","","","","","",""
"0","","","","","","","","","","","","","","","","","",""
"0","","","","","","","","","","","","","","","","","",""
"0","","","","","","","","","","","","","","","","","",""
"0","","","","","","","","","","","","","","","","","",""
"0","","","","","","","","","","","","","","","","","",""
"0","","","","","","","","","","","","","","","","","",""
"0","","","","","","","","","","","","","","","","","",""
"0","","","","","","","","","","","","","","","","","",""
"0","","","","","","","","","","","","","","","","","",""
"0","","","","","","","","","","","","","","","","","",""
"0","","","","","","","","","","","","","","","","","",""
"0","","","","","","","","","","","","","","","","","",""
"0","","","","","","","","","","","","","","","","","",""
"0","","","","","","","","","","","","","","","","","",""
"0","","","","","","","","","","","","","","","","","",""
"0","","","","","","","","","","","","","","","","","",""
"0","","","","","","","","","","","","","","","","","",""
"0","","","","","","","","","","","","","","","","","",""
"0","","","","","","","","","","","","","","","","","",""
"0","","","","","","","","","","","","","","","","","",""
"0","","","","","","","","","","","","","","","","","",""
"0","","","","","","","","","","","","","","","","","",""
"0","","","","","","","","","","","","","","","","","",""
"0","","","","","","","","","","","","","","","","","",""
"0","","","","","","","","","","","","","","","","","",""
"0","","","","","","","","","","","","","","","","","",""
"0","","","","","","","","","","","","","","","","","",""
"0","","","","","","","","","","","","","","","","","",""
"0","","","","","","","","","","","","","","","","","",""
"0","","","","","","","","","","","","","","","","","",""
"0","","","","","","","","","","","","","","","","","",""
"0","","","","","","","","","","","","","","","","","",""
"0","","","","","","","","","","","","","","","","","",""
"0","","","","","","","","","","","","","","","","","",""
"0","","","","","","","","","","","","","","","","","",""
"0","","","","","","","","","","","","","","","","","",""
"0","","","","","","","","","","","","","","","","","",""
"0","","","","","","","","","","","","","","","","","",""
"0","","","","","","","","","","","","","","","","","",""
"0","","","","","","","","","","","","","","","","","",""
"0","","","","","","","","","","","","","","","","","",""
"0","","","","","","","","","","","","","","","","","",""
"0","","","","","","","","","","","","","","","","","",""
"0","","","","","","","","","","","","","","","","","",""
"0","","","","","","","","","","","","","","","","","",""
"0","","","","","","","","","","","","","","","","","",""
"0","","","","","","","","","","","","","","","","","",""
"0","","","","","","","","","","","","","","","","","",""
"0","","","","","","","","","","","","","","","","","",""
"0","","","","","","","","","","","","","","","","","",""
"0","","","","","","","","","","","","","","","","","",""
"0","","","","","","","","","","","","","","","","","",""
"0","","","","","","","","","","","","","","","","","",""
"0","","","","","","","","","","","","","","","","","",""
"0","","","","","","","","","","","","","","","","","",""
"0","","","","","","","","","","","","","","","","","",""
"0","","","","","","","","","","","","","","","","","",""
"0","","","","","","","","","","","","","","","","","",""
"0","","","","","","","","","","","","","","","","","",""
"0","","","","","","","","","","","","","","","","","",""
"0","","","","","","","","","","","","","","","","","",""
"0","","","","","","","","","","","","","","","","","",""
"0","","","","","","","","","","","","","","","","","",""
"0","","","","","","","","","","","","","","","","","",""
"0","","","","","","","","","","","","","","","","","",""
"0","","","","","","","","","","","","","","","","","",""
"0","","","","","","","","","","","","","","","","","",""
"0","","","","","","","","","","","","","","","","","",""
"0","","","","","","","","","","","","","","","","","",""
"0","","","","","","","","","","","","","","","","","",""
"0","","","","","","","","","","","","","","","","","",""
"0","","","","","","","","","","","","","","","","","",""
"0","","","","","","","","","","","","","","","","","",""
"0","","","","","","","","","","","","","","","","","",""
"0","","","","","","","","","","","","","","","","","",""
"0","","","","","","","","","","","","","","","","","",""
"0","","","","","","","","","","","","","","","","","",""
"0","","","","","","","","","","","","","","","","","",""
"0","","","","","","","","","","","","","","","","","",""
"0","","","","","","","","","","","","","","","","","",""
"0","","","","","","","","","","","","","","","","","",""
"0","","","","","","","","","","","","","","","","","",""
"0","","","","","","","","","","","","","","","","","",""
"0","","","","","","","","","","","","","","","","","",""
"0","","","","","","","","","","","","","","","","","",""
"0","","","","","","","","","","","","","","","","","",""
"0","","","","","","","","","","","","","","","","","",""
"0","","","","","","","","","","","","","","","","","",""
"0","","","","","","","","","","","","","","","","","",""
"0","","","","","","","","","","","","","","","","","",""
"0","","","","","","","","","","","","","","","","","",""
"0","","","","","","","","","","","","","","","","","",""
"0","","","","","","","","","","","","","","","","","",""
"0","","","","","","","","","","","","","","","","","",""
"0","","","","","","","","","","","","","","","","","",""
"0","","","","","","","","","","","","","","","","","",""
"0","","","","","","","","","","","","","","","","","",""
"0","","","","","","","","","","","","","","","","","",""
"0","","","","","","","","","","","","","","","","","",""
"0","","","","","","","","","","","","","","","","","",""
"0","","","","","","","","","","","","","","","","","",""
"0","","","","","","","","","","","","","","","","","",""
"0","","","","","","","","","","","","","","","","","",""